 AE summary table  program started
$tbl_hierarchical
# An ARD data frame: 3,063 × 15
     group1 group1_level         group2 group2_level                                                        variable                     variable_level                                                      context      stat_name stat_label      stat stat_fmt fmt_fun warning error  gts_column
     <chr>  <list>               <chr>  <list>                                                              <chr>                        <list>                                                              <chr>        <chr>     <chr>         <list> <list>   <list>  <list>  <list> <chr>     
   1 <NA>   <NULL>               <NA>   <NULL>                                                              TRT01A                       Placebo                                                             tabulate     n         n           86       86       0       <NULL>  <NULL> stat_1    
   2 <NA>   <NULL>               <NA>   <NULL>                                                              TRT01A                       Placebo                                                             tabulate     N         N          612       612      0       <NULL>  <NULL> stat_1    
   3 <NA>   <NULL>               <NA>   <NULL>                                                              TRT01A                       Placebo                                                             tabulate     p         %            0.141   14.1     <fn>    <NULL>  <NULL> stat_1    
   4 <NA>   <NULL>               <NA>   <NULL>                                                              TRT01A                       Screen Failure                                                      tabulate     n         n           52       52       0       <NULL>  <NULL> stat_2    
   5 <NA>   <NULL>               <NA>   <NULL>                                                              TRT01A                       Screen Failure                                                      tabulate     N         N          612       612      0       <NULL>  <NULL> stat_2    
   6 <NA>   <NULL>               <NA>   <NULL>                                                              TRT01A                       Screen Failure                                                      tabulate     p         %            0.0850  8.5      <fn>    <NULL>  <NULL> stat_2    
   7 <NA>   <NULL>               <NA>   <NULL>                                                              TRT01A                       Total                                                               tabulate     n         n          306       306      0       <NULL>  <NULL> stat_3    
   8 <NA>   <NULL>               <NA>   <NULL>                                                              TRT01A                       Total                                                               tabulate     N         N          612       612      0       <NULL>  <NULL> stat_3    
   9 <NA>   <NULL>               <NA>   <NULL>                                                              TRT01A                       Total                                                               tabulate     p         %            0.5     50.0     <fn>    <NULL>  <NULL> stat_3    
  10 <NA>   <NULL>               <NA>   <NULL>                                                              TRT01A                       Xanomeline High Dose                                                tabulate     n         n           72       72       0       <NULL>  <NULL> stat_4    
  11 <NA>   <NULL>               <NA>   <NULL>                                                              TRT01A                       Xanomeline High Dose                                                tabulate     N         N          612       612      0       <NULL>  <NULL> stat_4    
  12 <NA>   <NULL>               <NA>   <NULL>                                                              TRT01A                       Xanomeline High Dose                                                tabulate     p         %            0.118   11.8     <fn>    <NULL>  <NULL> stat_4    
  13 <NA>   <NULL>               <NA>   <NULL>                                                              TRT01A                       Xanomeline Low Dose                                                 tabulate     n         n           96       96       0       <NULL>  <NULL> stat_5    
  14 <NA>   <NULL>               <NA>   <NULL>                                                              TRT01A                       Xanomeline Low Dose                                                 tabulate     N         N          612       612      0       <NULL>  <NULL> stat_5    
  15 <NA>   <NULL>               <NA>   <NULL>                                                              TRT01A                       Xanomeline Low Dose                                                 tabulate     p         %            0.157   15.7     <fn>    <NULL>  <NULL> stat_5    
  16 TRT01A Placebo              <NA>   <NULL>                                                              ..ard_hierarchical_overall.. TRUE                                                                hierarchical n         n           65       65       <fn>    <NULL>  <NULL> stat_1    
  17 TRT01A Placebo              <NA>   <NULL>                                                              ..ard_hierarchical_overall.. TRUE                                                                hierarchical N         N           86       86       <fn>    <NULL>  <NULL> stat_1    
  18 TRT01A Placebo              <NA>   <NULL>                                                              ..ard_hierarchical_overall.. TRUE                                                                hierarchical p         %            0.756   76       <fn>    <NULL>  <NULL> stat_1    
  19 TRT01A Total                <NA>   <NULL>                                                              ..ard_hierarchical_overall.. TRUE                                                                hierarchical n         n          217       217      <fn>    <NULL>  <NULL> stat_2    
  20 TRT01A Total                <NA>   <NULL>                                                              ..ard_hierarchical_overall.. TRUE                                                                hierarchical N         N          306       306      <fn>    <NULL>  <NULL> stat_2    
  21 TRT01A Total                <NA>   <NULL>                                                              ..ard_hierarchical_overall.. TRUE                                                                hierarchical p         %            0.709   71       <fn>    <NULL>  <NULL> stat_2    
  22 TRT01A Xanomeline High Dose <NA>   <NULL>                                                              ..ard_hierarchical_overall.. TRUE                                                                hierarchical n         n           68       68       <fn>    <NULL>  <NULL> stat_3    
  23 TRT01A Xanomeline High Dose <NA>   <NULL>                                                              ..ard_hierarchical_overall.. TRUE                                                                hierarchical N         N           72       72       <fn>    <NULL>  <NULL> stat_3    
  24 TRT01A Xanomeline High Dose <NA>   <NULL>                                                              ..ard_hierarchical_overall.. TRUE                                                                hierarchical p         %            0.944   94       <fn>    <NULL>  <NULL> stat_3    
  25 TRT01A Xanomeline Low Dose  <NA>   <NULL>                                                              ..ard_hierarchical_overall.. TRUE                                                                hierarchical n         n           84       84       <fn>    <NULL>  <NULL> stat_4    
  26 TRT01A Xanomeline Low Dose  <NA>   <NULL>                                                              ..ard_hierarchical_overall.. TRUE                                                                hierarchical N         N           96       96       <fn>    <NULL>  <NULL> stat_4    
  27 TRT01A Xanomeline Low Dose  <NA>   <NULL>                                                              ..ard_hierarchical_overall.. TRUE                                                                hierarchical p         %            0.875   88       <fn>    <NULL>  <NULL> stat_4    
  28 TRT01A Placebo              <NA>   <NULL>                                                              AESOC                        CARDIAC DISORDERS                                                   hierarchical n         n           12       12       <fn>    <NULL>  <NULL> stat_1    
  29 TRT01A Placebo              <NA>   <NULL>                                                              AESOC                        CARDIAC DISORDERS                                                   hierarchical N         N           86       86       <fn>    <NULL>  <NULL> stat_1    
  30 TRT01A Placebo              <NA>   <NULL>                                                              AESOC                        CARDIAC DISORDERS                                                   hierarchical p         %            0.140   14       <fn>    <NULL>  <NULL> stat_1    
  31 TRT01A Total                <NA>   <NULL>                                                              AESOC                        CARDIAC DISORDERS                                                   hierarchical n         n           40       40       <fn>    <NULL>  <NULL> stat_2    
  32 TRT01A Total                <NA>   <NULL>                                                              AESOC                        CARDIAC DISORDERS                                                   hierarchical N         N          306       306      <fn>    <NULL>  <NULL> stat_2    
  33 TRT01A Total                <NA>   <NULL>                                                              AESOC                        CARDIAC DISORDERS                                                   hierarchical p         %            0.131   13       <fn>    <NULL>  <NULL> stat_2    
  34 TRT01A Xanomeline High Dose <NA>   <NULL>                                                              AESOC                        CARDIAC DISORDERS                                                   hierarchical n         n           14       14       <fn>    <NULL>  <NULL> stat_3    
  35 TRT01A Xanomeline High Dose <NA>   <NULL>                                                              AESOC                        CARDIAC DISORDERS                                                   hierarchical N         N           72       72       <fn>    <NULL>  <NULL> stat_3    
  36 TRT01A Xanomeline High Dose <NA>   <NULL>                                                              AESOC                        CARDIAC DISORDERS                                                   hierarchical p         %            0.194   19       <fn>    <NULL>  <NULL> stat_3    
  37 TRT01A Xanomeline Low Dose  <NA>   <NULL>                                                              AESOC                        CARDIAC DISORDERS                                                   hierarchical n         n           14       14       <fn>    <NULL>  <NULL> stat_4    
  38 TRT01A Xanomeline Low Dose  <NA>   <NULL>                                                              AESOC                        CARDIAC DISORDERS                                                   hierarchical N         N           96       96       <fn>    <NULL>  <NULL> stat_4    
  39 TRT01A Xanomeline Low Dose  <NA>   <NULL>                                                              AESOC                        CARDIAC DISORDERS                                                   hierarchical p         %            0.146   15       <fn>    <NULL>  <NULL> stat_4    
  40 TRT01A Placebo              AESOC  CARDIAC DISORDERS                                                   AEDECOD                      ATRIAL FIBRILLATION                                                 hierarchical n         n            1       1        <fn>    <NULL>  <NULL> stat_1    
  41 TRT01A Placebo              AESOC  CARDIAC DISORDERS                                                   AEDECOD                      ATRIAL FIBRILLATION                                                 hierarchical N         N           86       86       <fn>    <NULL>  <NULL> stat_1    
  42 TRT01A Placebo              AESOC  CARDIAC DISORDERS                                                   AEDECOD                      ATRIAL FIBRILLATION                                                 hierarchical p         %            0.0116  1.2      <fn>    <NULL>  <NULL> stat_1    
  43 TRT01A Total                AESOC  CARDIAC DISORDERS                                                   AEDECOD                      ATRIAL FIBRILLATION                                                 hierarchical n         n            5       5        <fn>    <NULL>  <NULL> stat_2    
  44 TRT01A Total                AESOC  CARDIAC DISORDERS                                                   AEDECOD                      ATRIAL FIBRILLATION                                                 hierarchical N         N          306       306      <fn>    <NULL>  <NULL> stat_2    
  45 TRT01A Total                AESOC  CARDIAC DISORDERS                                                   AEDECOD                      ATRIAL FIBRILLATION                                                 hierarchical p         %            0.0163  1.6      <fn>    <NULL>  <NULL> stat_2    
  46 TRT01A Xanomeline High Dose AESOC  CARDIAC DISORDERS                                                   AEDECOD                      ATRIAL FIBRILLATION                                                 hierarchical n         n            2       2        <fn>    <NULL>  <NULL> stat_3    
  47 TRT01A Xanomeline High Dose AESOC  CARDIAC DISORDERS                                                   AEDECOD                      ATRIAL FIBRILLATION                                                 hierarchical N         N           72       72       <fn>    <NULL>  <NULL> stat_3    
  48 TRT01A Xanomeline High Dose AESOC  CARDIAC DISORDERS                                                   AEDECOD                      ATRIAL FIBRILLATION                                                 hierarchical p         %            0.0278  2.8      <fn>    <NULL>  <NULL> stat_3    
  49 TRT01A Xanomeline Low Dose  AESOC  CARDIAC DISORDERS                                                   AEDECOD                      ATRIAL FIBRILLATION                                                 hierarchical n         n            2       2        <fn>    <NULL>  <NULL> stat_4    
  50 TRT01A Xanomeline Low Dose  AESOC  CARDIAC DISORDERS                                                   AEDECOD                      ATRIAL FIBRILLATION                                                 hierarchical N         N           96       96       <fn>    <NULL>  <NULL> stat_4    
  51 TRT01A Xanomeline Low Dose  AESOC  CARDIAC DISORDERS                                                   AEDECOD                      ATRIAL FIBRILLATION                                                 hierarchical p         %            0.0208  2.1      <fn>    <NULL>  <NULL> stat_4    
  52 TRT01A Placebo              AESOC  CARDIAC DISORDERS                                                   AEDECOD                      ATRIAL FLUTTER                                                      hierarchical n         n            0       0        <fn>    <NULL>  <NULL> stat_1    
  53 TRT01A Placebo              AESOC  CARDIAC DISORDERS                                                   AEDECOD                      ATRIAL FLUTTER                                                      hierarchical N         N           86       86       <fn>    <NULL>  <NULL> stat_1    
  54 TRT01A Placebo              AESOC  CARDIAC DISORDERS                                                   AEDECOD                      ATRIAL FLUTTER                                                      hierarchical p         %            0       0        <fn>    <NULL>  <NULL> stat_1    
  55 TRT01A Total                AESOC  CARDIAC DISORDERS                                                   AEDECOD                      ATRIAL FLUTTER                                                      hierarchical n         n            2       2        <fn>    <NULL>  <NULL> stat_2    
  56 TRT01A Total                AESOC  CARDIAC DISORDERS                                                   AEDECOD                      ATRIAL FLUTTER                                                      hierarchical N         N          306       306      <fn>    <NULL>  <NULL> stat_2    
  57 TRT01A Total                AESOC  CARDIAC DISORDERS                                                   AEDECOD                      ATRIAL FLUTTER                                                      hierarchical p         %            0.00654 0.7      <fn>    <NULL>  <NULL> stat_2    
  58 TRT01A Xanomeline High Dose AESOC  CARDIAC DISORDERS                                                   AEDECOD                      ATRIAL FLUTTER                                                      hierarchical n         n            1       1        <fn>    <NULL>  <NULL> stat_3    
  59 TRT01A Xanomeline High Dose AESOC  CARDIAC DISORDERS                                                   AEDECOD                      ATRIAL FLUTTER                                                      hierarchical N         N           72       72       <fn>    <NULL>  <NULL> stat_3    
  60 TRT01A Xanomeline High Dose AESOC  CARDIAC DISORDERS                                                   AEDECOD                      ATRIAL FLUTTER                                                      hierarchical p         %            0.0139  1.4      <fn>    <NULL>  <NULL> stat_3    
  61 TRT01A Xanomeline Low Dose  AESOC  CARDIAC DISORDERS                                                   AEDECOD                      ATRIAL FLUTTER                                                      hierarchical n         n            1       1        <fn>    <NULL>  <NULL> stat_4    
  62 TRT01A Xanomeline Low Dose  AESOC  CARDIAC DISORDERS                                                   AEDECOD                      ATRIAL FLUTTER                                                      hierarchical N         N           96       96       <fn>    <NULL>  <NULL> stat_4    
  63 TRT01A Xanomeline Low Dose  AESOC  CARDIAC DISORDERS                                                   AEDECOD                      ATRIAL FLUTTER                                                      hierarchical p         %            0.0104  1.0      <fn>    <NULL>  <NULL> stat_4    
  64 TRT01A Placebo              AESOC  CARDIAC DISORDERS                                                   AEDECOD                      ATRIAL HYPERTROPHY                                                  hierarchical n         n            1       1        <fn>    <NULL>  <NULL> stat_1    
  65 TRT01A Placebo              AESOC  CARDIAC DISORDERS                                                   AEDECOD                      ATRIAL HYPERTROPHY                                                  hierarchical N         N           86       86       <fn>    <NULL>  <NULL> stat_1    
  66 TRT01A Placebo              AESOC  CARDIAC DISORDERS                                                   AEDECOD                      ATRIAL HYPERTROPHY                                                  hierarchical p         %            0.0116  1.2      <fn>    <NULL>  <NULL> stat_1    
  67 TRT01A Total                AESOC  CARDIAC DISORDERS                                                   AEDECOD                      ATRIAL HYPERTROPHY                                                  hierarchical n         n            1       1        <fn>    <NULL>  <NULL> stat_2    
  68 TRT01A Total                AESOC  CARDIAC DISORDERS                                                   AEDECOD                      ATRIAL HYPERTROPHY                                                  hierarchical N         N          306       306      <fn>    <NULL>  <NULL> stat_2    
  69 TRT01A Total                AESOC  CARDIAC DISORDERS                                                   AEDECOD                      ATRIAL HYPERTROPHY                                                  hierarchical p         %            0.00327 0.3      <fn>    <NULL>  <NULL> stat_2    
  70 TRT01A Xanomeline High Dose AESOC  CARDIAC DISORDERS                                                   AEDECOD                      ATRIAL HYPERTROPHY                                                  hierarchical n         n            0       0        <fn>    <NULL>  <NULL> stat_3    
  71 TRT01A Xanomeline High Dose AESOC  CARDIAC DISORDERS                                                   AEDECOD                      ATRIAL HYPERTROPHY                                                  hierarchical N         N           72       72       <fn>    <NULL>  <NULL> stat_3    
  72 TRT01A Xanomeline High Dose AESOC  CARDIAC DISORDERS                                                   AEDECOD                      ATRIAL HYPERTROPHY                                                  hierarchical p         %            0       0        <fn>    <NULL>  <NULL> stat_3    
  73 TRT01A Xanomeline Low Dose  AESOC  CARDIAC DISORDERS                                                   AEDECOD                      ATRIAL HYPERTROPHY                                                  hierarchical n         n            0       0        <fn>    <NULL>  <NULL> stat_4    
  74 TRT01A Xanomeline Low Dose  AESOC  CARDIAC DISORDERS                                                   AEDECOD                      ATRIAL HYPERTROPHY                                                  hierarchical N         N           96       96       <fn>    <NULL>  <NULL> stat_4    
  75 TRT01A Xanomeline Low Dose  AESOC  CARDIAC DISORDERS                                                   AEDECOD                      ATRIAL HYPERTROPHY                                                  hierarchical p         %            0       0        <fn>    <NULL>  <NULL> stat_4    
  76 TRT01A Placebo              AESOC  CARDIAC DISORDERS                                                   AEDECOD                      ATRIOVENTRICULAR BLOCK FIRST DEGREE                                 hierarchical n         n            1       1        <fn>    <NULL>  <NULL> stat_1    
  77 TRT01A Placebo              AESOC  CARDIAC DISORDERS                                                   AEDECOD                      ATRIOVENTRICULAR BLOCK FIRST DEGREE                                 hierarchical N         N           86       86       <fn>    <NULL>  <NULL> stat_1    
  78 TRT01A Placebo              AESOC  CARDIAC DISORDERS                                                   AEDECOD                      ATRIOVENTRICULAR BLOCK FIRST DEGREE                                 hierarchical p         %            0.0116  1.2      <fn>    <NULL>  <NULL> stat_1    
  79 TRT01A Total                AESOC  CARDIAC DISORDERS                                                   AEDECOD                      ATRIOVENTRICULAR BLOCK FIRST DEGREE                                 hierarchical n         n            2       2        <fn>    <NULL>  <NULL> stat_2    
  80 TRT01A Total                AESOC  CARDIAC DISORDERS                                                   AEDECOD                      ATRIOVENTRICULAR BLOCK FIRST DEGREE                                 hierarchical N         N          306       306      <fn>    <NULL>  <NULL> stat_2    
  81 TRT01A Total                AESOC  CARDIAC DISORDERS                                                   AEDECOD                      ATRIOVENTRICULAR BLOCK FIRST DEGREE                                 hierarchical p         %            0.00654 0.7      <fn>    <NULL>  <NULL> stat_2    
  82 TRT01A Xanomeline High Dose AESOC  CARDIAC DISORDERS                                                   AEDECOD                      ATRIOVENTRICULAR BLOCK FIRST DEGREE                                 hierarchical n         n            0       0        <fn>    <NULL>  <NULL> stat_3    
  83 TRT01A Xanomeline High Dose AESOC  CARDIAC DISORDERS                                                   AEDECOD                      ATRIOVENTRICULAR BLOCK FIRST DEGREE                                 hierarchical N         N           72       72       <fn>    <NULL>  <NULL> stat_3    
  84 TRT01A Xanomeline High Dose AESOC  CARDIAC DISORDERS                                                   AEDECOD                      ATRIOVENTRICULAR BLOCK FIRST DEGREE                                 hierarchical p         %            0       0        <fn>    <NULL>  <NULL> stat_3    
  85 TRT01A Xanomeline Low Dose  AESOC  CARDIAC DISORDERS                                                   AEDECOD                      ATRIOVENTRICULAR BLOCK FIRST DEGREE                                 hierarchical n         n            1       1        <fn>    <NULL>  <NULL> stat_4    
  86 TRT01A Xanomeline Low Dose  AESOC  CARDIAC DISORDERS                                                   AEDECOD                      ATRIOVENTRICULAR BLOCK FIRST DEGREE                                 hierarchical N         N           96       96       <fn>    <NULL>  <NULL> stat_4    
  87 TRT01A Xanomeline Low Dose  AESOC  CARDIAC DISORDERS                                                   AEDECOD                      ATRIOVENTRICULAR BLOCK FIRST DEGREE                                 hierarchical p         %            0.0104  1.0      <fn>    <NULL>  <NULL> stat_4    
  88 TRT01A Placebo              AESOC  CARDIAC DISORDERS                                                   AEDECOD                      ATRIOVENTRICULAR BLOCK SECOND DEGREE                                hierarchical n         n            1       1        <fn>    <NULL>  <NULL> stat_1    
  89 TRT01A Placebo              AESOC  CARDIAC DISORDERS                                                   AEDECOD                      ATRIOVENTRICULAR BLOCK SECOND DEGREE                                hierarchical N         N           86       86       <fn>    <NULL>  <NULL> stat_1    
  90 TRT01A Placebo              AESOC  CARDIAC DISORDERS                                                   AEDECOD                      ATRIOVENTRICULAR BLOCK SECOND DEGREE                                hierarchical p         %            0.0116  1.2      <fn>    <NULL>  <NULL> stat_1    
  91 TRT01A Total                AESOC  CARDIAC DISORDERS                                                   AEDECOD                      ATRIOVENTRICULAR BLOCK SECOND DEGREE                                hierarchical n         n            1       1        <fn>    <NULL>  <NULL> stat_2    
  92 TRT01A Total                AESOC  CARDIAC DISORDERS                                                   AEDECOD                      ATRIOVENTRICULAR BLOCK SECOND DEGREE                                hierarchical N         N          306       306      <fn>    <NULL>  <NULL> stat_2    
  93 TRT01A Total                AESOC  CARDIAC DISORDERS                                                   AEDECOD                      ATRIOVENTRICULAR BLOCK SECOND DEGREE                                hierarchical p         %            0.00327 0.3      <fn>    <NULL>  <NULL> stat_2    
  94 TRT01A Xanomeline High Dose AESOC  CARDIAC DISORDERS                                                   AEDECOD                      ATRIOVENTRICULAR BLOCK SECOND DEGREE                                hierarchical n         n            0       0        <fn>    <NULL>  <NULL> stat_3    
  95 TRT01A Xanomeline High Dose AESOC  CARDIAC DISORDERS                                                   AEDECOD                      ATRIOVENTRICULAR BLOCK SECOND DEGREE                                hierarchical N         N           72       72       <fn>    <NULL>  <NULL> stat_3    
  96 TRT01A Xanomeline High Dose AESOC  CARDIAC DISORDERS                                                   AEDECOD                      ATRIOVENTRICULAR BLOCK SECOND DEGREE                                hierarchical p         %            0       0        <fn>    <NULL>  <NULL> stat_3    
  97 TRT01A Xanomeline Low Dose  AESOC  CARDIAC DISORDERS                                                   AEDECOD                      ATRIOVENTRICULAR BLOCK SECOND DEGREE                                hierarchical n         n            0       0        <fn>    <NULL>  <NULL> stat_4    
  98 TRT01A Xanomeline Low Dose  AESOC  CARDIAC DISORDERS                                                   AEDECOD                      ATRIOVENTRICULAR BLOCK SECOND DEGREE                                hierarchical N         N           96       96       <fn>    <NULL>  <NULL> stat_4    
  99 TRT01A Xanomeline Low Dose  AESOC  CARDIAC DISORDERS                                                   AEDECOD                      ATRIOVENTRICULAR BLOCK SECOND DEGREE                                hierarchical p         %            0       0        <fn>    <NULL>  <NULL> stat_4    
 100 TRT01A Placebo              AESOC  CARDIAC DISORDERS                                                   AEDECOD                      BRADYCARDIA                                                         hierarchical n         n            1       1        <fn>    <NULL>  <NULL> stat_1    
 101 TRT01A Placebo              AESOC  CARDIAC DISORDERS                                                   AEDECOD                      BRADYCARDIA                                                         hierarchical N         N           86       86       <fn>    <NULL>  <NULL> stat_1    
 102 TRT01A Placebo              AESOC  CARDIAC DISORDERS                                                   AEDECOD                      BRADYCARDIA                                                         hierarchical p         %            0.0116  1.2      <fn>    <NULL>  <NULL> stat_1    
 103 TRT01A Total                AESOC  CARDIAC DISORDERS                                                   AEDECOD                      BRADYCARDIA                                                         hierarchical n         n            1       1        <fn>    <NULL>  <NULL> stat_2    
 104 TRT01A Total                AESOC  CARDIAC DISORDERS                                                   AEDECOD                      BRADYCARDIA                                                         hierarchical N         N          306       306      <fn>    <NULL>  <NULL> stat_2    
 105 TRT01A Total                AESOC  CARDIAC DISORDERS                                                   AEDECOD                      BRADYCARDIA                                                         hierarchical p         %            0.00327 0.3      <fn>    <NULL>  <NULL> stat_2    
 106 TRT01A Xanomeline High Dose AESOC  CARDIAC DISORDERS                                                   AEDECOD                      BRADYCARDIA                                                         hierarchical n         n            0       0        <fn>    <NULL>  <NULL> stat_3    
 107 TRT01A Xanomeline High Dose AESOC  CARDIAC DISORDERS                                                   AEDECOD                      BRADYCARDIA                                                         hierarchical N         N           72       72       <fn>    <NULL>  <NULL> stat_3    
 108 TRT01A Xanomeline High Dose AESOC  CARDIAC DISORDERS                                                   AEDECOD                      BRADYCARDIA                                                         hierarchical p         %            0       0        <fn>    <NULL>  <NULL> stat_3    
 109 TRT01A Xanomeline Low Dose  AESOC  CARDIAC DISORDERS                                                   AEDECOD                      BRADYCARDIA                                                         hierarchical n         n            0       0        <fn>    <NULL>  <NULL> stat_4    
 110 TRT01A Xanomeline Low Dose  AESOC  CARDIAC DISORDERS                                                   AEDECOD                      BRADYCARDIA                                                         hierarchical N         N           96       96       <fn>    <NULL>  <NULL> stat_4    
 111 TRT01A Xanomeline Low Dose  AESOC  CARDIAC DISORDERS                                                   AEDECOD                      BRADYCARDIA                                                         hierarchical p         %            0       0        <fn>    <NULL>  <NULL> stat_4    
 112 TRT01A Placebo              AESOC  CARDIAC DISORDERS                                                   AEDECOD                      BUNDLE BRANCH BLOCK LEFT                                            hierarchical n         n            1       1        <fn>    <NULL>  <NULL> stat_1    
 113 TRT01A Placebo              AESOC  CARDIAC DISORDERS                                                   AEDECOD                      BUNDLE BRANCH BLOCK LEFT                                            hierarchical N         N           86       86       <fn>    <NULL>  <NULL> stat_1    
 114 TRT01A Placebo              AESOC  CARDIAC DISORDERS                                                   AEDECOD                      BUNDLE BRANCH BLOCK LEFT                                            hierarchical p         %            0.0116  1.2      <fn>    <NULL>  <NULL> stat_1    
 115 TRT01A Total                AESOC  CARDIAC DISORDERS                                                   AEDECOD                      BUNDLE BRANCH BLOCK LEFT                                            hierarchical n         n            1       1        <fn>    <NULL>  <NULL> stat_2    
 116 TRT01A Total                AESOC  CARDIAC DISORDERS                                                   AEDECOD                      BUNDLE BRANCH BLOCK LEFT                                            hierarchical N         N          306       306      <fn>    <NULL>  <NULL> stat_2    
 117 TRT01A Total                AESOC  CARDIAC DISORDERS                                                   AEDECOD                      BUNDLE BRANCH BLOCK LEFT                                            hierarchical p         %            0.00327 0.3      <fn>    <NULL>  <NULL> stat_2    
 118 TRT01A Xanomeline High Dose AESOC  CARDIAC DISORDERS                                                   AEDECOD                      BUNDLE BRANCH BLOCK LEFT                                            hierarchical n         n            0       0        <fn>    <NULL>  <NULL> stat_3    
 119 TRT01A Xanomeline High Dose AESOC  CARDIAC DISORDERS                                                   AEDECOD                      BUNDLE BRANCH BLOCK LEFT                                            hierarchical N         N           72       72       <fn>    <NULL>  <NULL> stat_3    
 120 TRT01A Xanomeline High Dose AESOC  CARDIAC DISORDERS                                                   AEDECOD                      BUNDLE BRANCH BLOCK LEFT                                            hierarchical p         %            0       0        <fn>    <NULL>  <NULL> stat_3    
 121 TRT01A Xanomeline Low Dose  AESOC  CARDIAC DISORDERS                                                   AEDECOD                      BUNDLE BRANCH BLOCK LEFT                                            hierarchical n         n            0       0        <fn>    <NULL>  <NULL> stat_4    
 122 TRT01A Xanomeline Low Dose  AESOC  CARDIAC DISORDERS                                                   AEDECOD                      BUNDLE BRANCH BLOCK LEFT                                            hierarchical N         N           96       96       <fn>    <NULL>  <NULL> stat_4    
 123 TRT01A Xanomeline Low Dose  AESOC  CARDIAC DISORDERS                                                   AEDECOD                      BUNDLE BRANCH BLOCK LEFT                                            hierarchical p         %            0       0        <fn>    <NULL>  <NULL> stat_4    
 124 TRT01A Placebo              AESOC  CARDIAC DISORDERS                                                   AEDECOD                      BUNDLE BRANCH BLOCK RIGHT                                           hierarchical n         n            1       1        <fn>    <NULL>  <NULL> stat_1    
 125 TRT01A Placebo              AESOC  CARDIAC DISORDERS                                                   AEDECOD                      BUNDLE BRANCH BLOCK RIGHT                                           hierarchical N         N           86       86       <fn>    <NULL>  <NULL> stat_1    
 126 TRT01A Placebo              AESOC  CARDIAC DISORDERS                                                   AEDECOD                      BUNDLE BRANCH BLOCK RIGHT                                           hierarchical p         %            0.0116  1.2      <fn>    <NULL>  <NULL> stat_1    
 127 TRT01A Total                AESOC  CARDIAC DISORDERS                                                   AEDECOD                      BUNDLE BRANCH BLOCK RIGHT                                           hierarchical n         n            2       2        <fn>    <NULL>  <NULL> stat_2    
 128 TRT01A Total                AESOC  CARDIAC DISORDERS                                                   AEDECOD                      BUNDLE BRANCH BLOCK RIGHT                                           hierarchical N         N          306       306      <fn>    <NULL>  <NULL> stat_2    
 129 TRT01A Total                AESOC  CARDIAC DISORDERS                                                   AEDECOD                      BUNDLE BRANCH BLOCK RIGHT                                           hierarchical p         %            0.00654 0.7      <fn>    <NULL>  <NULL> stat_2    
 130 TRT01A Xanomeline High Dose AESOC  CARDIAC DISORDERS                                                   AEDECOD                      BUNDLE BRANCH BLOCK RIGHT                                           hierarchical n         n            0       0        <fn>    <NULL>  <NULL> stat_3    
 131 TRT01A Xanomeline High Dose AESOC  CARDIAC DISORDERS                                                   AEDECOD                      BUNDLE BRANCH BLOCK RIGHT                                           hierarchical N         N           72       72       <fn>    <NULL>  <NULL> stat_3    
 132 TRT01A Xanomeline High Dose AESOC  CARDIAC DISORDERS                                                   AEDECOD                      BUNDLE BRANCH BLOCK RIGHT                                           hierarchical p         %            0       0        <fn>    <NULL>  <NULL> stat_3    
 133 TRT01A Xanomeline Low Dose  AESOC  CARDIAC DISORDERS                                                   AEDECOD                      BUNDLE BRANCH BLOCK RIGHT                                           hierarchical n         n            1       1        <fn>    <NULL>  <NULL> stat_4    
 134 TRT01A Xanomeline Low Dose  AESOC  CARDIAC DISORDERS                                                   AEDECOD                      BUNDLE BRANCH BLOCK RIGHT                                           hierarchical N         N           96       96       <fn>    <NULL>  <NULL> stat_4    
 135 TRT01A Xanomeline Low Dose  AESOC  CARDIAC DISORDERS                                                   AEDECOD                      BUNDLE BRANCH BLOCK RIGHT                                           hierarchical p         %            0.0104  1.0      <fn>    <NULL>  <NULL> stat_4    
 136 TRT01A Placebo              AESOC  CARDIAC DISORDERS                                                   AEDECOD                      CARDIAC DISORDER                                                    hierarchical n         n            0       0        <fn>    <NULL>  <NULL> stat_1    
 137 TRT01A Placebo              AESOC  CARDIAC DISORDERS                                                   AEDECOD                      CARDIAC DISORDER                                                    hierarchical N         N           86       86       <fn>    <NULL>  <NULL> stat_1    
 138 TRT01A Placebo              AESOC  CARDIAC DISORDERS                                                   AEDECOD                      CARDIAC DISORDER                                                    hierarchical p         %            0       0        <fn>    <NULL>  <NULL> stat_1    
 139 TRT01A Total                AESOC  CARDIAC DISORDERS                                                   AEDECOD                      CARDIAC DISORDER                                                    hierarchical n         n            1       1        <fn>    <NULL>  <NULL> stat_2    
 140 TRT01A Total                AESOC  CARDIAC DISORDERS                                                   AEDECOD                      CARDIAC DISORDER                                                    hierarchical N         N          306       306      <fn>    <NULL>  <NULL> stat_2    
 141 TRT01A Total                AESOC  CARDIAC DISORDERS                                                   AEDECOD                      CARDIAC DISORDER                                                    hierarchical p         %            0.00327 0.3      <fn>    <NULL>  <NULL> stat_2    
 142 TRT01A Xanomeline High Dose AESOC  CARDIAC DISORDERS                                                   AEDECOD                      CARDIAC DISORDER                                                    hierarchical n         n            1       1        <fn>    <NULL>  <NULL> stat_3    
 143 TRT01A Xanomeline High Dose AESOC  CARDIAC DISORDERS                                                   AEDECOD                      CARDIAC DISORDER                                                    hierarchical N         N           72       72       <fn>    <NULL>  <NULL> stat_3    
 144 TRT01A Xanomeline High Dose AESOC  CARDIAC DISORDERS                                                   AEDECOD                      CARDIAC DISORDER                                                    hierarchical p         %            0.0139  1.4      <fn>    <NULL>  <NULL> stat_3    
 145 TRT01A Xanomeline Low Dose  AESOC  CARDIAC DISORDERS                                                   AEDECOD                      CARDIAC DISORDER                                                    hierarchical n         n            0       0        <fn>    <NULL>  <NULL> stat_4    
 146 TRT01A Xanomeline Low Dose  AESOC  CARDIAC DISORDERS                                                   AEDECOD                      CARDIAC DISORDER                                                    hierarchical N         N           96       96       <fn>    <NULL>  <NULL> stat_4    
 147 TRT01A Xanomeline Low Dose  AESOC  CARDIAC DISORDERS                                                   AEDECOD                      CARDIAC DISORDER                                                    hierarchical p         %            0       0        <fn>    <NULL>  <NULL> stat_4    
 148 TRT01A Placebo              AESOC  CARDIAC DISORDERS                                                   AEDECOD                      CARDIAC FAILURE CONGESTIVE                                          hierarchical n         n            1       1        <fn>    <NULL>  <NULL> stat_1    
 149 TRT01A Placebo              AESOC  CARDIAC DISORDERS                                                   AEDECOD                      CARDIAC FAILURE CONGESTIVE                                          hierarchical N         N           86       86       <fn>    <NULL>  <NULL> stat_1    
 150 TRT01A Placebo              AESOC  CARDIAC DISORDERS                                                   AEDECOD                      CARDIAC FAILURE CONGESTIVE                                          hierarchical p         %            0.0116  1.2      <fn>    <NULL>  <NULL> stat_1    
 151 TRT01A Total                AESOC  CARDIAC DISORDERS                                                   AEDECOD                      CARDIAC FAILURE CONGESTIVE                                          hierarchical n         n            1       1        <fn>    <NULL>  <NULL> stat_2    
 152 TRT01A Total                AESOC  CARDIAC DISORDERS                                                   AEDECOD                      CARDIAC FAILURE CONGESTIVE                                          hierarchical N         N          306       306      <fn>    <NULL>  <NULL> stat_2    
 153 TRT01A Total                AESOC  CARDIAC DISORDERS                                                   AEDECOD                      CARDIAC FAILURE CONGESTIVE                                          hierarchical p         %            0.00327 0.3      <fn>    <NULL>  <NULL> stat_2    
 154 TRT01A Xanomeline High Dose AESOC  CARDIAC DISORDERS                                                   AEDECOD                      CARDIAC FAILURE CONGESTIVE                                          hierarchical n         n            0       0        <fn>    <NULL>  <NULL> stat_3    
 155 TRT01A Xanomeline High Dose AESOC  CARDIAC DISORDERS                                                   AEDECOD                      CARDIAC FAILURE CONGESTIVE                                          hierarchical N         N           72       72       <fn>    <NULL>  <NULL> stat_3    
 156 TRT01A Xanomeline High Dose AESOC  CARDIAC DISORDERS                                                   AEDECOD                      CARDIAC FAILURE CONGESTIVE                                          hierarchical p         %            0       0        <fn>    <NULL>  <NULL> stat_3    
 157 TRT01A Xanomeline Low Dose  AESOC  CARDIAC DISORDERS                                                   AEDECOD                      CARDIAC FAILURE CONGESTIVE                                          hierarchical n         n            0       0        <fn>    <NULL>  <NULL> stat_4    
 158 TRT01A Xanomeline Low Dose  AESOC  CARDIAC DISORDERS                                                   AEDECOD                      CARDIAC FAILURE CONGESTIVE                                          hierarchical N         N           96       96       <fn>    <NULL>  <NULL> stat_4    
 159 TRT01A Xanomeline Low Dose  AESOC  CARDIAC DISORDERS                                                   AEDECOD                      CARDIAC FAILURE CONGESTIVE                                          hierarchical p         %            0       0        <fn>    <NULL>  <NULL> stat_4    
 160 TRT01A Placebo              AESOC  CARDIAC DISORDERS                                                   AEDECOD                      MYOCARDIAL INFARCTION                                               hierarchical n         n            4       4        <fn>    <NULL>  <NULL> stat_1    
 161 TRT01A Placebo              AESOC  CARDIAC DISORDERS                                                   AEDECOD                      MYOCARDIAL INFARCTION                                               hierarchical N         N           86       86       <fn>    <NULL>  <NULL> stat_1    
 162 TRT01A Placebo              AESOC  CARDIAC DISORDERS                                                   AEDECOD                      MYOCARDIAL INFARCTION                                               hierarchical p         %            0.0465  4.7      <fn>    <NULL>  <NULL> stat_1    
 163 TRT01A Total                AESOC  CARDIAC DISORDERS                                                   AEDECOD                      MYOCARDIAL INFARCTION                                               hierarchical n         n           10       10       <fn>    <NULL>  <NULL> stat_2    
 164 TRT01A Total                AESOC  CARDIAC DISORDERS                                                   AEDECOD                      MYOCARDIAL INFARCTION                                               hierarchical N         N          306       306      <fn>    <NULL>  <NULL> stat_2    
 165 TRT01A Total                AESOC  CARDIAC DISORDERS                                                   AEDECOD                      MYOCARDIAL INFARCTION                                               hierarchical p         %            0.0327  3.3      <fn>    <NULL>  <NULL> stat_2    
 166 TRT01A Xanomeline High Dose AESOC  CARDIAC DISORDERS                                                   AEDECOD                      MYOCARDIAL INFARCTION                                               hierarchical n         n            4       4        <fn>    <NULL>  <NULL> stat_3    
 167 TRT01A Xanomeline High Dose AESOC  CARDIAC DISORDERS                                                   AEDECOD                      MYOCARDIAL INFARCTION                                               hierarchical N         N           72       72       <fn>    <NULL>  <NULL> stat_3    
 168 TRT01A Xanomeline High Dose AESOC  CARDIAC DISORDERS                                                   AEDECOD                      MYOCARDIAL INFARCTION                                               hierarchical p         %            0.0556  5.6      <fn>    <NULL>  <NULL> stat_3    
 169 TRT01A Xanomeline Low Dose  AESOC  CARDIAC DISORDERS                                                   AEDECOD                      MYOCARDIAL INFARCTION                                               hierarchical n         n            2       2        <fn>    <NULL>  <NULL> stat_4    
 170 TRT01A Xanomeline Low Dose  AESOC  CARDIAC DISORDERS                                                   AEDECOD                      MYOCARDIAL INFARCTION                                               hierarchical N         N           96       96       <fn>    <NULL>  <NULL> stat_4    
 171 TRT01A Xanomeline Low Dose  AESOC  CARDIAC DISORDERS                                                   AEDECOD                      MYOCARDIAL INFARCTION                                               hierarchical p         %            0.0208  2.1      <fn>    <NULL>  <NULL> stat_4    
 172 TRT01A Placebo              AESOC  CARDIAC DISORDERS                                                   AEDECOD                      PALPITATIONS                                                        hierarchical n         n            0       0        <fn>    <NULL>  <NULL> stat_1    
 173 TRT01A Placebo              AESOC  CARDIAC DISORDERS                                                   AEDECOD                      PALPITATIONS                                                        hierarchical N         N           86       86       <fn>    <NULL>  <NULL> stat_1    
 174 TRT01A Placebo              AESOC  CARDIAC DISORDERS                                                   AEDECOD                      PALPITATIONS                                                        hierarchical p         %            0       0        <fn>    <NULL>  <NULL> stat_1    
 175 TRT01A Total                AESOC  CARDIAC DISORDERS                                                   AEDECOD                      PALPITATIONS                                                        hierarchical n         n            2       2        <fn>    <NULL>  <NULL> stat_2    
 176 TRT01A Total                AESOC  CARDIAC DISORDERS                                                   AEDECOD                      PALPITATIONS                                                        hierarchical N         N          306       306      <fn>    <NULL>  <NULL> stat_2    
 177 TRT01A Total                AESOC  CARDIAC DISORDERS                                                   AEDECOD                      PALPITATIONS                                                        hierarchical p         %            0.00654 0.7      <fn>    <NULL>  <NULL> stat_2    
 178 TRT01A Xanomeline High Dose AESOC  CARDIAC DISORDERS                                                   AEDECOD                      PALPITATIONS                                                        hierarchical n         n            0       0        <fn>    <NULL>  <NULL> stat_3    
 179 TRT01A Xanomeline High Dose AESOC  CARDIAC DISORDERS                                                   AEDECOD                      PALPITATIONS                                                        hierarchical N         N           72       72       <fn>    <NULL>  <NULL> stat_3    
 180 TRT01A Xanomeline High Dose AESOC  CARDIAC DISORDERS                                                   AEDECOD                      PALPITATIONS                                                        hierarchical p         %            0       0        <fn>    <NULL>  <NULL> stat_3    
 181 TRT01A Xanomeline Low Dose  AESOC  CARDIAC DISORDERS                                                   AEDECOD                      PALPITATIONS                                                        hierarchical n         n            2       2        <fn>    <NULL>  <NULL> stat_4    
 182 TRT01A Xanomeline Low Dose  AESOC  CARDIAC DISORDERS                                                   AEDECOD                      PALPITATIONS                                                        hierarchical N         N           96       96       <fn>    <NULL>  <NULL> stat_4    
 183 TRT01A Xanomeline Low Dose  AESOC  CARDIAC DISORDERS                                                   AEDECOD                      PALPITATIONS                                                        hierarchical p         %            0.0208  2.1      <fn>    <NULL>  <NULL> stat_4    
 184 TRT01A Placebo              AESOC  CARDIAC DISORDERS                                                   AEDECOD                      SINUS ARRHYTHMIA                                                    hierarchical n         n            1       1        <fn>    <NULL>  <NULL> stat_1    
 185 TRT01A Placebo              AESOC  CARDIAC DISORDERS                                                   AEDECOD                      SINUS ARRHYTHMIA                                                    hierarchical N         N           86       86       <fn>    <NULL>  <NULL> stat_1    
 186 TRT01A Placebo              AESOC  CARDIAC DISORDERS                                                   AEDECOD                      SINUS ARRHYTHMIA                                                    hierarchical p         %            0.0116  1.2      <fn>    <NULL>  <NULL> stat_1    
 187 TRT01A Total                AESOC  CARDIAC DISORDERS                                                   AEDECOD                      SINUS ARRHYTHMIA                                                    hierarchical n         n            1       1        <fn>    <NULL>  <NULL> stat_2    
 188 TRT01A Total                AESOC  CARDIAC DISORDERS                                                   AEDECOD                      SINUS ARRHYTHMIA                                                    hierarchical N         N          306       306      <fn>    <NULL>  <NULL> stat_2    
 189 TRT01A Total                AESOC  CARDIAC DISORDERS                                                   AEDECOD                      SINUS ARRHYTHMIA                                                    hierarchical p         %            0.00327 0.3      <fn>    <NULL>  <NULL> stat_2    
 190 TRT01A Xanomeline High Dose AESOC  CARDIAC DISORDERS                                                   AEDECOD                      SINUS ARRHYTHMIA                                                    hierarchical n         n            0       0        <fn>    <NULL>  <NULL> stat_3    
 191 TRT01A Xanomeline High Dose AESOC  CARDIAC DISORDERS                                                   AEDECOD                      SINUS ARRHYTHMIA                                                    hierarchical N         N           72       72       <fn>    <NULL>  <NULL> stat_3    
 192 TRT01A Xanomeline High Dose AESOC  CARDIAC DISORDERS                                                   AEDECOD                      SINUS ARRHYTHMIA                                                    hierarchical p         %            0       0        <fn>    <NULL>  <NULL> stat_3    
 193 TRT01A Xanomeline Low Dose  AESOC  CARDIAC DISORDERS                                                   AEDECOD                      SINUS ARRHYTHMIA                                                    hierarchical n         n            0       0        <fn>    <NULL>  <NULL> stat_4    
 194 TRT01A Xanomeline Low Dose  AESOC  CARDIAC DISORDERS                                                   AEDECOD                      SINUS ARRHYTHMIA                                                    hierarchical N         N           96       96       <fn>    <NULL>  <NULL> stat_4    
 195 TRT01A Xanomeline Low Dose  AESOC  CARDIAC DISORDERS                                                   AEDECOD                      SINUS ARRHYTHMIA                                                    hierarchical p         %            0       0        <fn>    <NULL>  <NULL> stat_4    
 196 TRT01A Placebo              AESOC  CARDIAC DISORDERS                                                   AEDECOD                      SINUS BRADYCARDIA                                                   hierarchical n         n            2       2        <fn>    <NULL>  <NULL> stat_1    
 197 TRT01A Placebo              AESOC  CARDIAC DISORDERS                                                   AEDECOD                      SINUS BRADYCARDIA                                                   hierarchical N         N           86       86       <fn>    <NULL>  <NULL> stat_1    
 198 TRT01A Placebo              AESOC  CARDIAC DISORDERS                                                   AEDECOD                      SINUS BRADYCARDIA                                                   hierarchical p         %            0.0233  2.3      <fn>    <NULL>  <NULL> stat_1    
 199 TRT01A Total                AESOC  CARDIAC DISORDERS                                                   AEDECOD                      SINUS BRADYCARDIA                                                   hierarchical n         n           17       17       <fn>    <NULL>  <NULL> stat_2    
 200 TRT01A Total                AESOC  CARDIAC DISORDERS                                                   AEDECOD                      SINUS BRADYCARDIA                                                   hierarchical N         N          306       306      <fn>    <NULL>  <NULL> stat_2    
 201 TRT01A Total                AESOC  CARDIAC DISORDERS                                                   AEDECOD                      SINUS BRADYCARDIA                                                   hierarchical p         %            0.0556  5.6      <fn>    <NULL>  <NULL> stat_2    
 202 TRT01A Xanomeline High Dose AESOC  CARDIAC DISORDERS                                                   AEDECOD                      SINUS BRADYCARDIA                                                   hierarchical n         n            8       8        <fn>    <NULL>  <NULL> stat_3    
 203 TRT01A Xanomeline High Dose AESOC  CARDIAC DISORDERS                                                   AEDECOD                      SINUS BRADYCARDIA                                                   hierarchical N         N           72       72       <fn>    <NULL>  <NULL> stat_3    
 204 TRT01A Xanomeline High Dose AESOC  CARDIAC DISORDERS                                                   AEDECOD                      SINUS BRADYCARDIA                                                   hierarchical p         %            0.111   11       <fn>    <NULL>  <NULL> stat_3    
 205 TRT01A Xanomeline Low Dose  AESOC  CARDIAC DISORDERS                                                   AEDECOD                      SINUS BRADYCARDIA                                                   hierarchical n         n            7       7        <fn>    <NULL>  <NULL> stat_4    
 206 TRT01A Xanomeline Low Dose  AESOC  CARDIAC DISORDERS                                                   AEDECOD                      SINUS BRADYCARDIA                                                   hierarchical N         N           96       96       <fn>    <NULL>  <NULL> stat_4    
 207 TRT01A Xanomeline Low Dose  AESOC  CARDIAC DISORDERS                                                   AEDECOD                      SINUS BRADYCARDIA                                                   hierarchical p         %            0.0729  7.3      <fn>    <NULL>  <NULL> stat_4    
 208 TRT01A Placebo              AESOC  CARDIAC DISORDERS                                                   AEDECOD                      SUPRAVENTRICULAR EXTRASYSTOLES                                      hierarchical n         n            1       1        <fn>    <NULL>  <NULL> stat_1    
 209 TRT01A Placebo              AESOC  CARDIAC DISORDERS                                                   AEDECOD                      SUPRAVENTRICULAR EXTRASYSTOLES                                      hierarchical N         N           86       86       <fn>    <NULL>  <NULL> stat_1    
 210 TRT01A Placebo              AESOC  CARDIAC DISORDERS                                                   AEDECOD                      SUPRAVENTRICULAR EXTRASYSTOLES                                      hierarchical p         %            0.0116  1.2      <fn>    <NULL>  <NULL> stat_1    
 211 TRT01A Total                AESOC  CARDIAC DISORDERS                                                   AEDECOD                      SUPRAVENTRICULAR EXTRASYSTOLES                                      hierarchical n         n            3       3        <fn>    <NULL>  <NULL> stat_2    
 212 TRT01A Total                AESOC  CARDIAC DISORDERS                                                   AEDECOD                      SUPRAVENTRICULAR EXTRASYSTOLES                                      hierarchical N         N          306       306      <fn>    <NULL>  <NULL> stat_2    
 213 TRT01A Total                AESOC  CARDIAC DISORDERS                                                   AEDECOD                      SUPRAVENTRICULAR EXTRASYSTOLES                                      hierarchical p         %            0.00980 1.0      <fn>    <NULL>  <NULL> stat_2    
 214 TRT01A Xanomeline High Dose AESOC  CARDIAC DISORDERS                                                   AEDECOD                      SUPRAVENTRICULAR EXTRASYSTOLES                                      hierarchical n         n            1       1        <fn>    <NULL>  <NULL> stat_3    
 215 TRT01A Xanomeline High Dose AESOC  CARDIAC DISORDERS                                                   AEDECOD                      SUPRAVENTRICULAR EXTRASYSTOLES                                      hierarchical N         N           72       72       <fn>    <NULL>  <NULL> stat_3    
 216 TRT01A Xanomeline High Dose AESOC  CARDIAC DISORDERS                                                   AEDECOD                      SUPRAVENTRICULAR EXTRASYSTOLES                                      hierarchical p         %            0.0139  1.4      <fn>    <NULL>  <NULL> stat_3    
 217 TRT01A Xanomeline Low Dose  AESOC  CARDIAC DISORDERS                                                   AEDECOD                      SUPRAVENTRICULAR EXTRASYSTOLES                                      hierarchical n         n            1       1        <fn>    <NULL>  <NULL> stat_4    
 218 TRT01A Xanomeline Low Dose  AESOC  CARDIAC DISORDERS                                                   AEDECOD                      SUPRAVENTRICULAR EXTRASYSTOLES                                      hierarchical N         N           96       96       <fn>    <NULL>  <NULL> stat_4    
 219 TRT01A Xanomeline Low Dose  AESOC  CARDIAC DISORDERS                                                   AEDECOD                      SUPRAVENTRICULAR EXTRASYSTOLES                                      hierarchical p         %            0.0104  1.0      <fn>    <NULL>  <NULL> stat_4    
 220 TRT01A Placebo              AESOC  CARDIAC DISORDERS                                                   AEDECOD                      SUPRAVENTRICULAR TACHYCARDIA                                        hierarchical n         n            0       0        <fn>    <NULL>  <NULL> stat_1    
 221 TRT01A Placebo              AESOC  CARDIAC DISORDERS                                                   AEDECOD                      SUPRAVENTRICULAR TACHYCARDIA                                        hierarchical N         N           86       86       <fn>    <NULL>  <NULL> stat_1    
 222 TRT01A Placebo              AESOC  CARDIAC DISORDERS                                                   AEDECOD                      SUPRAVENTRICULAR TACHYCARDIA                                        hierarchical p         %            0       0        <fn>    <NULL>  <NULL> stat_1    
 223 TRT01A Total                AESOC  CARDIAC DISORDERS                                                   AEDECOD                      SUPRAVENTRICULAR TACHYCARDIA                                        hierarchical n         n            1       1        <fn>    <NULL>  <NULL> stat_2    
 224 TRT01A Total                AESOC  CARDIAC DISORDERS                                                   AEDECOD                      SUPRAVENTRICULAR TACHYCARDIA                                        hierarchical N         N          306       306      <fn>    <NULL>  <NULL> stat_2    
 225 TRT01A Total                AESOC  CARDIAC DISORDERS                                                   AEDECOD                      SUPRAVENTRICULAR TACHYCARDIA                                        hierarchical p         %            0.00327 0.3      <fn>    <NULL>  <NULL> stat_2    
 226 TRT01A Xanomeline High Dose AESOC  CARDIAC DISORDERS                                                   AEDECOD                      SUPRAVENTRICULAR TACHYCARDIA                                        hierarchical n         n            0       0        <fn>    <NULL>  <NULL> stat_3    
 227 TRT01A Xanomeline High Dose AESOC  CARDIAC DISORDERS                                                   AEDECOD                      SUPRAVENTRICULAR TACHYCARDIA                                        hierarchical N         N           72       72       <fn>    <NULL>  <NULL> stat_3    
 228 TRT01A Xanomeline High Dose AESOC  CARDIAC DISORDERS                                                   AEDECOD                      SUPRAVENTRICULAR TACHYCARDIA                                        hierarchical p         %            0       0        <fn>    <NULL>  <NULL> stat_3    
 229 TRT01A Xanomeline Low Dose  AESOC  CARDIAC DISORDERS                                                   AEDECOD                      SUPRAVENTRICULAR TACHYCARDIA                                        hierarchical n         n            1       1        <fn>    <NULL>  <NULL> stat_4    
 230 TRT01A Xanomeline Low Dose  AESOC  CARDIAC DISORDERS                                                   AEDECOD                      SUPRAVENTRICULAR TACHYCARDIA                                        hierarchical N         N           96       96       <fn>    <NULL>  <NULL> stat_4    
 231 TRT01A Xanomeline Low Dose  AESOC  CARDIAC DISORDERS                                                   AEDECOD                      SUPRAVENTRICULAR TACHYCARDIA                                        hierarchical p         %            0.0104  1.0      <fn>    <NULL>  <NULL> stat_4    
 232 TRT01A Placebo              AESOC  CARDIAC DISORDERS                                                   AEDECOD                      TACHYCARDIA                                                         hierarchical n         n            1       1        <fn>    <NULL>  <NULL> stat_1    
 233 TRT01A Placebo              AESOC  CARDIAC DISORDERS                                                   AEDECOD                      TACHYCARDIA                                                         hierarchical N         N           86       86       <fn>    <NULL>  <NULL> stat_1    
 234 TRT01A Placebo              AESOC  CARDIAC DISORDERS                                                   AEDECOD                      TACHYCARDIA                                                         hierarchical p         %            0.0116  1.2      <fn>    <NULL>  <NULL> stat_1    
 235 TRT01A Total                AESOC  CARDIAC DISORDERS                                                   AEDECOD                      TACHYCARDIA                                                         hierarchical n         n            1       1        <fn>    <NULL>  <NULL> stat_2    
 236 TRT01A Total                AESOC  CARDIAC DISORDERS                                                   AEDECOD                      TACHYCARDIA                                                         hierarchical N         N          306       306      <fn>    <NULL>  <NULL> stat_2    
 237 TRT01A Total                AESOC  CARDIAC DISORDERS                                                   AEDECOD                      TACHYCARDIA                                                         hierarchical p         %            0.00327 0.3      <fn>    <NULL>  <NULL> stat_2    
 238 TRT01A Xanomeline High Dose AESOC  CARDIAC DISORDERS                                                   AEDECOD                      TACHYCARDIA                                                         hierarchical n         n            0       0        <fn>    <NULL>  <NULL> stat_3    
 239 TRT01A Xanomeline High Dose AESOC  CARDIAC DISORDERS                                                   AEDECOD                      TACHYCARDIA                                                         hierarchical N         N           72       72       <fn>    <NULL>  <NULL> stat_3    
 240 TRT01A Xanomeline High Dose AESOC  CARDIAC DISORDERS                                                   AEDECOD                      TACHYCARDIA                                                         hierarchical p         %            0       0        <fn>    <NULL>  <NULL> stat_3    
 241 TRT01A Xanomeline Low Dose  AESOC  CARDIAC DISORDERS                                                   AEDECOD                      TACHYCARDIA                                                         hierarchical n         n            0       0        <fn>    <NULL>  <NULL> stat_4    
 242 TRT01A Xanomeline Low Dose  AESOC  CARDIAC DISORDERS                                                   AEDECOD                      TACHYCARDIA                                                         hierarchical N         N           96       96       <fn>    <NULL>  <NULL> stat_4    
 243 TRT01A Xanomeline Low Dose  AESOC  CARDIAC DISORDERS                                                   AEDECOD                      TACHYCARDIA                                                         hierarchical p         %            0       0        <fn>    <NULL>  <NULL> stat_4    
 244 TRT01A Placebo              AESOC  CARDIAC DISORDERS                                                   AEDECOD                      VENTRICULAR EXTRASYSTOLES                                           hierarchical n         n            0       0        <fn>    <NULL>  <NULL> stat_1    
 245 TRT01A Placebo              AESOC  CARDIAC DISORDERS                                                   AEDECOD                      VENTRICULAR EXTRASYSTOLES                                           hierarchical N         N           86       86       <fn>    <NULL>  <NULL> stat_1    
 246 TRT01A Placebo              AESOC  CARDIAC DISORDERS                                                   AEDECOD                      VENTRICULAR EXTRASYSTOLES                                           hierarchical p         %            0       0        <fn>    <NULL>  <NULL> stat_1    
 247 TRT01A Total                AESOC  CARDIAC DISORDERS                                                   AEDECOD                      VENTRICULAR EXTRASYSTOLES                                           hierarchical n         n            3       3        <fn>    <NULL>  <NULL> stat_2    
 248 TRT01A Total                AESOC  CARDIAC DISORDERS                                                   AEDECOD                      VENTRICULAR EXTRASYSTOLES                                           hierarchical N         N          306       306      <fn>    <NULL>  <NULL> stat_2    
 249 TRT01A Total                AESOC  CARDIAC DISORDERS                                                   AEDECOD                      VENTRICULAR EXTRASYSTOLES                                           hierarchical p         %            0.00980 1.0      <fn>    <NULL>  <NULL> stat_2    
 250 TRT01A Xanomeline High Dose AESOC  CARDIAC DISORDERS                                                   AEDECOD                      VENTRICULAR EXTRASYSTOLES                                           hierarchical n         n            1       1        <fn>    <NULL>  <NULL> stat_3    
 251 TRT01A Xanomeline High Dose AESOC  CARDIAC DISORDERS                                                   AEDECOD                      VENTRICULAR EXTRASYSTOLES                                           hierarchical N         N           72       72       <fn>    <NULL>  <NULL> stat_3    
 252 TRT01A Xanomeline High Dose AESOC  CARDIAC DISORDERS                                                   AEDECOD                      VENTRICULAR EXTRASYSTOLES                                           hierarchical p         %            0.0139  1.4      <fn>    <NULL>  <NULL> stat_3    
 253 TRT01A Xanomeline Low Dose  AESOC  CARDIAC DISORDERS                                                   AEDECOD                      VENTRICULAR EXTRASYSTOLES                                           hierarchical n         n            2       2        <fn>    <NULL>  <NULL> stat_4    
 254 TRT01A Xanomeline Low Dose  AESOC  CARDIAC DISORDERS                                                   AEDECOD                      VENTRICULAR EXTRASYSTOLES                                           hierarchical N         N           96       96       <fn>    <NULL>  <NULL> stat_4    
 255 TRT01A Xanomeline Low Dose  AESOC  CARDIAC DISORDERS                                                   AEDECOD                      VENTRICULAR EXTRASYSTOLES                                           hierarchical p         %            0.0208  2.1      <fn>    <NULL>  <NULL> stat_4    
 256 TRT01A Placebo              AESOC  CARDIAC DISORDERS                                                   AEDECOD                      VENTRICULAR HYPERTROPHY                                             hierarchical n         n            1       1        <fn>    <NULL>  <NULL> stat_1    
 257 TRT01A Placebo              AESOC  CARDIAC DISORDERS                                                   AEDECOD                      VENTRICULAR HYPERTROPHY                                             hierarchical N         N           86       86       <fn>    <NULL>  <NULL> stat_1    
 258 TRT01A Placebo              AESOC  CARDIAC DISORDERS                                                   AEDECOD                      VENTRICULAR HYPERTROPHY                                             hierarchical p         %            0.0116  1.2      <fn>    <NULL>  <NULL> stat_1    
 259 TRT01A Total                AESOC  CARDIAC DISORDERS                                                   AEDECOD                      VENTRICULAR HYPERTROPHY                                             hierarchical n         n            1       1        <fn>    <NULL>  <NULL> stat_2    
 260 TRT01A Total                AESOC  CARDIAC DISORDERS                                                   AEDECOD                      VENTRICULAR HYPERTROPHY                                             hierarchical N         N          306       306      <fn>    <NULL>  <NULL> stat_2    
 261 TRT01A Total                AESOC  CARDIAC DISORDERS                                                   AEDECOD                      VENTRICULAR HYPERTROPHY                                             hierarchical p         %            0.00327 0.3      <fn>    <NULL>  <NULL> stat_2    
 262 TRT01A Xanomeline High Dose AESOC  CARDIAC DISORDERS                                                   AEDECOD                      VENTRICULAR HYPERTROPHY                                             hierarchical n         n            0       0        <fn>    <NULL>  <NULL> stat_3    
 263 TRT01A Xanomeline High Dose AESOC  CARDIAC DISORDERS                                                   AEDECOD                      VENTRICULAR HYPERTROPHY                                             hierarchical N         N           72       72       <fn>    <NULL>  <NULL> stat_3    
 264 TRT01A Xanomeline High Dose AESOC  CARDIAC DISORDERS                                                   AEDECOD                      VENTRICULAR HYPERTROPHY                                             hierarchical p         %            0       0        <fn>    <NULL>  <NULL> stat_3    
 265 TRT01A Xanomeline Low Dose  AESOC  CARDIAC DISORDERS                                                   AEDECOD                      VENTRICULAR HYPERTROPHY                                             hierarchical n         n            0       0        <fn>    <NULL>  <NULL> stat_4    
 266 TRT01A Xanomeline Low Dose  AESOC  CARDIAC DISORDERS                                                   AEDECOD                      VENTRICULAR HYPERTROPHY                                             hierarchical N         N           96       96       <fn>    <NULL>  <NULL> stat_4    
 267 TRT01A Xanomeline Low Dose  AESOC  CARDIAC DISORDERS                                                   AEDECOD                      VENTRICULAR HYPERTROPHY                                             hierarchical p         %            0       0        <fn>    <NULL>  <NULL> stat_4    
 268 TRT01A Placebo              AESOC  CARDIAC DISORDERS                                                   AEDECOD                      WOLFF-PARKINSON-WHITE SYNDROME                                      hierarchical n         n            0       0        <fn>    <NULL>  <NULL> stat_1    
 269 TRT01A Placebo              AESOC  CARDIAC DISORDERS                                                   AEDECOD                      WOLFF-PARKINSON-WHITE SYNDROME                                      hierarchical N         N           86       86       <fn>    <NULL>  <NULL> stat_1    
 270 TRT01A Placebo              AESOC  CARDIAC DISORDERS                                                   AEDECOD                      WOLFF-PARKINSON-WHITE SYNDROME                                      hierarchical p         %            0       0        <fn>    <NULL>  <NULL> stat_1    
 271 TRT01A Total                AESOC  CARDIAC DISORDERS                                                   AEDECOD                      WOLFF-PARKINSON-WHITE SYNDROME                                      hierarchical n         n            1       1        <fn>    <NULL>  <NULL> stat_2    
 272 TRT01A Total                AESOC  CARDIAC DISORDERS                                                   AEDECOD                      WOLFF-PARKINSON-WHITE SYNDROME                                      hierarchical N         N          306       306      <fn>    <NULL>  <NULL> stat_2    
 273 TRT01A Total                AESOC  CARDIAC DISORDERS                                                   AEDECOD                      WOLFF-PARKINSON-WHITE SYNDROME                                      hierarchical p         %            0.00327 0.3      <fn>    <NULL>  <NULL> stat_2    
 274 TRT01A Xanomeline High Dose AESOC  CARDIAC DISORDERS                                                   AEDECOD                      WOLFF-PARKINSON-WHITE SYNDROME                                      hierarchical n         n            0       0        <fn>    <NULL>  <NULL> stat_3    
 275 TRT01A Xanomeline High Dose AESOC  CARDIAC DISORDERS                                                   AEDECOD                      WOLFF-PARKINSON-WHITE SYNDROME                                      hierarchical N         N           72       72       <fn>    <NULL>  <NULL> stat_3    
 276 TRT01A Xanomeline High Dose AESOC  CARDIAC DISORDERS                                                   AEDECOD                      WOLFF-PARKINSON-WHITE SYNDROME                                      hierarchical p         %            0       0        <fn>    <NULL>  <NULL> stat_3    
 277 TRT01A Xanomeline Low Dose  AESOC  CARDIAC DISORDERS                                                   AEDECOD                      WOLFF-PARKINSON-WHITE SYNDROME                                      hierarchical n         n            1       1        <fn>    <NULL>  <NULL> stat_4    
 278 TRT01A Xanomeline Low Dose  AESOC  CARDIAC DISORDERS                                                   AEDECOD                      WOLFF-PARKINSON-WHITE SYNDROME                                      hierarchical N         N           96       96       <fn>    <NULL>  <NULL> stat_4    
 279 TRT01A Xanomeline Low Dose  AESOC  CARDIAC DISORDERS                                                   AEDECOD                      WOLFF-PARKINSON-WHITE SYNDROME                                      hierarchical p         %            0.0104  1.0      <fn>    <NULL>  <NULL> stat_4    
 280 TRT01A Placebo              <NA>   <NULL>                                                              AESOC                        CONGENITAL, FAMILIAL AND GENETIC DISORDERS                          hierarchical n         n            0       0        <fn>    <NULL>  <NULL> stat_1    
 281 TRT01A Placebo              <NA>   <NULL>                                                              AESOC                        CONGENITAL, FAMILIAL AND GENETIC DISORDERS                          hierarchical N         N           86       86       <fn>    <NULL>  <NULL> stat_1    
 282 TRT01A Placebo              <NA>   <NULL>                                                              AESOC                        CONGENITAL, FAMILIAL AND GENETIC DISORDERS                          hierarchical p         %            0       0        <fn>    <NULL>  <NULL> stat_1    
 283 TRT01A Total                <NA>   <NULL>                                                              AESOC                        CONGENITAL, FAMILIAL AND GENETIC DISORDERS                          hierarchical n         n            3       3        <fn>    <NULL>  <NULL> stat_2    
 284 TRT01A Total                <NA>   <NULL>                                                              AESOC                        CONGENITAL, FAMILIAL AND GENETIC DISORDERS                          hierarchical N         N          306       306      <fn>    <NULL>  <NULL> stat_2    
 285 TRT01A Total                <NA>   <NULL>                                                              AESOC                        CONGENITAL, FAMILIAL AND GENETIC DISORDERS                          hierarchical p         %            0.00980 1.0      <fn>    <NULL>  <NULL> stat_2    
 286 TRT01A Xanomeline High Dose <NA>   <NULL>                                                              AESOC                        CONGENITAL, FAMILIAL AND GENETIC DISORDERS                          hierarchical n         n            2       2        <fn>    <NULL>  <NULL> stat_3    
 287 TRT01A Xanomeline High Dose <NA>   <NULL>                                                              AESOC                        CONGENITAL, FAMILIAL AND GENETIC DISORDERS                          hierarchical N         N           72       72       <fn>    <NULL>  <NULL> stat_3    
 288 TRT01A Xanomeline High Dose <NA>   <NULL>                                                              AESOC                        CONGENITAL, FAMILIAL AND GENETIC DISORDERS                          hierarchical p         %            0.0278  2.8      <fn>    <NULL>  <NULL> stat_3    
 289 TRT01A Xanomeline Low Dose  <NA>   <NULL>                                                              AESOC                        CONGENITAL, FAMILIAL AND GENETIC DISORDERS                          hierarchical n         n            1       1        <fn>    <NULL>  <NULL> stat_4    
 290 TRT01A Xanomeline Low Dose  <NA>   <NULL>                                                              AESOC                        CONGENITAL, FAMILIAL AND GENETIC DISORDERS                          hierarchical N         N           96       96       <fn>    <NULL>  <NULL> stat_4    
 291 TRT01A Xanomeline Low Dose  <NA>   <NULL>                                                              AESOC                        CONGENITAL, FAMILIAL AND GENETIC DISORDERS                          hierarchical p         %            0.0104  1.0      <fn>    <NULL>  <NULL> stat_4    
 292 TRT01A Placebo              AESOC  CONGENITAL, FAMILIAL AND GENETIC DISORDERS                          AEDECOD                      VENTRICULAR SEPTAL DEFECT                                           hierarchical n         n            0       0        <fn>    <NULL>  <NULL> stat_1    
 293 TRT01A Placebo              AESOC  CONGENITAL, FAMILIAL AND GENETIC DISORDERS                          AEDECOD                      VENTRICULAR SEPTAL DEFECT                                           hierarchical N         N           86       86       <fn>    <NULL>  <NULL> stat_1    
 294 TRT01A Placebo              AESOC  CONGENITAL, FAMILIAL AND GENETIC DISORDERS                          AEDECOD                      VENTRICULAR SEPTAL DEFECT                                           hierarchical p         %            0       0        <fn>    <NULL>  <NULL> stat_1    
 295 TRT01A Total                AESOC  CONGENITAL, FAMILIAL AND GENETIC DISORDERS                          AEDECOD                      VENTRICULAR SEPTAL DEFECT                                           hierarchical n         n            3       3        <fn>    <NULL>  <NULL> stat_2    
 296 TRT01A Total                AESOC  CONGENITAL, FAMILIAL AND GENETIC DISORDERS                          AEDECOD                      VENTRICULAR SEPTAL DEFECT                                           hierarchical N         N          306       306      <fn>    <NULL>  <NULL> stat_2    
 297 TRT01A Total                AESOC  CONGENITAL, FAMILIAL AND GENETIC DISORDERS                          AEDECOD                      VENTRICULAR SEPTAL DEFECT                                           hierarchical p         %            0.00980 1.0      <fn>    <NULL>  <NULL> stat_2    
 298 TRT01A Xanomeline High Dose AESOC  CONGENITAL, FAMILIAL AND GENETIC DISORDERS                          AEDECOD                      VENTRICULAR SEPTAL DEFECT                                           hierarchical n         n            2       2        <fn>    <NULL>  <NULL> stat_3    
 299 TRT01A Xanomeline High Dose AESOC  CONGENITAL, FAMILIAL AND GENETIC DISORDERS                          AEDECOD                      VENTRICULAR SEPTAL DEFECT                                           hierarchical N         N           72       72       <fn>    <NULL>  <NULL> stat_3    
 300 TRT01A Xanomeline High Dose AESOC  CONGENITAL, FAMILIAL AND GENETIC DISORDERS                          AEDECOD                      VENTRICULAR SEPTAL DEFECT                                           hierarchical p         %            0.0278  2.8      <fn>    <NULL>  <NULL> stat_3    
 301 TRT01A Xanomeline Low Dose  AESOC  CONGENITAL, FAMILIAL AND GENETIC DISORDERS                          AEDECOD                      VENTRICULAR SEPTAL DEFECT                                           hierarchical n         n            1       1        <fn>    <NULL>  <NULL> stat_4    
 302 TRT01A Xanomeline Low Dose  AESOC  CONGENITAL, FAMILIAL AND GENETIC DISORDERS                          AEDECOD                      VENTRICULAR SEPTAL DEFECT                                           hierarchical N         N           96       96       <fn>    <NULL>  <NULL> stat_4    
 303 TRT01A Xanomeline Low Dose  AESOC  CONGENITAL, FAMILIAL AND GENETIC DISORDERS                          AEDECOD                      VENTRICULAR SEPTAL DEFECT                                           hierarchical p         %            0.0104  1.0      <fn>    <NULL>  <NULL> stat_4    
 304 TRT01A Placebo              <NA>   <NULL>                                                              AESOC                        EAR AND LABYRINTH DISORDERS                                         hierarchical n         n            1       1        <fn>    <NULL>  <NULL> stat_1    
 305 TRT01A Placebo              <NA>   <NULL>                                                              AESOC                        EAR AND LABYRINTH DISORDERS                                         hierarchical N         N           86       86       <fn>    <NULL>  <NULL> stat_1    
 306 TRT01A Placebo              <NA>   <NULL>                                                              AESOC                        EAR AND LABYRINTH DISORDERS                                         hierarchical p         %            0.0116  1.2      <fn>    <NULL>  <NULL> stat_1    
 307 TRT01A Total                <NA>   <NULL>                                                              AESOC                        EAR AND LABYRINTH DISORDERS                                         hierarchical n         n            4       4        <fn>    <NULL>  <NULL> stat_2    
 308 TRT01A Total                <NA>   <NULL>                                                              AESOC                        EAR AND LABYRINTH DISORDERS                                         hierarchical N         N          306       306      <fn>    <NULL>  <NULL> stat_2    
 309 TRT01A Total                <NA>   <NULL>                                                              AESOC                        EAR AND LABYRINTH DISORDERS                                         hierarchical p         %            0.0131  1.3      <fn>    <NULL>  <NULL> stat_2    
 310 TRT01A Xanomeline High Dose <NA>   <NULL>                                                              AESOC                        EAR AND LABYRINTH DISORDERS                                         hierarchical n         n            1       1        <fn>    <NULL>  <NULL> stat_3    
 311 TRT01A Xanomeline High Dose <NA>   <NULL>                                                              AESOC                        EAR AND LABYRINTH DISORDERS                                         hierarchical N         N           72       72       <fn>    <NULL>  <NULL> stat_3    
 312 TRT01A Xanomeline High Dose <NA>   <NULL>                                                              AESOC                        EAR AND LABYRINTH DISORDERS                                         hierarchical p         %            0.0139  1.4      <fn>    <NULL>  <NULL> stat_3    
 313 TRT01A Xanomeline Low Dose  <NA>   <NULL>                                                              AESOC                        EAR AND LABYRINTH DISORDERS                                         hierarchical n         n            2       2        <fn>    <NULL>  <NULL> stat_4    
 314 TRT01A Xanomeline Low Dose  <NA>   <NULL>                                                              AESOC                        EAR AND LABYRINTH DISORDERS                                         hierarchical N         N           96       96       <fn>    <NULL>  <NULL> stat_4    
 315 TRT01A Xanomeline Low Dose  <NA>   <NULL>                                                              AESOC                        EAR AND LABYRINTH DISORDERS                                         hierarchical p         %            0.0208  2.1      <fn>    <NULL>  <NULL> stat_4    
 316 TRT01A Placebo              AESOC  EAR AND LABYRINTH DISORDERS                                         AEDECOD                      CERUMEN IMPACTION                                                   hierarchical n         n            0       0        <fn>    <NULL>  <NULL> stat_1    
 317 TRT01A Placebo              AESOC  EAR AND LABYRINTH DISORDERS                                         AEDECOD                      CERUMEN IMPACTION                                                   hierarchical N         N           86       86       <fn>    <NULL>  <NULL> stat_1    
 318 TRT01A Placebo              AESOC  EAR AND LABYRINTH DISORDERS                                         AEDECOD                      CERUMEN IMPACTION                                                   hierarchical p         %            0       0        <fn>    <NULL>  <NULL> stat_1    
 319 TRT01A Total                AESOC  EAR AND LABYRINTH DISORDERS                                         AEDECOD                      CERUMEN IMPACTION                                                   hierarchical n         n            1       1        <fn>    <NULL>  <NULL> stat_2    
 320 TRT01A Total                AESOC  EAR AND LABYRINTH DISORDERS                                         AEDECOD                      CERUMEN IMPACTION                                                   hierarchical N         N          306       306      <fn>    <NULL>  <NULL> stat_2    
 321 TRT01A Total                AESOC  EAR AND LABYRINTH DISORDERS                                         AEDECOD                      CERUMEN IMPACTION                                                   hierarchical p         %            0.00327 0.3      <fn>    <NULL>  <NULL> stat_2    
 322 TRT01A Xanomeline High Dose AESOC  EAR AND LABYRINTH DISORDERS                                         AEDECOD                      CERUMEN IMPACTION                                                   hierarchical n         n            0       0        <fn>    <NULL>  <NULL> stat_3    
 323 TRT01A Xanomeline High Dose AESOC  EAR AND LABYRINTH DISORDERS                                         AEDECOD                      CERUMEN IMPACTION                                                   hierarchical N         N           72       72       <fn>    <NULL>  <NULL> stat_3    
 324 TRT01A Xanomeline High Dose AESOC  EAR AND LABYRINTH DISORDERS                                         AEDECOD                      CERUMEN IMPACTION                                                   hierarchical p         %            0       0        <fn>    <NULL>  <NULL> stat_3    
 325 TRT01A Xanomeline Low Dose  AESOC  EAR AND LABYRINTH DISORDERS                                         AEDECOD                      CERUMEN IMPACTION                                                   hierarchical n         n            1       1        <fn>    <NULL>  <NULL> stat_4    
 326 TRT01A Xanomeline Low Dose  AESOC  EAR AND LABYRINTH DISORDERS                                         AEDECOD                      CERUMEN IMPACTION                                                   hierarchical N         N           96       96       <fn>    <NULL>  <NULL> stat_4    
 327 TRT01A Xanomeline Low Dose  AESOC  EAR AND LABYRINTH DISORDERS                                         AEDECOD                      CERUMEN IMPACTION                                                   hierarchical p         %            0.0104  1.0      <fn>    <NULL>  <NULL> stat_4    
 328 TRT01A Placebo              AESOC  EAR AND LABYRINTH DISORDERS                                         AEDECOD                      EAR PAIN                                                            hierarchical n         n            1       1        <fn>    <NULL>  <NULL> stat_1    
 329 TRT01A Placebo              AESOC  EAR AND LABYRINTH DISORDERS                                         AEDECOD                      EAR PAIN                                                            hierarchical N         N           86       86       <fn>    <NULL>  <NULL> stat_1    
 330 TRT01A Placebo              AESOC  EAR AND LABYRINTH DISORDERS                                         AEDECOD                      EAR PAIN                                                            hierarchical p         %            0.0116  1.2      <fn>    <NULL>  <NULL> stat_1    
 331 TRT01A Total                AESOC  EAR AND LABYRINTH DISORDERS                                         AEDECOD                      EAR PAIN                                                            hierarchical n         n            1       1        <fn>    <NULL>  <NULL> stat_2    
 332 TRT01A Total                AESOC  EAR AND LABYRINTH DISORDERS                                         AEDECOD                      EAR PAIN                                                            hierarchical N         N          306       306      <fn>    <NULL>  <NULL> stat_2    
 333 TRT01A Total                AESOC  EAR AND LABYRINTH DISORDERS                                         AEDECOD                      EAR PAIN                                                            hierarchical p         %            0.00327 0.3      <fn>    <NULL>  <NULL> stat_2    
 334 TRT01A Xanomeline High Dose AESOC  EAR AND LABYRINTH DISORDERS                                         AEDECOD                      EAR PAIN                                                            hierarchical n         n            0       0        <fn>    <NULL>  <NULL> stat_3    
 335 TRT01A Xanomeline High Dose AESOC  EAR AND LABYRINTH DISORDERS                                         AEDECOD                      EAR PAIN                                                            hierarchical N         N           72       72       <fn>    <NULL>  <NULL> stat_3    
 336 TRT01A Xanomeline High Dose AESOC  EAR AND LABYRINTH DISORDERS                                         AEDECOD                      EAR PAIN                                                            hierarchical p         %            0       0        <fn>    <NULL>  <NULL> stat_3    
 337 TRT01A Xanomeline Low Dose  AESOC  EAR AND LABYRINTH DISORDERS                                         AEDECOD                      EAR PAIN                                                            hierarchical n         n            0       0        <fn>    <NULL>  <NULL> stat_4    
 338 TRT01A Xanomeline Low Dose  AESOC  EAR AND LABYRINTH DISORDERS                                         AEDECOD                      EAR PAIN                                                            hierarchical N         N           96       96       <fn>    <NULL>  <NULL> stat_4    
 339 TRT01A Xanomeline Low Dose  AESOC  EAR AND LABYRINTH DISORDERS                                         AEDECOD                      EAR PAIN                                                            hierarchical p         %            0       0        <fn>    <NULL>  <NULL> stat_4    
 340 TRT01A Placebo              AESOC  EAR AND LABYRINTH DISORDERS                                         AEDECOD                      VERTIGO                                                             hierarchical n         n            0       0        <fn>    <NULL>  <NULL> stat_1    
 341 TRT01A Placebo              AESOC  EAR AND LABYRINTH DISORDERS                                         AEDECOD                      VERTIGO                                                             hierarchical N         N           86       86       <fn>    <NULL>  <NULL> stat_1    
 342 TRT01A Placebo              AESOC  EAR AND LABYRINTH DISORDERS                                         AEDECOD                      VERTIGO                                                             hierarchical p         %            0       0        <fn>    <NULL>  <NULL> stat_1    
 343 TRT01A Total                AESOC  EAR AND LABYRINTH DISORDERS                                         AEDECOD                      VERTIGO                                                             hierarchical n         n            2       2        <fn>    <NULL>  <NULL> stat_2    
 344 TRT01A Total                AESOC  EAR AND LABYRINTH DISORDERS                                         AEDECOD                      VERTIGO                                                             hierarchical N         N          306       306      <fn>    <NULL>  <NULL> stat_2    
 345 TRT01A Total                AESOC  EAR AND LABYRINTH DISORDERS                                         AEDECOD                      VERTIGO                                                             hierarchical p         %            0.00654 0.7      <fn>    <NULL>  <NULL> stat_2    
 346 TRT01A Xanomeline High Dose AESOC  EAR AND LABYRINTH DISORDERS                                         AEDECOD                      VERTIGO                                                             hierarchical n         n            1       1        <fn>    <NULL>  <NULL> stat_3    
 347 TRT01A Xanomeline High Dose AESOC  EAR AND LABYRINTH DISORDERS                                         AEDECOD                      VERTIGO                                                             hierarchical N         N           72       72       <fn>    <NULL>  <NULL> stat_3    
 348 TRT01A Xanomeline High Dose AESOC  EAR AND LABYRINTH DISORDERS                                         AEDECOD                      VERTIGO                                                             hierarchical p         %            0.0139  1.4      <fn>    <NULL>  <NULL> stat_3    
 349 TRT01A Xanomeline Low Dose  AESOC  EAR AND LABYRINTH DISORDERS                                         AEDECOD                      VERTIGO                                                             hierarchical n         n            1       1        <fn>    <NULL>  <NULL> stat_4    
 350 TRT01A Xanomeline Low Dose  AESOC  EAR AND LABYRINTH DISORDERS                                         AEDECOD                      VERTIGO                                                             hierarchical N         N           96       96       <fn>    <NULL>  <NULL> stat_4    
 351 TRT01A Xanomeline Low Dose  AESOC  EAR AND LABYRINTH DISORDERS                                         AEDECOD                      VERTIGO                                                             hierarchical p         %            0.0104  1.0      <fn>    <NULL>  <NULL> stat_4    
 352 TRT01A Placebo              <NA>   <NULL>                                                              AESOC                        EYE DISORDERS                                                       hierarchical n         n            2       2        <fn>    <NULL>  <NULL> stat_1    
 353 TRT01A Placebo              <NA>   <NULL>                                                              AESOC                        EYE DISORDERS                                                       hierarchical N         N           86       86       <fn>    <NULL>  <NULL> stat_1    
 354 TRT01A Placebo              <NA>   <NULL>                                                              AESOC                        EYE DISORDERS                                                       hierarchical p         %            0.0233  2.3      <fn>    <NULL>  <NULL> stat_1    
 355 TRT01A Total                <NA>   <NULL>                                                              AESOC                        EYE DISORDERS                                                       hierarchical n         n            5       5        <fn>    <NULL>  <NULL> stat_2    
 356 TRT01A Total                <NA>   <NULL>                                                              AESOC                        EYE DISORDERS                                                       hierarchical N         N          306       306      <fn>    <NULL>  <NULL> stat_2    
 357 TRT01A Total                <NA>   <NULL>                                                              AESOC                        EYE DISORDERS                                                       hierarchical p         %            0.0163  1.6      <fn>    <NULL>  <NULL> stat_2    
 358 TRT01A Xanomeline High Dose <NA>   <NULL>                                                              AESOC                        EYE DISORDERS                                                       hierarchical n         n            1       1        <fn>    <NULL>  <NULL> stat_3    
 359 TRT01A Xanomeline High Dose <NA>   <NULL>                                                              AESOC                        EYE DISORDERS                                                       hierarchical N         N           72       72       <fn>    <NULL>  <NULL> stat_3    
 360 TRT01A Xanomeline High Dose <NA>   <NULL>                                                              AESOC                        EYE DISORDERS                                                       hierarchical p         %            0.0139  1.4      <fn>    <NULL>  <NULL> stat_3    
 361 TRT01A Xanomeline Low Dose  <NA>   <NULL>                                                              AESOC                        EYE DISORDERS                                                       hierarchical n         n            2       2        <fn>    <NULL>  <NULL> stat_4    
 362 TRT01A Xanomeline Low Dose  <NA>   <NULL>                                                              AESOC                        EYE DISORDERS                                                       hierarchical N         N           96       96       <fn>    <NULL>  <NULL> stat_4    
 363 TRT01A Xanomeline Low Dose  <NA>   <NULL>                                                              AESOC                        EYE DISORDERS                                                       hierarchical p         %            0.0208  2.1      <fn>    <NULL>  <NULL> stat_4    
 364 TRT01A Placebo              AESOC  EYE DISORDERS                                                       AEDECOD                      CONJUNCTIVAL HAEMORRHAGE                                            hierarchical n         n            0       0        <fn>    <NULL>  <NULL> stat_1    
 365 TRT01A Placebo              AESOC  EYE DISORDERS                                                       AEDECOD                      CONJUNCTIVAL HAEMORRHAGE                                            hierarchical N         N           86       86       <fn>    <NULL>  <NULL> stat_1    
 366 TRT01A Placebo              AESOC  EYE DISORDERS                                                       AEDECOD                      CONJUNCTIVAL HAEMORRHAGE                                            hierarchical p         %            0       0        <fn>    <NULL>  <NULL> stat_1    
 367 TRT01A Total                AESOC  EYE DISORDERS                                                       AEDECOD                      CONJUNCTIVAL HAEMORRHAGE                                            hierarchical n         n            1       1        <fn>    <NULL>  <NULL> stat_2    
 368 TRT01A Total                AESOC  EYE DISORDERS                                                       AEDECOD                      CONJUNCTIVAL HAEMORRHAGE                                            hierarchical N         N          306       306      <fn>    <NULL>  <NULL> stat_2    
 369 TRT01A Total                AESOC  EYE DISORDERS                                                       AEDECOD                      CONJUNCTIVAL HAEMORRHAGE                                            hierarchical p         %            0.00327 0.3      <fn>    <NULL>  <NULL> stat_2    
 370 TRT01A Xanomeline High Dose AESOC  EYE DISORDERS                                                       AEDECOD                      CONJUNCTIVAL HAEMORRHAGE                                            hierarchical n         n            0       0        <fn>    <NULL>  <NULL> stat_3    
 371 TRT01A Xanomeline High Dose AESOC  EYE DISORDERS                                                       AEDECOD                      CONJUNCTIVAL HAEMORRHAGE                                            hierarchical N         N           72       72       <fn>    <NULL>  <NULL> stat_3    
 372 TRT01A Xanomeline High Dose AESOC  EYE DISORDERS                                                       AEDECOD                      CONJUNCTIVAL HAEMORRHAGE                                            hierarchical p         %            0       0        <fn>    <NULL>  <NULL> stat_3    
 373 TRT01A Xanomeline Low Dose  AESOC  EYE DISORDERS                                                       AEDECOD                      CONJUNCTIVAL HAEMORRHAGE                                            hierarchical n         n            1       1        <fn>    <NULL>  <NULL> stat_4    
 374 TRT01A Xanomeline Low Dose  AESOC  EYE DISORDERS                                                       AEDECOD                      CONJUNCTIVAL HAEMORRHAGE                                            hierarchical N         N           96       96       <fn>    <NULL>  <NULL> stat_4    
 375 TRT01A Xanomeline Low Dose  AESOC  EYE DISORDERS                                                       AEDECOD                      CONJUNCTIVAL HAEMORRHAGE                                            hierarchical p         %            0.0104  1.0      <fn>    <NULL>  <NULL> stat_4    
 376 TRT01A Placebo              AESOC  EYE DISORDERS                                                       AEDECOD                      CONJUNCTIVITIS                                                      hierarchical n         n            1       1        <fn>    <NULL>  <NULL> stat_1    
 377 TRT01A Placebo              AESOC  EYE DISORDERS                                                       AEDECOD                      CONJUNCTIVITIS                                                      hierarchical N         N           86       86       <fn>    <NULL>  <NULL> stat_1    
 378 TRT01A Placebo              AESOC  EYE DISORDERS                                                       AEDECOD                      CONJUNCTIVITIS                                                      hierarchical p         %            0.0116  1.2      <fn>    <NULL>  <NULL> stat_1    
 379 TRT01A Total                AESOC  EYE DISORDERS                                                       AEDECOD                      CONJUNCTIVITIS                                                      hierarchical n         n            1       1        <fn>    <NULL>  <NULL> stat_2    
 380 TRT01A Total                AESOC  EYE DISORDERS                                                       AEDECOD                      CONJUNCTIVITIS                                                      hierarchical N         N          306       306      <fn>    <NULL>  <NULL> stat_2    
 381 TRT01A Total                AESOC  EYE DISORDERS                                                       AEDECOD                      CONJUNCTIVITIS                                                      hierarchical p         %            0.00327 0.3      <fn>    <NULL>  <NULL> stat_2    
 382 TRT01A Xanomeline High Dose AESOC  EYE DISORDERS                                                       AEDECOD                      CONJUNCTIVITIS                                                      hierarchical n         n            0       0        <fn>    <NULL>  <NULL> stat_3    
 383 TRT01A Xanomeline High Dose AESOC  EYE DISORDERS                                                       AEDECOD                      CONJUNCTIVITIS                                                      hierarchical N         N           72       72       <fn>    <NULL>  <NULL> stat_3    
 384 TRT01A Xanomeline High Dose AESOC  EYE DISORDERS                                                       AEDECOD                      CONJUNCTIVITIS                                                      hierarchical p         %            0       0        <fn>    <NULL>  <NULL> stat_3    
 385 TRT01A Xanomeline Low Dose  AESOC  EYE DISORDERS                                                       AEDECOD                      CONJUNCTIVITIS                                                      hierarchical n         n            0       0        <fn>    <NULL>  <NULL> stat_4    
 386 TRT01A Xanomeline Low Dose  AESOC  EYE DISORDERS                                                       AEDECOD                      CONJUNCTIVITIS                                                      hierarchical N         N           96       96       <fn>    <NULL>  <NULL> stat_4    
 387 TRT01A Xanomeline Low Dose  AESOC  EYE DISORDERS                                                       AEDECOD                      CONJUNCTIVITIS                                                      hierarchical p         %            0       0        <fn>    <NULL>  <NULL> stat_4    
 388 TRT01A Placebo              AESOC  EYE DISORDERS                                                       AEDECOD                      EYE ALLERGY                                                         hierarchical n         n            1       1        <fn>    <NULL>  <NULL> stat_1    
 389 TRT01A Placebo              AESOC  EYE DISORDERS                                                       AEDECOD                      EYE ALLERGY                                                         hierarchical N         N           86       86       <fn>    <NULL>  <NULL> stat_1    
 390 TRT01A Placebo              AESOC  EYE DISORDERS                                                       AEDECOD                      EYE ALLERGY                                                         hierarchical p         %            0.0116  1.2      <fn>    <NULL>  <NULL> stat_1    
 391 TRT01A Total                AESOC  EYE DISORDERS                                                       AEDECOD                      EYE ALLERGY                                                         hierarchical n         n            1       1        <fn>    <NULL>  <NULL> stat_2    
 392 TRT01A Total                AESOC  EYE DISORDERS                                                       AEDECOD                      EYE ALLERGY                                                         hierarchical N         N          306       306      <fn>    <NULL>  <NULL> stat_2    
 393 TRT01A Total                AESOC  EYE DISORDERS                                                       AEDECOD                      EYE ALLERGY                                                         hierarchical p         %            0.00327 0.3      <fn>    <NULL>  <NULL> stat_2    
 394 TRT01A Xanomeline High Dose AESOC  EYE DISORDERS                                                       AEDECOD                      EYE ALLERGY                                                         hierarchical n         n            0       0        <fn>    <NULL>  <NULL> stat_3    
 395 TRT01A Xanomeline High Dose AESOC  EYE DISORDERS                                                       AEDECOD                      EYE ALLERGY                                                         hierarchical N         N           72       72       <fn>    <NULL>  <NULL> stat_3    
 396 TRT01A Xanomeline High Dose AESOC  EYE DISORDERS                                                       AEDECOD                      EYE ALLERGY                                                         hierarchical p         %            0       0        <fn>    <NULL>  <NULL> stat_3    
 397 TRT01A Xanomeline Low Dose  AESOC  EYE DISORDERS                                                       AEDECOD                      EYE ALLERGY                                                         hierarchical n         n            0       0        <fn>    <NULL>  <NULL> stat_4    
 398 TRT01A Xanomeline Low Dose  AESOC  EYE DISORDERS                                                       AEDECOD                      EYE ALLERGY                                                         hierarchical N         N           96       96       <fn>    <NULL>  <NULL> stat_4    
 399 TRT01A Xanomeline Low Dose  AESOC  EYE DISORDERS                                                       AEDECOD                      EYE ALLERGY                                                         hierarchical p         %            0       0        <fn>    <NULL>  <NULL> stat_4    
 400 TRT01A Placebo              AESOC  EYE DISORDERS                                                       AEDECOD                      EYE PRURITUS                                                        hierarchical n         n            1       1        <fn>    <NULL>  <NULL> stat_1    
 401 TRT01A Placebo              AESOC  EYE DISORDERS                                                       AEDECOD                      EYE PRURITUS                                                        hierarchical N         N           86       86       <fn>    <NULL>  <NULL> stat_1    
 402 TRT01A Placebo              AESOC  EYE DISORDERS                                                       AEDECOD                      EYE PRURITUS                                                        hierarchical p         %            0.0116  1.2      <fn>    <NULL>  <NULL> stat_1    
 403 TRT01A Total                AESOC  EYE DISORDERS                                                       AEDECOD                      EYE PRURITUS                                                        hierarchical n         n            1       1        <fn>    <NULL>  <NULL> stat_2    
 404 TRT01A Total                AESOC  EYE DISORDERS                                                       AEDECOD                      EYE PRURITUS                                                        hierarchical N         N          306       306      <fn>    <NULL>  <NULL> stat_2    
 405 TRT01A Total                AESOC  EYE DISORDERS                                                       AEDECOD                      EYE PRURITUS                                                        hierarchical p         %            0.00327 0.3      <fn>    <NULL>  <NULL> stat_2    
 406 TRT01A Xanomeline High Dose AESOC  EYE DISORDERS                                                       AEDECOD                      EYE PRURITUS                                                        hierarchical n         n            0       0        <fn>    <NULL>  <NULL> stat_3    
 407 TRT01A Xanomeline High Dose AESOC  EYE DISORDERS                                                       AEDECOD                      EYE PRURITUS                                                        hierarchical N         N           72       72       <fn>    <NULL>  <NULL> stat_3    
 408 TRT01A Xanomeline High Dose AESOC  EYE DISORDERS                                                       AEDECOD                      EYE PRURITUS                                                        hierarchical p         %            0       0        <fn>    <NULL>  <NULL> stat_3    
 409 TRT01A Xanomeline Low Dose  AESOC  EYE DISORDERS                                                       AEDECOD                      EYE PRURITUS                                                        hierarchical n         n            0       0        <fn>    <NULL>  <NULL> stat_4    
 410 TRT01A Xanomeline Low Dose  AESOC  EYE DISORDERS                                                       AEDECOD                      EYE PRURITUS                                                        hierarchical N         N           96       96       <fn>    <NULL>  <NULL> stat_4    
 411 TRT01A Xanomeline Low Dose  AESOC  EYE DISORDERS                                                       AEDECOD                      EYE PRURITUS                                                        hierarchical p         %            0       0        <fn>    <NULL>  <NULL> stat_4    
 412 TRT01A Placebo              AESOC  EYE DISORDERS                                                       AEDECOD                      EYE SWELLING                                                        hierarchical n         n            1       1        <fn>    <NULL>  <NULL> stat_1    
 413 TRT01A Placebo              AESOC  EYE DISORDERS                                                       AEDECOD                      EYE SWELLING                                                        hierarchical N         N           86       86       <fn>    <NULL>  <NULL> stat_1    
 414 TRT01A Placebo              AESOC  EYE DISORDERS                                                       AEDECOD                      EYE SWELLING                                                        hierarchical p         %            0.0116  1.2      <fn>    <NULL>  <NULL> stat_1    
 415 TRT01A Total                AESOC  EYE DISORDERS                                                       AEDECOD                      EYE SWELLING                                                        hierarchical n         n            1       1        <fn>    <NULL>  <NULL> stat_2    
 416 TRT01A Total                AESOC  EYE DISORDERS                                                       AEDECOD                      EYE SWELLING                                                        hierarchical N         N          306       306      <fn>    <NULL>  <NULL> stat_2    
 417 TRT01A Total                AESOC  EYE DISORDERS                                                       AEDECOD                      EYE SWELLING                                                        hierarchical p         %            0.00327 0.3      <fn>    <NULL>  <NULL> stat_2    
 418 TRT01A Xanomeline High Dose AESOC  EYE DISORDERS                                                       AEDECOD                      EYE SWELLING                                                        hierarchical n         n            0       0        <fn>    <NULL>  <NULL> stat_3    
 419 TRT01A Xanomeline High Dose AESOC  EYE DISORDERS                                                       AEDECOD                      EYE SWELLING                                                        hierarchical N         N           72       72       <fn>    <NULL>  <NULL> stat_3    
 420 TRT01A Xanomeline High Dose AESOC  EYE DISORDERS                                                       AEDECOD                      EYE SWELLING                                                        hierarchical p         %            0       0        <fn>    <NULL>  <NULL> stat_3    
 421 TRT01A Xanomeline Low Dose  AESOC  EYE DISORDERS                                                       AEDECOD                      EYE SWELLING                                                        hierarchical n         n            0       0        <fn>    <NULL>  <NULL> stat_4    
 422 TRT01A Xanomeline Low Dose  AESOC  EYE DISORDERS                                                       AEDECOD                      EYE SWELLING                                                        hierarchical N         N           96       96       <fn>    <NULL>  <NULL> stat_4    
 423 TRT01A Xanomeline Low Dose  AESOC  EYE DISORDERS                                                       AEDECOD                      EYE SWELLING                                                        hierarchical p         %            0       0        <fn>    <NULL>  <NULL> stat_4    
 424 TRT01A Placebo              AESOC  EYE DISORDERS                                                       AEDECOD                      VISION BLURRED                                                      hierarchical n         n            0       0        <fn>    <NULL>  <NULL> stat_1    
 425 TRT01A Placebo              AESOC  EYE DISORDERS                                                       AEDECOD                      VISION BLURRED                                                      hierarchical N         N           86       86       <fn>    <NULL>  <NULL> stat_1    
 426 TRT01A Placebo              AESOC  EYE DISORDERS                                                       AEDECOD                      VISION BLURRED                                                      hierarchical p         %            0       0        <fn>    <NULL>  <NULL> stat_1    
 427 TRT01A Total                AESOC  EYE DISORDERS                                                       AEDECOD                      VISION BLURRED                                                      hierarchical n         n            2       2        <fn>    <NULL>  <NULL> stat_2    
 428 TRT01A Total                AESOC  EYE DISORDERS                                                       AEDECOD                      VISION BLURRED                                                      hierarchical N         N          306       306      <fn>    <NULL>  <NULL> stat_2    
 429 TRT01A Total                AESOC  EYE DISORDERS                                                       AEDECOD                      VISION BLURRED                                                      hierarchical p         %            0.00654 0.7      <fn>    <NULL>  <NULL> stat_2    
 430 TRT01A Xanomeline High Dose AESOC  EYE DISORDERS                                                       AEDECOD                      VISION BLURRED                                                      hierarchical n         n            1       1        <fn>    <NULL>  <NULL> stat_3    
 431 TRT01A Xanomeline High Dose AESOC  EYE DISORDERS                                                       AEDECOD                      VISION BLURRED                                                      hierarchical N         N           72       72       <fn>    <NULL>  <NULL> stat_3    
 432 TRT01A Xanomeline High Dose AESOC  EYE DISORDERS                                                       AEDECOD                      VISION BLURRED                                                      hierarchical p         %            0.0139  1.4      <fn>    <NULL>  <NULL> stat_3    
 433 TRT01A Xanomeline Low Dose  AESOC  EYE DISORDERS                                                       AEDECOD                      VISION BLURRED                                                      hierarchical n         n            1       1        <fn>    <NULL>  <NULL> stat_4    
 434 TRT01A Xanomeline Low Dose  AESOC  EYE DISORDERS                                                       AEDECOD                      VISION BLURRED                                                      hierarchical N         N           96       96       <fn>    <NULL>  <NULL> stat_4    
 435 TRT01A Xanomeline Low Dose  AESOC  EYE DISORDERS                                                       AEDECOD                      VISION BLURRED                                                      hierarchical p         %            0.0104  1.0      <fn>    <NULL>  <NULL> stat_4    
 436 TRT01A Placebo              <NA>   <NULL>                                                              AESOC                        GASTROINTESTINAL DISORDERS                                          hierarchical n         n           17       17       <fn>    <NULL>  <NULL> stat_1    
 437 TRT01A Placebo              <NA>   <NULL>                                                              AESOC                        GASTROINTESTINAL DISORDERS                                          hierarchical N         N           86       86       <fn>    <NULL>  <NULL> stat_1    
 438 TRT01A Placebo              <NA>   <NULL>                                                              AESOC                        GASTROINTESTINAL DISORDERS                                          hierarchical p         %            0.198   20       <fn>    <NULL>  <NULL> stat_1    
 439 TRT01A Total                <NA>   <NULL>                                                              AESOC                        GASTROINTESTINAL DISORDERS                                          hierarchical n         n           51       51       <fn>    <NULL>  <NULL> stat_2    
 440 TRT01A Total                <NA>   <NULL>                                                              AESOC                        GASTROINTESTINAL DISORDERS                                          hierarchical N         N          306       306      <fn>    <NULL>  <NULL> stat_2    
 441 TRT01A Total                <NA>   <NULL>                                                              AESOC                        GASTROINTESTINAL DISORDERS                                          hierarchical p         %            0.167   17       <fn>    <NULL>  <NULL> stat_2    
 442 TRT01A Xanomeline High Dose <NA>   <NULL>                                                              AESOC                        GASTROINTESTINAL DISORDERS                                          hierarchical n         n           19       19       <fn>    <NULL>  <NULL> stat_3    
 443 TRT01A Xanomeline High Dose <NA>   <NULL>                                                              AESOC                        GASTROINTESTINAL DISORDERS                                          hierarchical N         N           72       72       <fn>    <NULL>  <NULL> stat_3    
 444 TRT01A Xanomeline High Dose <NA>   <NULL>                                                              AESOC                        GASTROINTESTINAL DISORDERS                                          hierarchical p         %            0.264   26       <fn>    <NULL>  <NULL> stat_3    
 445 TRT01A Xanomeline Low Dose  <NA>   <NULL>                                                              AESOC                        GASTROINTESTINAL DISORDERS                                          hierarchical n         n           15       15       <fn>    <NULL>  <NULL> stat_4    
 446 TRT01A Xanomeline Low Dose  <NA>   <NULL>                                                              AESOC                        GASTROINTESTINAL DISORDERS                                          hierarchical N         N           96       96       <fn>    <NULL>  <NULL> stat_4    
 447 TRT01A Xanomeline Low Dose  <NA>   <NULL>                                                              AESOC                        GASTROINTESTINAL DISORDERS                                          hierarchical p         %            0.156   16       <fn>    <NULL>  <NULL> stat_4    
 448 TRT01A Placebo              AESOC  GASTROINTESTINAL DISORDERS                                          AEDECOD                      ABDOMINAL DISCOMFORT                                                hierarchical n         n            0       0        <fn>    <NULL>  <NULL> stat_1    
 449 TRT01A Placebo              AESOC  GASTROINTESTINAL DISORDERS                                          AEDECOD                      ABDOMINAL DISCOMFORT                                                hierarchical N         N           86       86       <fn>    <NULL>  <NULL> stat_1    
 450 TRT01A Placebo              AESOC  GASTROINTESTINAL DISORDERS                                          AEDECOD                      ABDOMINAL DISCOMFORT                                                hierarchical p         %            0       0        <fn>    <NULL>  <NULL> stat_1    
 451 TRT01A Total                AESOC  GASTROINTESTINAL DISORDERS                                          AEDECOD                      ABDOMINAL DISCOMFORT                                                hierarchical n         n            1       1        <fn>    <NULL>  <NULL> stat_2    
 452 TRT01A Total                AESOC  GASTROINTESTINAL DISORDERS                                          AEDECOD                      ABDOMINAL DISCOMFORT                                                hierarchical N         N          306       306      <fn>    <NULL>  <NULL> stat_2    
 453 TRT01A Total                AESOC  GASTROINTESTINAL DISORDERS                                          AEDECOD                      ABDOMINAL DISCOMFORT                                                hierarchical p         %            0.00327 0.3      <fn>    <NULL>  <NULL> stat_2    
 454 TRT01A Xanomeline High Dose AESOC  GASTROINTESTINAL DISORDERS                                          AEDECOD                      ABDOMINAL DISCOMFORT                                                hierarchical n         n            1       1        <fn>    <NULL>  <NULL> stat_3    
 455 TRT01A Xanomeline High Dose AESOC  GASTROINTESTINAL DISORDERS                                          AEDECOD                      ABDOMINAL DISCOMFORT                                                hierarchical N         N           72       72       <fn>    <NULL>  <NULL> stat_3    
 456 TRT01A Xanomeline High Dose AESOC  GASTROINTESTINAL DISORDERS                                          AEDECOD                      ABDOMINAL DISCOMFORT                                                hierarchical p         %            0.0139  1.4      <fn>    <NULL>  <NULL> stat_3    
 457 TRT01A Xanomeline Low Dose  AESOC  GASTROINTESTINAL DISORDERS                                          AEDECOD                      ABDOMINAL DISCOMFORT                                                hierarchical n         n            0       0        <fn>    <NULL>  <NULL> stat_4    
 458 TRT01A Xanomeline Low Dose  AESOC  GASTROINTESTINAL DISORDERS                                          AEDECOD                      ABDOMINAL DISCOMFORT                                                hierarchical N         N           96       96       <fn>    <NULL>  <NULL> stat_4    
 459 TRT01A Xanomeline Low Dose  AESOC  GASTROINTESTINAL DISORDERS                                          AEDECOD                      ABDOMINAL DISCOMFORT                                                hierarchical p         %            0       0        <fn>    <NULL>  <NULL> stat_4    
 460 TRT01A Placebo              AESOC  GASTROINTESTINAL DISORDERS                                          AEDECOD                      ABDOMINAL PAIN                                                      hierarchical n         n            1       1        <fn>    <NULL>  <NULL> stat_1    
 461 TRT01A Placebo              AESOC  GASTROINTESTINAL DISORDERS                                          AEDECOD                      ABDOMINAL PAIN                                                      hierarchical N         N           86       86       <fn>    <NULL>  <NULL> stat_1    
 462 TRT01A Placebo              AESOC  GASTROINTESTINAL DISORDERS                                          AEDECOD                      ABDOMINAL PAIN                                                      hierarchical p         %            0.0116  1.2      <fn>    <NULL>  <NULL> stat_1    
 463 TRT01A Total                AESOC  GASTROINTESTINAL DISORDERS                                          AEDECOD                      ABDOMINAL PAIN                                                      hierarchical n         n            5       5        <fn>    <NULL>  <NULL> stat_2    
 464 TRT01A Total                AESOC  GASTROINTESTINAL DISORDERS                                          AEDECOD                      ABDOMINAL PAIN                                                      hierarchical N         N          306       306      <fn>    <NULL>  <NULL> stat_2    
 465 TRT01A Total                AESOC  GASTROINTESTINAL DISORDERS                                          AEDECOD                      ABDOMINAL PAIN                                                      hierarchical p         %            0.0163  1.6      <fn>    <NULL>  <NULL> stat_2    
 466 TRT01A Xanomeline High Dose AESOC  GASTROINTESTINAL DISORDERS                                          AEDECOD                      ABDOMINAL PAIN                                                      hierarchical n         n            1       1        <fn>    <NULL>  <NULL> stat_3    
 467 TRT01A Xanomeline High Dose AESOC  GASTROINTESTINAL DISORDERS                                          AEDECOD                      ABDOMINAL PAIN                                                      hierarchical N         N           72       72       <fn>    <NULL>  <NULL> stat_3    
 468 TRT01A Xanomeline High Dose AESOC  GASTROINTESTINAL DISORDERS                                          AEDECOD                      ABDOMINAL PAIN                                                      hierarchical p         %            0.0139  1.4      <fn>    <NULL>  <NULL> stat_3    
 469 TRT01A Xanomeline Low Dose  AESOC  GASTROINTESTINAL DISORDERS                                          AEDECOD                      ABDOMINAL PAIN                                                      hierarchical n         n            3       3        <fn>    <NULL>  <NULL> stat_4    
 470 TRT01A Xanomeline Low Dose  AESOC  GASTROINTESTINAL DISORDERS                                          AEDECOD                      ABDOMINAL PAIN                                                      hierarchical N         N           96       96       <fn>    <NULL>  <NULL> stat_4    
 471 TRT01A Xanomeline Low Dose  AESOC  GASTROINTESTINAL DISORDERS                                          AEDECOD                      ABDOMINAL PAIN                                                      hierarchical p         %            0.0312  3.1      <fn>    <NULL>  <NULL> stat_4    
 472 TRT01A Placebo              AESOC  GASTROINTESTINAL DISORDERS                                          AEDECOD                      CONSTIPATION                                                        hierarchical n         n            1       1        <fn>    <NULL>  <NULL> stat_1    
 473 TRT01A Placebo              AESOC  GASTROINTESTINAL DISORDERS                                          AEDECOD                      CONSTIPATION                                                        hierarchical N         N           86       86       <fn>    <NULL>  <NULL> stat_1    
 474 TRT01A Placebo              AESOC  GASTROINTESTINAL DISORDERS                                          AEDECOD                      CONSTIPATION                                                        hierarchical p         %            0.0116  1.2      <fn>    <NULL>  <NULL> stat_1    
 475 TRT01A Total                AESOC  GASTROINTESTINAL DISORDERS                                          AEDECOD                      CONSTIPATION                                                        hierarchical n         n            1       1        <fn>    <NULL>  <NULL> stat_2    
 476 TRT01A Total                AESOC  GASTROINTESTINAL DISORDERS                                          AEDECOD                      CONSTIPATION                                                        hierarchical N         N          306       306      <fn>    <NULL>  <NULL> stat_2    
 477 TRT01A Total                AESOC  GASTROINTESTINAL DISORDERS                                          AEDECOD                      CONSTIPATION                                                        hierarchical p         %            0.00327 0.3      <fn>    <NULL>  <NULL> stat_2    
 478 TRT01A Xanomeline High Dose AESOC  GASTROINTESTINAL DISORDERS                                          AEDECOD                      CONSTIPATION                                                        hierarchical n         n            0       0        <fn>    <NULL>  <NULL> stat_3    
 479 TRT01A Xanomeline High Dose AESOC  GASTROINTESTINAL DISORDERS                                          AEDECOD                      CONSTIPATION                                                        hierarchical N         N           72       72       <fn>    <NULL>  <NULL> stat_3    
 480 TRT01A Xanomeline High Dose AESOC  GASTROINTESTINAL DISORDERS                                          AEDECOD                      CONSTIPATION                                                        hierarchical p         %            0       0        <fn>    <NULL>  <NULL> stat_3    
 481 TRT01A Xanomeline Low Dose  AESOC  GASTROINTESTINAL DISORDERS                                          AEDECOD                      CONSTIPATION                                                        hierarchical n         n            0       0        <fn>    <NULL>  <NULL> stat_4    
 482 TRT01A Xanomeline Low Dose  AESOC  GASTROINTESTINAL DISORDERS                                          AEDECOD                      CONSTIPATION                                                        hierarchical N         N           96       96       <fn>    <NULL>  <NULL> stat_4    
 483 TRT01A Xanomeline Low Dose  AESOC  GASTROINTESTINAL DISORDERS                                          AEDECOD                      CONSTIPATION                                                        hierarchical p         %            0       0        <fn>    <NULL>  <NULL> stat_4    
 484 TRT01A Placebo              AESOC  GASTROINTESTINAL DISORDERS                                          AEDECOD                      DIARRHOEA                                                           hierarchical n         n            9       9        <fn>    <NULL>  <NULL> stat_1    
 485 TRT01A Placebo              AESOC  GASTROINTESTINAL DISORDERS                                          AEDECOD                      DIARRHOEA                                                           hierarchical N         N           86       86       <fn>    <NULL>  <NULL> stat_1    
 486 TRT01A Placebo              AESOC  GASTROINTESTINAL DISORDERS                                          AEDECOD                      DIARRHOEA                                                           hierarchical p         %            0.105   10       <fn>    <NULL>  <NULL> stat_1    
 487 TRT01A Total                AESOC  GASTROINTESTINAL DISORDERS                                          AEDECOD                      DIARRHOEA                                                           hierarchical n         n           17       17       <fn>    <NULL>  <NULL> stat_2    
 488 TRT01A Total                AESOC  GASTROINTESTINAL DISORDERS                                          AEDECOD                      DIARRHOEA                                                           hierarchical N         N          306       306      <fn>    <NULL>  <NULL> stat_2    
 489 TRT01A Total                AESOC  GASTROINTESTINAL DISORDERS                                          AEDECOD                      DIARRHOEA                                                           hierarchical p         %            0.0556  5.6      <fn>    <NULL>  <NULL> stat_2    
 490 TRT01A Xanomeline High Dose AESOC  GASTROINTESTINAL DISORDERS                                          AEDECOD                      DIARRHOEA                                                           hierarchical n         n            3       3        <fn>    <NULL>  <NULL> stat_3    
 491 TRT01A Xanomeline High Dose AESOC  GASTROINTESTINAL DISORDERS                                          AEDECOD                      DIARRHOEA                                                           hierarchical N         N           72       72       <fn>    <NULL>  <NULL> stat_3    
 492 TRT01A Xanomeline High Dose AESOC  GASTROINTESTINAL DISORDERS                                          AEDECOD                      DIARRHOEA                                                           hierarchical p         %            0.0417  4.2      <fn>    <NULL>  <NULL> stat_3    
 493 TRT01A Xanomeline Low Dose  AESOC  GASTROINTESTINAL DISORDERS                                          AEDECOD                      DIARRHOEA                                                           hierarchical n         n            5       5        <fn>    <NULL>  <NULL> stat_4    
 494 TRT01A Xanomeline Low Dose  AESOC  GASTROINTESTINAL DISORDERS                                          AEDECOD                      DIARRHOEA                                                           hierarchical N         N           96       96       <fn>    <NULL>  <NULL> stat_4    
 495 TRT01A Xanomeline Low Dose  AESOC  GASTROINTESTINAL DISORDERS                                          AEDECOD                      DIARRHOEA                                                           hierarchical p         %            0.0521  5.2      <fn>    <NULL>  <NULL> stat_4    
 496 TRT01A Placebo              AESOC  GASTROINTESTINAL DISORDERS                                          AEDECOD                      DYSPEPSIA                                                           hierarchical n         n            1       1        <fn>    <NULL>  <NULL> stat_1    
 497 TRT01A Placebo              AESOC  GASTROINTESTINAL DISORDERS                                          AEDECOD                      DYSPEPSIA                                                           hierarchical N         N           86       86       <fn>    <NULL>  <NULL> stat_1    
 498 TRT01A Placebo              AESOC  GASTROINTESTINAL DISORDERS                                          AEDECOD                      DYSPEPSIA                                                           hierarchical p         %            0.0116  1.2      <fn>    <NULL>  <NULL> stat_1    
 499 TRT01A Total                AESOC  GASTROINTESTINAL DISORDERS                                          AEDECOD                      DYSPEPSIA                                                           hierarchical n         n            2       2        <fn>    <NULL>  <NULL> stat_2    
 500 TRT01A Total                AESOC  GASTROINTESTINAL DISORDERS                                          AEDECOD                      DYSPEPSIA                                                           hierarchical N         N          306       306      <fn>    <NULL>  <NULL> stat_2    
 501 TRT01A Total                AESOC  GASTROINTESTINAL DISORDERS                                          AEDECOD                      DYSPEPSIA                                                           hierarchical p         %            0.00654 0.7      <fn>    <NULL>  <NULL> stat_2    
 502 TRT01A Xanomeline High Dose AESOC  GASTROINTESTINAL DISORDERS                                          AEDECOD                      DYSPEPSIA                                                           hierarchical n         n            0       0        <fn>    <NULL>  <NULL> stat_3    
 503 TRT01A Xanomeline High Dose AESOC  GASTROINTESTINAL DISORDERS                                          AEDECOD                      DYSPEPSIA                                                           hierarchical N         N           72       72       <fn>    <NULL>  <NULL> stat_3    
 504 TRT01A Xanomeline High Dose AESOC  GASTROINTESTINAL DISORDERS                                          AEDECOD                      DYSPEPSIA                                                           hierarchical p         %            0       0        <fn>    <NULL>  <NULL> stat_3    
 505 TRT01A Xanomeline Low Dose  AESOC  GASTROINTESTINAL DISORDERS                                          AEDECOD                      DYSPEPSIA                                                           hierarchical n         n            1       1        <fn>    <NULL>  <NULL> stat_4    
 506 TRT01A Xanomeline Low Dose  AESOC  GASTROINTESTINAL DISORDERS                                          AEDECOD                      DYSPEPSIA                                                           hierarchical N         N           96       96       <fn>    <NULL>  <NULL> stat_4    
 507 TRT01A Xanomeline Low Dose  AESOC  GASTROINTESTINAL DISORDERS                                          AEDECOD                      DYSPEPSIA                                                           hierarchical p         %            0.0104  1.0      <fn>    <NULL>  <NULL> stat_4    
 508 TRT01A Placebo              AESOC  GASTROINTESTINAL DISORDERS                                          AEDECOD                      DYSPHAGIA                                                           hierarchical n         n            0       0        <fn>    <NULL>  <NULL> stat_1    
 509 TRT01A Placebo              AESOC  GASTROINTESTINAL DISORDERS                                          AEDECOD                      DYSPHAGIA                                                           hierarchical N         N           86       86       <fn>    <NULL>  <NULL> stat_1    
 510 TRT01A Placebo              AESOC  GASTROINTESTINAL DISORDERS                                          AEDECOD                      DYSPHAGIA                                                           hierarchical p         %            0       0        <fn>    <NULL>  <NULL> stat_1    
 511 TRT01A Total                AESOC  GASTROINTESTINAL DISORDERS                                          AEDECOD                      DYSPHAGIA                                                           hierarchical n         n            1       1        <fn>    <NULL>  <NULL> stat_2    
 512 TRT01A Total                AESOC  GASTROINTESTINAL DISORDERS                                          AEDECOD                      DYSPHAGIA                                                           hierarchical N         N          306       306      <fn>    <NULL>  <NULL> stat_2    
 513 TRT01A Total                AESOC  GASTROINTESTINAL DISORDERS                                          AEDECOD                      DYSPHAGIA                                                           hierarchical p         %            0.00327 0.3      <fn>    <NULL>  <NULL> stat_2    
 514 TRT01A Xanomeline High Dose AESOC  GASTROINTESTINAL DISORDERS                                          AEDECOD                      DYSPHAGIA                                                           hierarchical n         n            0       0        <fn>    <NULL>  <NULL> stat_3    
 515 TRT01A Xanomeline High Dose AESOC  GASTROINTESTINAL DISORDERS                                          AEDECOD                      DYSPHAGIA                                                           hierarchical N         N           72       72       <fn>    <NULL>  <NULL> stat_3    
 516 TRT01A Xanomeline High Dose AESOC  GASTROINTESTINAL DISORDERS                                          AEDECOD                      DYSPHAGIA                                                           hierarchical p         %            0       0        <fn>    <NULL>  <NULL> stat_3    
 517 TRT01A Xanomeline Low Dose  AESOC  GASTROINTESTINAL DISORDERS                                          AEDECOD                      DYSPHAGIA                                                           hierarchical n         n            1       1        <fn>    <NULL>  <NULL> stat_4    
 518 TRT01A Xanomeline Low Dose  AESOC  GASTROINTESTINAL DISORDERS                                          AEDECOD                      DYSPHAGIA                                                           hierarchical N         N           96       96       <fn>    <NULL>  <NULL> stat_4    
 519 TRT01A Xanomeline Low Dose  AESOC  GASTROINTESTINAL DISORDERS                                          AEDECOD                      DYSPHAGIA                                                           hierarchical p         %            0.0104  1.0      <fn>    <NULL>  <NULL> stat_4    
 520 TRT01A Placebo              AESOC  GASTROINTESTINAL DISORDERS                                          AEDECOD                      FLATULENCE                                                          hierarchical n         n            1       1        <fn>    <NULL>  <NULL> stat_1    
 521 TRT01A Placebo              AESOC  GASTROINTESTINAL DISORDERS                                          AEDECOD                      FLATULENCE                                                          hierarchical N         N           86       86       <fn>    <NULL>  <NULL> stat_1    
 522 TRT01A Placebo              AESOC  GASTROINTESTINAL DISORDERS                                          AEDECOD                      FLATULENCE                                                          hierarchical p         %            0.0116  1.2      <fn>    <NULL>  <NULL> stat_1    
 523 TRT01A Total                AESOC  GASTROINTESTINAL DISORDERS                                          AEDECOD                      FLATULENCE                                                          hierarchical n         n            1       1        <fn>    <NULL>  <NULL> stat_2    
 524 TRT01A Total                AESOC  GASTROINTESTINAL DISORDERS                                          AEDECOD                      FLATULENCE                                                          hierarchical N         N          306       306      <fn>    <NULL>  <NULL> stat_2    
 525 TRT01A Total                AESOC  GASTROINTESTINAL DISORDERS                                          AEDECOD                      FLATULENCE                                                          hierarchical p         %            0.00327 0.3      <fn>    <NULL>  <NULL> stat_2    
 526 TRT01A Xanomeline High Dose AESOC  GASTROINTESTINAL DISORDERS                                          AEDECOD                      FLATULENCE                                                          hierarchical n         n            0       0        <fn>    <NULL>  <NULL> stat_3    
 527 TRT01A Xanomeline High Dose AESOC  GASTROINTESTINAL DISORDERS                                          AEDECOD                      FLATULENCE                                                          hierarchical N         N           72       72       <fn>    <NULL>  <NULL> stat_3    
 528 TRT01A Xanomeline High Dose AESOC  GASTROINTESTINAL DISORDERS                                          AEDECOD                      FLATULENCE                                                          hierarchical p         %            0       0        <fn>    <NULL>  <NULL> stat_3    
 529 TRT01A Xanomeline Low Dose  AESOC  GASTROINTESTINAL DISORDERS                                          AEDECOD                      FLATULENCE                                                          hierarchical n         n            0       0        <fn>    <NULL>  <NULL> stat_4    
 530 TRT01A Xanomeline Low Dose  AESOC  GASTROINTESTINAL DISORDERS                                          AEDECOD                      FLATULENCE                                                          hierarchical N         N           96       96       <fn>    <NULL>  <NULL> stat_4    
 531 TRT01A Xanomeline Low Dose  AESOC  GASTROINTESTINAL DISORDERS                                          AEDECOD                      FLATULENCE                                                          hierarchical p         %            0       0        <fn>    <NULL>  <NULL> stat_4    
 532 TRT01A Placebo              AESOC  GASTROINTESTINAL DISORDERS                                          AEDECOD                      GASTROINTESTINAL HAEMORRHAGE                                        hierarchical n         n            0       0        <fn>    <NULL>  <NULL> stat_1    
 533 TRT01A Placebo              AESOC  GASTROINTESTINAL DISORDERS                                          AEDECOD                      GASTROINTESTINAL HAEMORRHAGE                                        hierarchical N         N           86       86       <fn>    <NULL>  <NULL> stat_1    
 534 TRT01A Placebo              AESOC  GASTROINTESTINAL DISORDERS                                          AEDECOD                      GASTROINTESTINAL HAEMORRHAGE                                        hierarchical p         %            0       0        <fn>    <NULL>  <NULL> stat_1    
 535 TRT01A Total                AESOC  GASTROINTESTINAL DISORDERS                                          AEDECOD                      GASTROINTESTINAL HAEMORRHAGE                                        hierarchical n         n            1       1        <fn>    <NULL>  <NULL> stat_2    
 536 TRT01A Total                AESOC  GASTROINTESTINAL DISORDERS                                          AEDECOD                      GASTROINTESTINAL HAEMORRHAGE                                        hierarchical N         N          306       306      <fn>    <NULL>  <NULL> stat_2    
 537 TRT01A Total                AESOC  GASTROINTESTINAL DISORDERS                                          AEDECOD                      GASTROINTESTINAL HAEMORRHAGE                                        hierarchical p         %            0.00327 0.3      <fn>    <NULL>  <NULL> stat_2    
 538 TRT01A Xanomeline High Dose AESOC  GASTROINTESTINAL DISORDERS                                          AEDECOD                      GASTROINTESTINAL HAEMORRHAGE                                        hierarchical n         n            1       1        <fn>    <NULL>  <NULL> stat_3    
 539 TRT01A Xanomeline High Dose AESOC  GASTROINTESTINAL DISORDERS                                          AEDECOD                      GASTROINTESTINAL HAEMORRHAGE                                        hierarchical N         N           72       72       <fn>    <NULL>  <NULL> stat_3    
 540 TRT01A Xanomeline High Dose AESOC  GASTROINTESTINAL DISORDERS                                          AEDECOD                      GASTROINTESTINAL HAEMORRHAGE                                        hierarchical p         %            0.0139  1.4      <fn>    <NULL>  <NULL> stat_3    
 541 TRT01A Xanomeline Low Dose  AESOC  GASTROINTESTINAL DISORDERS                                          AEDECOD                      GASTROINTESTINAL HAEMORRHAGE                                        hierarchical n         n            0       0        <fn>    <NULL>  <NULL> stat_4    
 542 TRT01A Xanomeline Low Dose  AESOC  GASTROINTESTINAL DISORDERS                                          AEDECOD                      GASTROINTESTINAL HAEMORRHAGE                                        hierarchical N         N           96       96       <fn>    <NULL>  <NULL> stat_4    
 543 TRT01A Xanomeline Low Dose  AESOC  GASTROINTESTINAL DISORDERS                                          AEDECOD                      GASTROINTESTINAL HAEMORRHAGE                                        hierarchical p         %            0       0        <fn>    <NULL>  <NULL> stat_4    
 544 TRT01A Placebo              AESOC  GASTROINTESTINAL DISORDERS                                          AEDECOD                      GASTROOESOPHAGEAL REFLUX DISEASE                                    hierarchical n         n            1       1        <fn>    <NULL>  <NULL> stat_1    
 545 TRT01A Placebo              AESOC  GASTROINTESTINAL DISORDERS                                          AEDECOD                      GASTROOESOPHAGEAL REFLUX DISEASE                                    hierarchical N         N           86       86       <fn>    <NULL>  <NULL> stat_1    
 546 TRT01A Placebo              AESOC  GASTROINTESTINAL DISORDERS                                          AEDECOD                      GASTROOESOPHAGEAL REFLUX DISEASE                                    hierarchical p         %            0.0116  1.2      <fn>    <NULL>  <NULL> stat_1    
 547 TRT01A Total                AESOC  GASTROINTESTINAL DISORDERS                                          AEDECOD                      GASTROOESOPHAGEAL REFLUX DISEASE                                    hierarchical n         n            1       1        <fn>    <NULL>  <NULL> stat_2    
 548 TRT01A Total                AESOC  GASTROINTESTINAL DISORDERS                                          AEDECOD                      GASTROOESOPHAGEAL REFLUX DISEASE                                    hierarchical N         N          306       306      <fn>    <NULL>  <NULL> stat_2    
 549 TRT01A Total                AESOC  GASTROINTESTINAL DISORDERS                                          AEDECOD                      GASTROOESOPHAGEAL REFLUX DISEASE                                    hierarchical p         %            0.00327 0.3      <fn>    <NULL>  <NULL> stat_2    
 550 TRT01A Xanomeline High Dose AESOC  GASTROINTESTINAL DISORDERS                                          AEDECOD                      GASTROOESOPHAGEAL REFLUX DISEASE                                    hierarchical n         n            0       0        <fn>    <NULL>  <NULL> stat_3    
 551 TRT01A Xanomeline High Dose AESOC  GASTROINTESTINAL DISORDERS                                          AEDECOD                      GASTROOESOPHAGEAL REFLUX DISEASE                                    hierarchical N         N           72       72       <fn>    <NULL>  <NULL> stat_3    
 552 TRT01A Xanomeline High Dose AESOC  GASTROINTESTINAL DISORDERS                                          AEDECOD                      GASTROOESOPHAGEAL REFLUX DISEASE                                    hierarchical p         %            0       0        <fn>    <NULL>  <NULL> stat_3    
 553 TRT01A Xanomeline Low Dose  AESOC  GASTROINTESTINAL DISORDERS                                          AEDECOD                      GASTROOESOPHAGEAL REFLUX DISEASE                                    hierarchical n         n            0       0        <fn>    <NULL>  <NULL> stat_4    
 554 TRT01A Xanomeline Low Dose  AESOC  GASTROINTESTINAL DISORDERS                                          AEDECOD                      GASTROOESOPHAGEAL REFLUX DISEASE                                    hierarchical N         N           96       96       <fn>    <NULL>  <NULL> stat_4    
 555 TRT01A Xanomeline Low Dose  AESOC  GASTROINTESTINAL DISORDERS                                          AEDECOD                      GASTROOESOPHAGEAL REFLUX DISEASE                                    hierarchical p         %            0       0        <fn>    <NULL>  <NULL> stat_4    
 556 TRT01A Placebo              AESOC  GASTROINTESTINAL DISORDERS                                          AEDECOD                      GLOSSITIS                                                           hierarchical n         n            1       1        <fn>    <NULL>  <NULL> stat_1    
 557 TRT01A Placebo              AESOC  GASTROINTESTINAL DISORDERS                                          AEDECOD                      GLOSSITIS                                                           hierarchical N         N           86       86       <fn>    <NULL>  <NULL> stat_1    
 558 TRT01A Placebo              AESOC  GASTROINTESTINAL DISORDERS                                          AEDECOD                      GLOSSITIS                                                           hierarchical p         %            0.0116  1.2      <fn>    <NULL>  <NULL> stat_1    
 559 TRT01A Total                AESOC  GASTROINTESTINAL DISORDERS                                          AEDECOD                      GLOSSITIS                                                           hierarchical n         n            1       1        <fn>    <NULL>  <NULL> stat_2    
 560 TRT01A Total                AESOC  GASTROINTESTINAL DISORDERS                                          AEDECOD                      GLOSSITIS                                                           hierarchical N         N          306       306      <fn>    <NULL>  <NULL> stat_2    
 561 TRT01A Total                AESOC  GASTROINTESTINAL DISORDERS                                          AEDECOD                      GLOSSITIS                                                           hierarchical p         %            0.00327 0.3      <fn>    <NULL>  <NULL> stat_2    
 562 TRT01A Xanomeline High Dose AESOC  GASTROINTESTINAL DISORDERS                                          AEDECOD                      GLOSSITIS                                                           hierarchical n         n            0       0        <fn>    <NULL>  <NULL> stat_3    
 563 TRT01A Xanomeline High Dose AESOC  GASTROINTESTINAL DISORDERS                                          AEDECOD                      GLOSSITIS                                                           hierarchical N         N           72       72       <fn>    <NULL>  <NULL> stat_3    
 564 TRT01A Xanomeline High Dose AESOC  GASTROINTESTINAL DISORDERS                                          AEDECOD                      GLOSSITIS                                                           hierarchical p         %            0       0        <fn>    <NULL>  <NULL> stat_3    
 565 TRT01A Xanomeline Low Dose  AESOC  GASTROINTESTINAL DISORDERS                                          AEDECOD                      GLOSSITIS                                                           hierarchical n         n            0       0        <fn>    <NULL>  <NULL> stat_4    
 566 TRT01A Xanomeline Low Dose  AESOC  GASTROINTESTINAL DISORDERS                                          AEDECOD                      GLOSSITIS                                                           hierarchical N         N           96       96       <fn>    <NULL>  <NULL> stat_4    
 567 TRT01A Xanomeline Low Dose  AESOC  GASTROINTESTINAL DISORDERS                                          AEDECOD                      GLOSSITIS                                                           hierarchical p         %            0       0        <fn>    <NULL>  <NULL> stat_4    
 568 TRT01A Placebo              AESOC  GASTROINTESTINAL DISORDERS                                          AEDECOD                      HIATUS HERNIA                                                       hierarchical n         n            1       1        <fn>    <NULL>  <NULL> stat_1    
 569 TRT01A Placebo              AESOC  GASTROINTESTINAL DISORDERS                                          AEDECOD                      HIATUS HERNIA                                                       hierarchical N         N           86       86       <fn>    <NULL>  <NULL> stat_1    
 570 TRT01A Placebo              AESOC  GASTROINTESTINAL DISORDERS                                          AEDECOD                      HIATUS HERNIA                                                       hierarchical p         %            0.0116  1.2      <fn>    <NULL>  <NULL> stat_1    
 571 TRT01A Total                AESOC  GASTROINTESTINAL DISORDERS                                          AEDECOD                      HIATUS HERNIA                                                       hierarchical n         n            1       1        <fn>    <NULL>  <NULL> stat_2    
 572 TRT01A Total                AESOC  GASTROINTESTINAL DISORDERS                                          AEDECOD                      HIATUS HERNIA                                                       hierarchical N         N          306       306      <fn>    <NULL>  <NULL> stat_2    
 573 TRT01A Total                AESOC  GASTROINTESTINAL DISORDERS                                          AEDECOD                      HIATUS HERNIA                                                       hierarchical p         %            0.00327 0.3      <fn>    <NULL>  <NULL> stat_2    
 574 TRT01A Xanomeline High Dose AESOC  GASTROINTESTINAL DISORDERS                                          AEDECOD                      HIATUS HERNIA                                                       hierarchical n         n            0       0        <fn>    <NULL>  <NULL> stat_3    
 575 TRT01A Xanomeline High Dose AESOC  GASTROINTESTINAL DISORDERS                                          AEDECOD                      HIATUS HERNIA                                                       hierarchical N         N           72       72       <fn>    <NULL>  <NULL> stat_3    
 576 TRT01A Xanomeline High Dose AESOC  GASTROINTESTINAL DISORDERS                                          AEDECOD                      HIATUS HERNIA                                                       hierarchical p         %            0       0        <fn>    <NULL>  <NULL> stat_3    
 577 TRT01A Xanomeline Low Dose  AESOC  GASTROINTESTINAL DISORDERS                                          AEDECOD                      HIATUS HERNIA                                                       hierarchical n         n            0       0        <fn>    <NULL>  <NULL> stat_4    
 578 TRT01A Xanomeline Low Dose  AESOC  GASTROINTESTINAL DISORDERS                                          AEDECOD                      HIATUS HERNIA                                                       hierarchical N         N           96       96       <fn>    <NULL>  <NULL> stat_4    
 579 TRT01A Xanomeline Low Dose  AESOC  GASTROINTESTINAL DISORDERS                                          AEDECOD                      HIATUS HERNIA                                                       hierarchical p         %            0       0        <fn>    <NULL>  <NULL> stat_4    
 580 TRT01A Placebo              AESOC  GASTROINTESTINAL DISORDERS                                          AEDECOD                      NAUSEA                                                              hierarchical n         n            3       3        <fn>    <NULL>  <NULL> stat_1    
 581 TRT01A Placebo              AESOC  GASTROINTESTINAL DISORDERS                                          AEDECOD                      NAUSEA                                                              hierarchical N         N           86       86       <fn>    <NULL>  <NULL> stat_1    
 582 TRT01A Placebo              AESOC  GASTROINTESTINAL DISORDERS                                          AEDECOD                      NAUSEA                                                              hierarchical p         %            0.0349  3.5      <fn>    <NULL>  <NULL> stat_1    
 583 TRT01A Total                AESOC  GASTROINTESTINAL DISORDERS                                          AEDECOD                      NAUSEA                                                              hierarchical n         n           12       12       <fn>    <NULL>  <NULL> stat_2    
 584 TRT01A Total                AESOC  GASTROINTESTINAL DISORDERS                                          AEDECOD                      NAUSEA                                                              hierarchical N         N          306       306      <fn>    <NULL>  <NULL> stat_2    
 585 TRT01A Total                AESOC  GASTROINTESTINAL DISORDERS                                          AEDECOD                      NAUSEA                                                              hierarchical p         %            0.0392  3.9      <fn>    <NULL>  <NULL> stat_2    
 586 TRT01A Xanomeline High Dose AESOC  GASTROINTESTINAL DISORDERS                                          AEDECOD                      NAUSEA                                                              hierarchical n         n            6       6        <fn>    <NULL>  <NULL> stat_3    
 587 TRT01A Xanomeline High Dose AESOC  GASTROINTESTINAL DISORDERS                                          AEDECOD                      NAUSEA                                                              hierarchical N         N           72       72       <fn>    <NULL>  <NULL> stat_3    
 588 TRT01A Xanomeline High Dose AESOC  GASTROINTESTINAL DISORDERS                                          AEDECOD                      NAUSEA                                                              hierarchical p         %            0.0833  8.3      <fn>    <NULL>  <NULL> stat_3    
 589 TRT01A Xanomeline Low Dose  AESOC  GASTROINTESTINAL DISORDERS                                          AEDECOD                      NAUSEA                                                              hierarchical n         n            3       3        <fn>    <NULL>  <NULL> stat_4    
 590 TRT01A Xanomeline Low Dose  AESOC  GASTROINTESTINAL DISORDERS                                          AEDECOD                      NAUSEA                                                              hierarchical N         N           96       96       <fn>    <NULL>  <NULL> stat_4    
 591 TRT01A Xanomeline Low Dose  AESOC  GASTROINTESTINAL DISORDERS                                          AEDECOD                      NAUSEA                                                              hierarchical p         %            0.0312  3.1      <fn>    <NULL>  <NULL> stat_4    
 592 TRT01A Placebo              AESOC  GASTROINTESTINAL DISORDERS                                          AEDECOD                      RECTAL HAEMORRHAGE                                                  hierarchical n         n            0       0        <fn>    <NULL>  <NULL> stat_1    
 593 TRT01A Placebo              AESOC  GASTROINTESTINAL DISORDERS                                          AEDECOD                      RECTAL HAEMORRHAGE                                                  hierarchical N         N           86       86       <fn>    <NULL>  <NULL> stat_1    
 594 TRT01A Placebo              AESOC  GASTROINTESTINAL DISORDERS                                          AEDECOD                      RECTAL HAEMORRHAGE                                                  hierarchical p         %            0       0        <fn>    <NULL>  <NULL> stat_1    
 595 TRT01A Total                AESOC  GASTROINTESTINAL DISORDERS                                          AEDECOD                      RECTAL HAEMORRHAGE                                                  hierarchical n         n            1       1        <fn>    <NULL>  <NULL> stat_2    
 596 TRT01A Total                AESOC  GASTROINTESTINAL DISORDERS                                          AEDECOD                      RECTAL HAEMORRHAGE                                                  hierarchical N         N          306       306      <fn>    <NULL>  <NULL> stat_2    
 597 TRT01A Total                AESOC  GASTROINTESTINAL DISORDERS                                          AEDECOD                      RECTAL HAEMORRHAGE                                                  hierarchical p         %            0.00327 0.3      <fn>    <NULL>  <NULL> stat_2    
 598 TRT01A Xanomeline High Dose AESOC  GASTROINTESTINAL DISORDERS                                          AEDECOD                      RECTAL HAEMORRHAGE                                                  hierarchical n         n            0       0        <fn>    <NULL>  <NULL> stat_3    
 599 TRT01A Xanomeline High Dose AESOC  GASTROINTESTINAL DISORDERS                                          AEDECOD                      RECTAL HAEMORRHAGE                                                  hierarchical N         N           72       72       <fn>    <NULL>  <NULL> stat_3    
 600 TRT01A Xanomeline High Dose AESOC  GASTROINTESTINAL DISORDERS                                          AEDECOD                      RECTAL HAEMORRHAGE                                                  hierarchical p         %            0       0        <fn>    <NULL>  <NULL> stat_3    
 601 TRT01A Xanomeline Low Dose  AESOC  GASTROINTESTINAL DISORDERS                                          AEDECOD                      RECTAL HAEMORRHAGE                                                  hierarchical n         n            1       1        <fn>    <NULL>  <NULL> stat_4    
 602 TRT01A Xanomeline Low Dose  AESOC  GASTROINTESTINAL DISORDERS                                          AEDECOD                      RECTAL HAEMORRHAGE                                                  hierarchical N         N           96       96       <fn>    <NULL>  <NULL> stat_4    
 603 TRT01A Xanomeline Low Dose  AESOC  GASTROINTESTINAL DISORDERS                                          AEDECOD                      RECTAL HAEMORRHAGE                                                  hierarchical p         %            0.0104  1.0      <fn>    <NULL>  <NULL> stat_4    
 604 TRT01A Placebo              AESOC  GASTROINTESTINAL DISORDERS                                          AEDECOD                      SALIVARY HYPERSECRETION                                             hierarchical n         n            0       0        <fn>    <NULL>  <NULL> stat_1    
 605 TRT01A Placebo              AESOC  GASTROINTESTINAL DISORDERS                                          AEDECOD                      SALIVARY HYPERSECRETION                                             hierarchical N         N           86       86       <fn>    <NULL>  <NULL> stat_1    
 606 TRT01A Placebo              AESOC  GASTROINTESTINAL DISORDERS                                          AEDECOD                      SALIVARY HYPERSECRETION                                             hierarchical p         %            0       0        <fn>    <NULL>  <NULL> stat_1    
 607 TRT01A Total                AESOC  GASTROINTESTINAL DISORDERS                                          AEDECOD                      SALIVARY HYPERSECRETION                                             hierarchical n         n            4       4        <fn>    <NULL>  <NULL> stat_2    
 608 TRT01A Total                AESOC  GASTROINTESTINAL DISORDERS                                          AEDECOD                      SALIVARY HYPERSECRETION                                             hierarchical N         N          306       306      <fn>    <NULL>  <NULL> stat_2    
 609 TRT01A Total                AESOC  GASTROINTESTINAL DISORDERS                                          AEDECOD                      SALIVARY HYPERSECRETION                                             hierarchical p         %            0.0131  1.3      <fn>    <NULL>  <NULL> stat_2    
 610 TRT01A Xanomeline High Dose AESOC  GASTROINTESTINAL DISORDERS                                          AEDECOD                      SALIVARY HYPERSECRETION                                             hierarchical n         n            4       4        <fn>    <NULL>  <NULL> stat_3    
 611 TRT01A Xanomeline High Dose AESOC  GASTROINTESTINAL DISORDERS                                          AEDECOD                      SALIVARY HYPERSECRETION                                             hierarchical N         N           72       72       <fn>    <NULL>  <NULL> stat_3    
 612 TRT01A Xanomeline High Dose AESOC  GASTROINTESTINAL DISORDERS                                          AEDECOD                      SALIVARY HYPERSECRETION                                             hierarchical p         %            0.0556  5.6      <fn>    <NULL>  <NULL> stat_3    
 613 TRT01A Xanomeline Low Dose  AESOC  GASTROINTESTINAL DISORDERS                                          AEDECOD                      SALIVARY HYPERSECRETION                                             hierarchical n         n            0       0        <fn>    <NULL>  <NULL> stat_4    
 614 TRT01A Xanomeline Low Dose  AESOC  GASTROINTESTINAL DISORDERS                                          AEDECOD                      SALIVARY HYPERSECRETION                                             hierarchical N         N           96       96       <fn>    <NULL>  <NULL> stat_4    
 615 TRT01A Xanomeline Low Dose  AESOC  GASTROINTESTINAL DISORDERS                                          AEDECOD                      SALIVARY HYPERSECRETION                                             hierarchical p         %            0       0        <fn>    <NULL>  <NULL> stat_4    
 616 TRT01A Placebo              AESOC  GASTROINTESTINAL DISORDERS                                          AEDECOD                      STOMACH DISCOMFORT                                                  hierarchical n         n            0       0        <fn>    <NULL>  <NULL> stat_1    
 617 TRT01A Placebo              AESOC  GASTROINTESTINAL DISORDERS                                          AEDECOD                      STOMACH DISCOMFORT                                                  hierarchical N         N           86       86       <fn>    <NULL>  <NULL> stat_1    
 618 TRT01A Placebo              AESOC  GASTROINTESTINAL DISORDERS                                          AEDECOD                      STOMACH DISCOMFORT                                                  hierarchical p         %            0       0        <fn>    <NULL>  <NULL> stat_1    
 619 TRT01A Total                AESOC  GASTROINTESTINAL DISORDERS                                          AEDECOD                      STOMACH DISCOMFORT                                                  hierarchical n         n            1       1        <fn>    <NULL>  <NULL> stat_2    
 620 TRT01A Total                AESOC  GASTROINTESTINAL DISORDERS                                          AEDECOD                      STOMACH DISCOMFORT                                                  hierarchical N         N          306       306      <fn>    <NULL>  <NULL> stat_2    
 621 TRT01A Total                AESOC  GASTROINTESTINAL DISORDERS                                          AEDECOD                      STOMACH DISCOMFORT                                                  hierarchical p         %            0.00327 0.3      <fn>    <NULL>  <NULL> stat_2    
 622 TRT01A Xanomeline High Dose AESOC  GASTROINTESTINAL DISORDERS                                          AEDECOD                      STOMACH DISCOMFORT                                                  hierarchical n         n            1       1        <fn>    <NULL>  <NULL> stat_3    
 623 TRT01A Xanomeline High Dose AESOC  GASTROINTESTINAL DISORDERS                                          AEDECOD                      STOMACH DISCOMFORT                                                  hierarchical N         N           72       72       <fn>    <NULL>  <NULL> stat_3    
 624 TRT01A Xanomeline High Dose AESOC  GASTROINTESTINAL DISORDERS                                          AEDECOD                      STOMACH DISCOMFORT                                                  hierarchical p         %            0.0139  1.4      <fn>    <NULL>  <NULL> stat_3    
 625 TRT01A Xanomeline Low Dose  AESOC  GASTROINTESTINAL DISORDERS                                          AEDECOD                      STOMACH DISCOMFORT                                                  hierarchical n         n            0       0        <fn>    <NULL>  <NULL> stat_4    
 626 TRT01A Xanomeline Low Dose  AESOC  GASTROINTESTINAL DISORDERS                                          AEDECOD                      STOMACH DISCOMFORT                                                  hierarchical N         N           96       96       <fn>    <NULL>  <NULL> stat_4    
 627 TRT01A Xanomeline Low Dose  AESOC  GASTROINTESTINAL DISORDERS                                          AEDECOD                      STOMACH DISCOMFORT                                                  hierarchical p         %            0       0        <fn>    <NULL>  <NULL> stat_4    
 628 TRT01A Placebo              AESOC  GASTROINTESTINAL DISORDERS                                          AEDECOD                      VOMITING                                                            hierarchical n         n            3       3        <fn>    <NULL>  <NULL> stat_1    
 629 TRT01A Placebo              AESOC  GASTROINTESTINAL DISORDERS                                          AEDECOD                      VOMITING                                                            hierarchical N         N           86       86       <fn>    <NULL>  <NULL> stat_1    
 630 TRT01A Placebo              AESOC  GASTROINTESTINAL DISORDERS                                          AEDECOD                      VOMITING                                                            hierarchical p         %            0.0349  3.5      <fn>    <NULL>  <NULL> stat_1    
 631 TRT01A Total                AESOC  GASTROINTESTINAL DISORDERS                                          AEDECOD                      VOMITING                                                            hierarchical n         n           13       13       <fn>    <NULL>  <NULL> stat_2    
 632 TRT01A Total                AESOC  GASTROINTESTINAL DISORDERS                                          AEDECOD                      VOMITING                                                            hierarchical N         N          306       306      <fn>    <NULL>  <NULL> stat_2    
 633 TRT01A Total                AESOC  GASTROINTESTINAL DISORDERS                                          AEDECOD                      VOMITING                                                            hierarchical p         %            0.0425  4.2      <fn>    <NULL>  <NULL> stat_2    
 634 TRT01A Xanomeline High Dose AESOC  GASTROINTESTINAL DISORDERS                                          AEDECOD                      VOMITING                                                            hierarchical n         n            6       6        <fn>    <NULL>  <NULL> stat_3    
 635 TRT01A Xanomeline High Dose AESOC  GASTROINTESTINAL DISORDERS                                          AEDECOD                      VOMITING                                                            hierarchical N         N           72       72       <fn>    <NULL>  <NULL> stat_3    
 636 TRT01A Xanomeline High Dose AESOC  GASTROINTESTINAL DISORDERS                                          AEDECOD                      VOMITING                                                            hierarchical p         %            0.0833  8.3      <fn>    <NULL>  <NULL> stat_3    
 637 TRT01A Xanomeline Low Dose  AESOC  GASTROINTESTINAL DISORDERS                                          AEDECOD                      VOMITING                                                            hierarchical n         n            4       4        <fn>    <NULL>  <NULL> stat_4    
 638 TRT01A Xanomeline Low Dose  AESOC  GASTROINTESTINAL DISORDERS                                          AEDECOD                      VOMITING                                                            hierarchical N         N           96       96       <fn>    <NULL>  <NULL> stat_4    
 639 TRT01A Xanomeline Low Dose  AESOC  GASTROINTESTINAL DISORDERS                                          AEDECOD                      VOMITING                                                            hierarchical p         %            0.0417  4.2      <fn>    <NULL>  <NULL> stat_4    
 640 TRT01A Placebo              <NA>   <NULL>                                                              AESOC                        GENERAL DISORDERS AND ADMINISTRATION SITE CONDITIONS                hierarchical n         n           21       21       <fn>    <NULL>  <NULL> stat_1    
 641 TRT01A Placebo              <NA>   <NULL>                                                              AESOC                        GENERAL DISORDERS AND ADMINISTRATION SITE CONDITIONS                hierarchical N         N           86       86       <fn>    <NULL>  <NULL> stat_1    
 642 TRT01A Placebo              <NA>   <NULL>                                                              AESOC                        GENERAL DISORDERS AND ADMINISTRATION SITE CONDITIONS                hierarchical p         %            0.244   24       <fn>    <NULL>  <NULL> stat_1    
 643 TRT01A Total                <NA>   <NULL>                                                              AESOC                        GENERAL DISORDERS AND ADMINISTRATION SITE CONDITIONS                hierarchical n         n          108       108      <fn>    <NULL>  <NULL> stat_2    
 644 TRT01A Total                <NA>   <NULL>                                                              AESOC                        GENERAL DISORDERS AND ADMINISTRATION SITE CONDITIONS                hierarchical N         N          306       306      <fn>    <NULL>  <NULL> stat_2    
 645 TRT01A Total                <NA>   <NULL>                                                              AESOC                        GENERAL DISORDERS AND ADMINISTRATION SITE CONDITIONS                hierarchical p         %            0.353   35       <fn>    <NULL>  <NULL> stat_2    
 646 TRT01A Xanomeline High Dose <NA>   <NULL>                                                              AESOC                        GENERAL DISORDERS AND ADMINISTRATION SITE CONDITIONS                hierarchical n         n           36       36       <fn>    <NULL>  <NULL> stat_3    
 647 TRT01A Xanomeline High Dose <NA>   <NULL>                                                              AESOC                        GENERAL DISORDERS AND ADMINISTRATION SITE CONDITIONS                hierarchical N         N           72       72       <fn>    <NULL>  <NULL> stat_3    
 648 TRT01A Xanomeline High Dose <NA>   <NULL>                                                              AESOC                        GENERAL DISORDERS AND ADMINISTRATION SITE CONDITIONS                hierarchical p         %            0.5     50       <fn>    <NULL>  <NULL> stat_3    
 649 TRT01A Xanomeline Low Dose  <NA>   <NULL>                                                              AESOC                        GENERAL DISORDERS AND ADMINISTRATION SITE CONDITIONS                hierarchical n         n           51       51       <fn>    <NULL>  <NULL> stat_4    
 650 TRT01A Xanomeline Low Dose  <NA>   <NULL>                                                              AESOC                        GENERAL DISORDERS AND ADMINISTRATION SITE CONDITIONS                hierarchical N         N           96       96       <fn>    <NULL>  <NULL> stat_4    
 651 TRT01A Xanomeline Low Dose  <NA>   <NULL>                                                              AESOC                        GENERAL DISORDERS AND ADMINISTRATION SITE CONDITIONS                hierarchical p         %            0.531   53       <fn>    <NULL>  <NULL> stat_4    
 652 TRT01A Placebo              AESOC  GENERAL DISORDERS AND ADMINISTRATION SITE CONDITIONS                AEDECOD                      APPLICATION SITE BLEEDING                                           hierarchical n         n            0       0        <fn>    <NULL>  <NULL> stat_1    
 653 TRT01A Placebo              AESOC  GENERAL DISORDERS AND ADMINISTRATION SITE CONDITIONS                AEDECOD                      APPLICATION SITE BLEEDING                                           hierarchical N         N           86       86       <fn>    <NULL>  <NULL> stat_1    
 654 TRT01A Placebo              AESOC  GENERAL DISORDERS AND ADMINISTRATION SITE CONDITIONS                AEDECOD                      APPLICATION SITE BLEEDING                                           hierarchical p         %            0       0        <fn>    <NULL>  <NULL> stat_1    
 655 TRT01A Total                AESOC  GENERAL DISORDERS AND ADMINISTRATION SITE CONDITIONS                AEDECOD                      APPLICATION SITE BLEEDING                                           hierarchical n         n            1       1        <fn>    <NULL>  <NULL> stat_2    
 656 TRT01A Total                AESOC  GENERAL DISORDERS AND ADMINISTRATION SITE CONDITIONS                AEDECOD                      APPLICATION SITE BLEEDING                                           hierarchical N         N          306       306      <fn>    <NULL>  <NULL> stat_2    
 657 TRT01A Total                AESOC  GENERAL DISORDERS AND ADMINISTRATION SITE CONDITIONS                AEDECOD                      APPLICATION SITE BLEEDING                                           hierarchical p         %            0.00327 0.3      <fn>    <NULL>  <NULL> stat_2    
 658 TRT01A Xanomeline High Dose AESOC  GENERAL DISORDERS AND ADMINISTRATION SITE CONDITIONS                AEDECOD                      APPLICATION SITE BLEEDING                                           hierarchical n         n            0       0        <fn>    <NULL>  <NULL> stat_3    
 659 TRT01A Xanomeline High Dose AESOC  GENERAL DISORDERS AND ADMINISTRATION SITE CONDITIONS                AEDECOD                      APPLICATION SITE BLEEDING                                           hierarchical N         N           72       72       <fn>    <NULL>  <NULL> stat_3    
 660 TRT01A Xanomeline High Dose AESOC  GENERAL DISORDERS AND ADMINISTRATION SITE CONDITIONS                AEDECOD                      APPLICATION SITE BLEEDING                                           hierarchical p         %            0       0        <fn>    <NULL>  <NULL> stat_3    
 661 TRT01A Xanomeline Low Dose  AESOC  GENERAL DISORDERS AND ADMINISTRATION SITE CONDITIONS                AEDECOD                      APPLICATION SITE BLEEDING                                           hierarchical n         n            1       1        <fn>    <NULL>  <NULL> stat_4    
 662 TRT01A Xanomeline Low Dose  AESOC  GENERAL DISORDERS AND ADMINISTRATION SITE CONDITIONS                AEDECOD                      APPLICATION SITE BLEEDING                                           hierarchical N         N           96       96       <fn>    <NULL>  <NULL> stat_4    
 663 TRT01A Xanomeline Low Dose  AESOC  GENERAL DISORDERS AND ADMINISTRATION SITE CONDITIONS                AEDECOD                      APPLICATION SITE BLEEDING                                           hierarchical p         %            0.0104  1.0      <fn>    <NULL>  <NULL> stat_4    
 664 TRT01A Placebo              AESOC  GENERAL DISORDERS AND ADMINISTRATION SITE CONDITIONS                AEDECOD                      APPLICATION SITE DERMATITIS                                         hierarchical n         n            5       5        <fn>    <NULL>  <NULL> stat_1    
 665 TRT01A Placebo              AESOC  GENERAL DISORDERS AND ADMINISTRATION SITE CONDITIONS                AEDECOD                      APPLICATION SITE DERMATITIS                                         hierarchical N         N           86       86       <fn>    <NULL>  <NULL> stat_1    
 666 TRT01A Placebo              AESOC  GENERAL DISORDERS AND ADMINISTRATION SITE CONDITIONS                AEDECOD                      APPLICATION SITE DERMATITIS                                         hierarchical p         %            0.0581  5.8      <fn>    <NULL>  <NULL> stat_1    
 667 TRT01A Total                AESOC  GENERAL DISORDERS AND ADMINISTRATION SITE CONDITIONS                AEDECOD                      APPLICATION SITE DERMATITIS                                         hierarchical n         n           21       21       <fn>    <NULL>  <NULL> stat_2    
 668 TRT01A Total                AESOC  GENERAL DISORDERS AND ADMINISTRATION SITE CONDITIONS                AEDECOD                      APPLICATION SITE DERMATITIS                                         hierarchical N         N          306       306      <fn>    <NULL>  <NULL> stat_2    
 669 TRT01A Total                AESOC  GENERAL DISORDERS AND ADMINISTRATION SITE CONDITIONS                AEDECOD                      APPLICATION SITE DERMATITIS                                         hierarchical p         %            0.0686  6.9      <fn>    <NULL>  <NULL> stat_2    
 670 TRT01A Xanomeline High Dose AESOC  GENERAL DISORDERS AND ADMINISTRATION SITE CONDITIONS                AEDECOD                      APPLICATION SITE DERMATITIS                                         hierarchical n         n            7       7        <fn>    <NULL>  <NULL> stat_3    
 671 TRT01A Xanomeline High Dose AESOC  GENERAL DISORDERS AND ADMINISTRATION SITE CONDITIONS                AEDECOD                      APPLICATION SITE DERMATITIS                                         hierarchical N         N           72       72       <fn>    <NULL>  <NULL> stat_3    
 672 TRT01A Xanomeline High Dose AESOC  GENERAL DISORDERS AND ADMINISTRATION SITE CONDITIONS                AEDECOD                      APPLICATION SITE DERMATITIS                                         hierarchical p         %            0.0972  9.7      <fn>    <NULL>  <NULL> stat_3    
 673 TRT01A Xanomeline Low Dose  AESOC  GENERAL DISORDERS AND ADMINISTRATION SITE CONDITIONS                AEDECOD                      APPLICATION SITE DERMATITIS                                         hierarchical n         n            9       9        <fn>    <NULL>  <NULL> stat_4    
 674 TRT01A Xanomeline Low Dose  AESOC  GENERAL DISORDERS AND ADMINISTRATION SITE CONDITIONS                AEDECOD                      APPLICATION SITE DERMATITIS                                         hierarchical N         N           96       96       <fn>    <NULL>  <NULL> stat_4    
 675 TRT01A Xanomeline Low Dose  AESOC  GENERAL DISORDERS AND ADMINISTRATION SITE CONDITIONS                AEDECOD                      APPLICATION SITE DERMATITIS                                         hierarchical p         %            0.0938  9.4      <fn>    <NULL>  <NULL> stat_4    
 676 TRT01A Placebo              AESOC  GENERAL DISORDERS AND ADMINISTRATION SITE CONDITIONS                AEDECOD                      APPLICATION SITE DESQUAMATION                                       hierarchical n         n            0       0        <fn>    <NULL>  <NULL> stat_1    
 677 TRT01A Placebo              AESOC  GENERAL DISORDERS AND ADMINISTRATION SITE CONDITIONS                AEDECOD                      APPLICATION SITE DESQUAMATION                                       hierarchical N         N           86       86       <fn>    <NULL>  <NULL> stat_1    
 678 TRT01A Placebo              AESOC  GENERAL DISORDERS AND ADMINISTRATION SITE CONDITIONS                AEDECOD                      APPLICATION SITE DESQUAMATION                                       hierarchical p         %            0       0        <fn>    <NULL>  <NULL> stat_1    
 679 TRT01A Total                AESOC  GENERAL DISORDERS AND ADMINISTRATION SITE CONDITIONS                AEDECOD                      APPLICATION SITE DESQUAMATION                                       hierarchical n         n            1       1        <fn>    <NULL>  <NULL> stat_2    
 680 TRT01A Total                AESOC  GENERAL DISORDERS AND ADMINISTRATION SITE CONDITIONS                AEDECOD                      APPLICATION SITE DESQUAMATION                                       hierarchical N         N          306       306      <fn>    <NULL>  <NULL> stat_2    
 681 TRT01A Total                AESOC  GENERAL DISORDERS AND ADMINISTRATION SITE CONDITIONS                AEDECOD                      APPLICATION SITE DESQUAMATION                                       hierarchical p         %            0.00327 0.3      <fn>    <NULL>  <NULL> stat_2    
 682 TRT01A Xanomeline High Dose AESOC  GENERAL DISORDERS AND ADMINISTRATION SITE CONDITIONS                AEDECOD                      APPLICATION SITE DESQUAMATION                                       hierarchical n         n            0       0        <fn>    <NULL>  <NULL> stat_3    
 683 TRT01A Xanomeline High Dose AESOC  GENERAL DISORDERS AND ADMINISTRATION SITE CONDITIONS                AEDECOD                      APPLICATION SITE DESQUAMATION                                       hierarchical N         N           72       72       <fn>    <NULL>  <NULL> stat_3    
 684 TRT01A Xanomeline High Dose AESOC  GENERAL DISORDERS AND ADMINISTRATION SITE CONDITIONS                AEDECOD                      APPLICATION SITE DESQUAMATION                                       hierarchical p         %            0       0        <fn>    <NULL>  <NULL> stat_3    
 685 TRT01A Xanomeline Low Dose  AESOC  GENERAL DISORDERS AND ADMINISTRATION SITE CONDITIONS                AEDECOD                      APPLICATION SITE DESQUAMATION                                       hierarchical n         n            1       1        <fn>    <NULL>  <NULL> stat_4    
 686 TRT01A Xanomeline Low Dose  AESOC  GENERAL DISORDERS AND ADMINISTRATION SITE CONDITIONS                AEDECOD                      APPLICATION SITE DESQUAMATION                                       hierarchical N         N           96       96       <fn>    <NULL>  <NULL> stat_4    
 687 TRT01A Xanomeline Low Dose  AESOC  GENERAL DISORDERS AND ADMINISTRATION SITE CONDITIONS                AEDECOD                      APPLICATION SITE DESQUAMATION                                       hierarchical p         %            0.0104  1.0      <fn>    <NULL>  <NULL> stat_4    
 688 TRT01A Placebo              AESOC  GENERAL DISORDERS AND ADMINISTRATION SITE CONDITIONS                AEDECOD                      APPLICATION SITE DISCHARGE                                          hierarchical n         n            0       0        <fn>    <NULL>  <NULL> stat_1    
 689 TRT01A Placebo              AESOC  GENERAL DISORDERS AND ADMINISTRATION SITE CONDITIONS                AEDECOD                      APPLICATION SITE DISCHARGE                                          hierarchical N         N           86       86       <fn>    <NULL>  <NULL> stat_1    
 690 TRT01A Placebo              AESOC  GENERAL DISORDERS AND ADMINISTRATION SITE CONDITIONS                AEDECOD                      APPLICATION SITE DISCHARGE                                          hierarchical p         %            0       0        <fn>    <NULL>  <NULL> stat_1    
 691 TRT01A Total                AESOC  GENERAL DISORDERS AND ADMINISTRATION SITE CONDITIONS                AEDECOD                      APPLICATION SITE DISCHARGE                                          hierarchical n         n            1       1        <fn>    <NULL>  <NULL> stat_2    
 692 TRT01A Total                AESOC  GENERAL DISORDERS AND ADMINISTRATION SITE CONDITIONS                AEDECOD                      APPLICATION SITE DISCHARGE                                          hierarchical N         N          306       306      <fn>    <NULL>  <NULL> stat_2    
 693 TRT01A Total                AESOC  GENERAL DISORDERS AND ADMINISTRATION SITE CONDITIONS                AEDECOD                      APPLICATION SITE DISCHARGE                                          hierarchical p         %            0.00327 0.3      <fn>    <NULL>  <NULL> stat_2    
 694 TRT01A Xanomeline High Dose AESOC  GENERAL DISORDERS AND ADMINISTRATION SITE CONDITIONS                AEDECOD                      APPLICATION SITE DISCHARGE                                          hierarchical n         n            1       1        <fn>    <NULL>  <NULL> stat_3    
 695 TRT01A Xanomeline High Dose AESOC  GENERAL DISORDERS AND ADMINISTRATION SITE CONDITIONS                AEDECOD                      APPLICATION SITE DISCHARGE                                          hierarchical N         N           72       72       <fn>    <NULL>  <NULL> stat_3    
 696 TRT01A Xanomeline High Dose AESOC  GENERAL DISORDERS AND ADMINISTRATION SITE CONDITIONS                AEDECOD                      APPLICATION SITE DISCHARGE                                          hierarchical p         %            0.0139  1.4      <fn>    <NULL>  <NULL> stat_3    
 697 TRT01A Xanomeline Low Dose  AESOC  GENERAL DISORDERS AND ADMINISTRATION SITE CONDITIONS                AEDECOD                      APPLICATION SITE DISCHARGE                                          hierarchical n         n            0       0        <fn>    <NULL>  <NULL> stat_4    
 698 TRT01A Xanomeline Low Dose  AESOC  GENERAL DISORDERS AND ADMINISTRATION SITE CONDITIONS                AEDECOD                      APPLICATION SITE DISCHARGE                                          hierarchical N         N           96       96       <fn>    <NULL>  <NULL> stat_4    
 699 TRT01A Xanomeline Low Dose  AESOC  GENERAL DISORDERS AND ADMINISTRATION SITE CONDITIONS                AEDECOD                      APPLICATION SITE DISCHARGE                                          hierarchical p         %            0       0        <fn>    <NULL>  <NULL> stat_4    
 700 TRT01A Placebo              AESOC  GENERAL DISORDERS AND ADMINISTRATION SITE CONDITIONS                AEDECOD                      APPLICATION SITE DISCOLOURATION                                     hierarchical n         n            0       0        <fn>    <NULL>  <NULL> stat_1    
 701 TRT01A Placebo              AESOC  GENERAL DISORDERS AND ADMINISTRATION SITE CONDITIONS                AEDECOD                      APPLICATION SITE DISCOLOURATION                                     hierarchical N         N           86       86       <fn>    <NULL>  <NULL> stat_1    
 702 TRT01A Placebo              AESOC  GENERAL DISORDERS AND ADMINISTRATION SITE CONDITIONS                AEDECOD                      APPLICATION SITE DISCOLOURATION                                     hierarchical p         %            0       0        <fn>    <NULL>  <NULL> stat_1    
 703 TRT01A Total                AESOC  GENERAL DISORDERS AND ADMINISTRATION SITE CONDITIONS                AEDECOD                      APPLICATION SITE DISCOLOURATION                                     hierarchical n         n            1       1        <fn>    <NULL>  <NULL> stat_2    
 704 TRT01A Total                AESOC  GENERAL DISORDERS AND ADMINISTRATION SITE CONDITIONS                AEDECOD                      APPLICATION SITE DISCOLOURATION                                     hierarchical N         N          306       306      <fn>    <NULL>  <NULL> stat_2    
 705 TRT01A Total                AESOC  GENERAL DISORDERS AND ADMINISTRATION SITE CONDITIONS                AEDECOD                      APPLICATION SITE DISCOLOURATION                                     hierarchical p         %            0.00327 0.3      <fn>    <NULL>  <NULL> stat_2    
 706 TRT01A Xanomeline High Dose AESOC  GENERAL DISORDERS AND ADMINISTRATION SITE CONDITIONS                AEDECOD                      APPLICATION SITE DISCOLOURATION                                     hierarchical n         n            0       0        <fn>    <NULL>  <NULL> stat_3    
 707 TRT01A Xanomeline High Dose AESOC  GENERAL DISORDERS AND ADMINISTRATION SITE CONDITIONS                AEDECOD                      APPLICATION SITE DISCOLOURATION                                     hierarchical N         N           72       72       <fn>    <NULL>  <NULL> stat_3    
 708 TRT01A Xanomeline High Dose AESOC  GENERAL DISORDERS AND ADMINISTRATION SITE CONDITIONS                AEDECOD                      APPLICATION SITE DISCOLOURATION                                     hierarchical p         %            0       0        <fn>    <NULL>  <NULL> stat_3    
 709 TRT01A Xanomeline Low Dose  AESOC  GENERAL DISORDERS AND ADMINISTRATION SITE CONDITIONS                AEDECOD                      APPLICATION SITE DISCOLOURATION                                     hierarchical n         n            1       1        <fn>    <NULL>  <NULL> stat_4    
 710 TRT01A Xanomeline Low Dose  AESOC  GENERAL DISORDERS AND ADMINISTRATION SITE CONDITIONS                AEDECOD                      APPLICATION SITE DISCOLOURATION                                     hierarchical N         N           96       96       <fn>    <NULL>  <NULL> stat_4    
 711 TRT01A Xanomeline Low Dose  AESOC  GENERAL DISORDERS AND ADMINISTRATION SITE CONDITIONS                AEDECOD                      APPLICATION SITE DISCOLOURATION                                     hierarchical p         %            0.0104  1.0      <fn>    <NULL>  <NULL> stat_4    
 712 TRT01A Placebo              AESOC  GENERAL DISORDERS AND ADMINISTRATION SITE CONDITIONS                AEDECOD                      APPLICATION SITE ERYTHEMA                                           hierarchical n         n            3       3        <fn>    <NULL>  <NULL> stat_1    
 713 TRT01A Placebo              AESOC  GENERAL DISORDERS AND ADMINISTRATION SITE CONDITIONS                AEDECOD                      APPLICATION SITE ERYTHEMA                                           hierarchical N         N           86       86       <fn>    <NULL>  <NULL> stat_1    
 714 TRT01A Placebo              AESOC  GENERAL DISORDERS AND ADMINISTRATION SITE CONDITIONS                AEDECOD                      APPLICATION SITE ERYTHEMA                                           hierarchical p         %            0.0349  3.5      <fn>    <NULL>  <NULL> stat_1    
 715 TRT01A Total                AESOC  GENERAL DISORDERS AND ADMINISTRATION SITE CONDITIONS                AEDECOD                      APPLICATION SITE ERYTHEMA                                           hierarchical n         n           30       30       <fn>    <NULL>  <NULL> stat_2    
 716 TRT01A Total                AESOC  GENERAL DISORDERS AND ADMINISTRATION SITE CONDITIONS                AEDECOD                      APPLICATION SITE ERYTHEMA                                           hierarchical N         N          306       306      <fn>    <NULL>  <NULL> stat_2    
 717 TRT01A Total                AESOC  GENERAL DISORDERS AND ADMINISTRATION SITE CONDITIONS                AEDECOD                      APPLICATION SITE ERYTHEMA                                           hierarchical p         %            0.0980  9.8      <fn>    <NULL>  <NULL> stat_2    
 718 TRT01A Xanomeline High Dose AESOC  GENERAL DISORDERS AND ADMINISTRATION SITE CONDITIONS                AEDECOD                      APPLICATION SITE ERYTHEMA                                           hierarchical n         n           14       14       <fn>    <NULL>  <NULL> stat_3    
 719 TRT01A Xanomeline High Dose AESOC  GENERAL DISORDERS AND ADMINISTRATION SITE CONDITIONS                AEDECOD                      APPLICATION SITE ERYTHEMA                                           hierarchical N         N           72       72       <fn>    <NULL>  <NULL> stat_3    
 720 TRT01A Xanomeline High Dose AESOC  GENERAL DISORDERS AND ADMINISTRATION SITE CONDITIONS                AEDECOD                      APPLICATION SITE ERYTHEMA                                           hierarchical p         %            0.194   19       <fn>    <NULL>  <NULL> stat_3    
 721 TRT01A Xanomeline Low Dose  AESOC  GENERAL DISORDERS AND ADMINISTRATION SITE CONDITIONS                AEDECOD                      APPLICATION SITE ERYTHEMA                                           hierarchical n         n           13       13       <fn>    <NULL>  <NULL> stat_4    
 722 TRT01A Xanomeline Low Dose  AESOC  GENERAL DISORDERS AND ADMINISTRATION SITE CONDITIONS                AEDECOD                      APPLICATION SITE ERYTHEMA                                           hierarchical N         N           96       96       <fn>    <NULL>  <NULL> stat_4    
 723 TRT01A Xanomeline Low Dose  AESOC  GENERAL DISORDERS AND ADMINISTRATION SITE CONDITIONS                AEDECOD                      APPLICATION SITE ERYTHEMA                                           hierarchical p         %            0.135   14       <fn>    <NULL>  <NULL> stat_4    
 724 TRT01A Placebo              AESOC  GENERAL DISORDERS AND ADMINISTRATION SITE CONDITIONS                AEDECOD                      APPLICATION SITE INDURATION                                         hierarchical n         n            1       1        <fn>    <NULL>  <NULL> stat_1    
 725 TRT01A Placebo              AESOC  GENERAL DISORDERS AND ADMINISTRATION SITE CONDITIONS                AEDECOD                      APPLICATION SITE INDURATION                                         hierarchical N         N           86       86       <fn>    <NULL>  <NULL> stat_1    
 726 TRT01A Placebo              AESOC  GENERAL DISORDERS AND ADMINISTRATION SITE CONDITIONS                AEDECOD                      APPLICATION SITE INDURATION                                         hierarchical p         %            0.0116  1.2      <fn>    <NULL>  <NULL> stat_1    
 727 TRT01A Total                AESOC  GENERAL DISORDERS AND ADMINISTRATION SITE CONDITIONS                AEDECOD                      APPLICATION SITE INDURATION                                         hierarchical n         n            1       1        <fn>    <NULL>  <NULL> stat_2    
 728 TRT01A Total                AESOC  GENERAL DISORDERS AND ADMINISTRATION SITE CONDITIONS                AEDECOD                      APPLICATION SITE INDURATION                                         hierarchical N         N          306       306      <fn>    <NULL>  <NULL> stat_2    
 729 TRT01A Total                AESOC  GENERAL DISORDERS AND ADMINISTRATION SITE CONDITIONS                AEDECOD                      APPLICATION SITE INDURATION                                         hierarchical p         %            0.00327 0.3      <fn>    <NULL>  <NULL> stat_2    
 730 TRT01A Xanomeline High Dose AESOC  GENERAL DISORDERS AND ADMINISTRATION SITE CONDITIONS                AEDECOD                      APPLICATION SITE INDURATION                                         hierarchical n         n            0       0        <fn>    <NULL>  <NULL> stat_3    
 731 TRT01A Xanomeline High Dose AESOC  GENERAL DISORDERS AND ADMINISTRATION SITE CONDITIONS                AEDECOD                      APPLICATION SITE INDURATION                                         hierarchical N         N           72       72       <fn>    <NULL>  <NULL> stat_3    
 732 TRT01A Xanomeline High Dose AESOC  GENERAL DISORDERS AND ADMINISTRATION SITE CONDITIONS                AEDECOD                      APPLICATION SITE INDURATION                                         hierarchical p         %            0       0        <fn>    <NULL>  <NULL> stat_3    
 733 TRT01A Xanomeline Low Dose  AESOC  GENERAL DISORDERS AND ADMINISTRATION SITE CONDITIONS                AEDECOD                      APPLICATION SITE INDURATION                                         hierarchical n         n            0       0        <fn>    <NULL>  <NULL> stat_4    
 734 TRT01A Xanomeline Low Dose  AESOC  GENERAL DISORDERS AND ADMINISTRATION SITE CONDITIONS                AEDECOD                      APPLICATION SITE INDURATION                                         hierarchical N         N           96       96       <fn>    <NULL>  <NULL> stat_4    
 735 TRT01A Xanomeline Low Dose  AESOC  GENERAL DISORDERS AND ADMINISTRATION SITE CONDITIONS                AEDECOD                      APPLICATION SITE INDURATION                                         hierarchical p         %            0       0        <fn>    <NULL>  <NULL> stat_4    
 736 TRT01A Placebo              AESOC  GENERAL DISORDERS AND ADMINISTRATION SITE CONDITIONS                AEDECOD                      APPLICATION SITE IRRITATION                                         hierarchical n         n            3       3        <fn>    <NULL>  <NULL> stat_1    
 737 TRT01A Placebo              AESOC  GENERAL DISORDERS AND ADMINISTRATION SITE CONDITIONS                AEDECOD                      APPLICATION SITE IRRITATION                                         hierarchical N         N           86       86       <fn>    <NULL>  <NULL> stat_1    
 738 TRT01A Placebo              AESOC  GENERAL DISORDERS AND ADMINISTRATION SITE CONDITIONS                AEDECOD                      APPLICATION SITE IRRITATION                                         hierarchical p         %            0.0349  3.5      <fn>    <NULL>  <NULL> stat_1    
 739 TRT01A Total                AESOC  GENERAL DISORDERS AND ADMINISTRATION SITE CONDITIONS                AEDECOD                      APPLICATION SITE IRRITATION                                         hierarchical n         n           21       21       <fn>    <NULL>  <NULL> stat_2    
 740 TRT01A Total                AESOC  GENERAL DISORDERS AND ADMINISTRATION SITE CONDITIONS                AEDECOD                      APPLICATION SITE IRRITATION                                         hierarchical N         N          306       306      <fn>    <NULL>  <NULL> stat_2    
 741 TRT01A Total                AESOC  GENERAL DISORDERS AND ADMINISTRATION SITE CONDITIONS                AEDECOD                      APPLICATION SITE IRRITATION                                         hierarchical p         %            0.0686  6.9      <fn>    <NULL>  <NULL> stat_2    
 742 TRT01A Xanomeline High Dose AESOC  GENERAL DISORDERS AND ADMINISTRATION SITE CONDITIONS                AEDECOD                      APPLICATION SITE IRRITATION                                         hierarchical n         n            9       9        <fn>    <NULL>  <NULL> stat_3    
 743 TRT01A Xanomeline High Dose AESOC  GENERAL DISORDERS AND ADMINISTRATION SITE CONDITIONS                AEDECOD                      APPLICATION SITE IRRITATION                                         hierarchical N         N           72       72       <fn>    <NULL>  <NULL> stat_3    
 744 TRT01A Xanomeline High Dose AESOC  GENERAL DISORDERS AND ADMINISTRATION SITE CONDITIONS                AEDECOD                      APPLICATION SITE IRRITATION                                         hierarchical p         %            0.125   13       <fn>    <NULL>  <NULL> stat_3    
 745 TRT01A Xanomeline Low Dose  AESOC  GENERAL DISORDERS AND ADMINISTRATION SITE CONDITIONS                AEDECOD                      APPLICATION SITE IRRITATION                                         hierarchical n         n            9       9        <fn>    <NULL>  <NULL> stat_4    
 746 TRT01A Xanomeline Low Dose  AESOC  GENERAL DISORDERS AND ADMINISTRATION SITE CONDITIONS                AEDECOD                      APPLICATION SITE IRRITATION                                         hierarchical N         N           96       96       <fn>    <NULL>  <NULL> stat_4    
 747 TRT01A Xanomeline Low Dose  AESOC  GENERAL DISORDERS AND ADMINISTRATION SITE CONDITIONS                AEDECOD                      APPLICATION SITE IRRITATION                                         hierarchical p         %            0.0938  9.4      <fn>    <NULL>  <NULL> stat_4    
 748 TRT01A Placebo              AESOC  GENERAL DISORDERS AND ADMINISTRATION SITE CONDITIONS                AEDECOD                      APPLICATION SITE PAIN                                               hierarchical n         n            0       0        <fn>    <NULL>  <NULL> stat_1    
 749 TRT01A Placebo              AESOC  GENERAL DISORDERS AND ADMINISTRATION SITE CONDITIONS                AEDECOD                      APPLICATION SITE PAIN                                               hierarchical N         N           86       86       <fn>    <NULL>  <NULL> stat_1    
 750 TRT01A Placebo              AESOC  GENERAL DISORDERS AND ADMINISTRATION SITE CONDITIONS                AEDECOD                      APPLICATION SITE PAIN                                               hierarchical p         %            0       0        <fn>    <NULL>  <NULL> stat_1    
 751 TRT01A Total                AESOC  GENERAL DISORDERS AND ADMINISTRATION SITE CONDITIONS                AEDECOD                      APPLICATION SITE PAIN                                               hierarchical n         n            2       2        <fn>    <NULL>  <NULL> stat_2    
 752 TRT01A Total                AESOC  GENERAL DISORDERS AND ADMINISTRATION SITE CONDITIONS                AEDECOD                      APPLICATION SITE PAIN                                               hierarchical N         N          306       306      <fn>    <NULL>  <NULL> stat_2    
 753 TRT01A Total                AESOC  GENERAL DISORDERS AND ADMINISTRATION SITE CONDITIONS                AEDECOD                      APPLICATION SITE PAIN                                               hierarchical p         %            0.00654 0.7      <fn>    <NULL>  <NULL> stat_2    
 754 TRT01A Xanomeline High Dose AESOC  GENERAL DISORDERS AND ADMINISTRATION SITE CONDITIONS                AEDECOD                      APPLICATION SITE PAIN                                               hierarchical n         n            2       2        <fn>    <NULL>  <NULL> stat_3    
 755 TRT01A Xanomeline High Dose AESOC  GENERAL DISORDERS AND ADMINISTRATION SITE CONDITIONS                AEDECOD                      APPLICATION SITE PAIN                                               hierarchical N         N           72       72       <fn>    <NULL>  <NULL> stat_3    
 756 TRT01A Xanomeline High Dose AESOC  GENERAL DISORDERS AND ADMINISTRATION SITE CONDITIONS                AEDECOD                      APPLICATION SITE PAIN                                               hierarchical p         %            0.0278  2.8      <fn>    <NULL>  <NULL> stat_3    
 757 TRT01A Xanomeline Low Dose  AESOC  GENERAL DISORDERS AND ADMINISTRATION SITE CONDITIONS                AEDECOD                      APPLICATION SITE PAIN                                               hierarchical n         n            0       0        <fn>    <NULL>  <NULL> stat_4    
 758 TRT01A Xanomeline Low Dose  AESOC  GENERAL DISORDERS AND ADMINISTRATION SITE CONDITIONS                AEDECOD                      APPLICATION SITE PAIN                                               hierarchical N         N           96       96       <fn>    <NULL>  <NULL> stat_4    
 759 TRT01A Xanomeline Low Dose  AESOC  GENERAL DISORDERS AND ADMINISTRATION SITE CONDITIONS                AEDECOD                      APPLICATION SITE PAIN                                               hierarchical p         %            0       0        <fn>    <NULL>  <NULL> stat_4    
 760 TRT01A Placebo              AESOC  GENERAL DISORDERS AND ADMINISTRATION SITE CONDITIONS                AEDECOD                      APPLICATION SITE PERSPIRATION                                       hierarchical n         n            0       0        <fn>    <NULL>  <NULL> stat_1    
 761 TRT01A Placebo              AESOC  GENERAL DISORDERS AND ADMINISTRATION SITE CONDITIONS                AEDECOD                      APPLICATION SITE PERSPIRATION                                       hierarchical N         N           86       86       <fn>    <NULL>  <NULL> stat_1    
 762 TRT01A Placebo              AESOC  GENERAL DISORDERS AND ADMINISTRATION SITE CONDITIONS                AEDECOD                      APPLICATION SITE PERSPIRATION                                       hierarchical p         %            0       0        <fn>    <NULL>  <NULL> stat_1    
 763 TRT01A Total                AESOC  GENERAL DISORDERS AND ADMINISTRATION SITE CONDITIONS                AEDECOD                      APPLICATION SITE PERSPIRATION                                       hierarchical n         n            2       2        <fn>    <NULL>  <NULL> stat_2    
 764 TRT01A Total                AESOC  GENERAL DISORDERS AND ADMINISTRATION SITE CONDITIONS                AEDECOD                      APPLICATION SITE PERSPIRATION                                       hierarchical N         N          306       306      <fn>    <NULL>  <NULL> stat_2    
 765 TRT01A Total                AESOC  GENERAL DISORDERS AND ADMINISTRATION SITE CONDITIONS                AEDECOD                      APPLICATION SITE PERSPIRATION                                       hierarchical p         %            0.00654 0.7      <fn>    <NULL>  <NULL> stat_2    
 766 TRT01A Xanomeline High Dose AESOC  GENERAL DISORDERS AND ADMINISTRATION SITE CONDITIONS                AEDECOD                      APPLICATION SITE PERSPIRATION                                       hierarchical n         n            2       2        <fn>    <NULL>  <NULL> stat_3    
 767 TRT01A Xanomeline High Dose AESOC  GENERAL DISORDERS AND ADMINISTRATION SITE CONDITIONS                AEDECOD                      APPLICATION SITE PERSPIRATION                                       hierarchical N         N           72       72       <fn>    <NULL>  <NULL> stat_3    
 768 TRT01A Xanomeline High Dose AESOC  GENERAL DISORDERS AND ADMINISTRATION SITE CONDITIONS                AEDECOD                      APPLICATION SITE PERSPIRATION                                       hierarchical p         %            0.0278  2.8      <fn>    <NULL>  <NULL> stat_3    
 769 TRT01A Xanomeline Low Dose  AESOC  GENERAL DISORDERS AND ADMINISTRATION SITE CONDITIONS                AEDECOD                      APPLICATION SITE PERSPIRATION                                       hierarchical n         n            0       0        <fn>    <NULL>  <NULL> stat_4    
 770 TRT01A Xanomeline Low Dose  AESOC  GENERAL DISORDERS AND ADMINISTRATION SITE CONDITIONS                AEDECOD                      APPLICATION SITE PERSPIRATION                                       hierarchical N         N           96       96       <fn>    <NULL>  <NULL> stat_4    
 771 TRT01A Xanomeline Low Dose  AESOC  GENERAL DISORDERS AND ADMINISTRATION SITE CONDITIONS                AEDECOD                      APPLICATION SITE PERSPIRATION                                       hierarchical p         %            0       0        <fn>    <NULL>  <NULL> stat_4    
 772 TRT01A Placebo              AESOC  GENERAL DISORDERS AND ADMINISTRATION SITE CONDITIONS                AEDECOD                      APPLICATION SITE PRURITUS                                           hierarchical n         n            6       6        <fn>    <NULL>  <NULL> stat_1    
 773 TRT01A Placebo              AESOC  GENERAL DISORDERS AND ADMINISTRATION SITE CONDITIONS                AEDECOD                      APPLICATION SITE PRURITUS                                           hierarchical N         N           86       86       <fn>    <NULL>  <NULL> stat_1    
 774 TRT01A Placebo              AESOC  GENERAL DISORDERS AND ADMINISTRATION SITE CONDITIONS                AEDECOD                      APPLICATION SITE PRURITUS                                           hierarchical p         %            0.0698  7.0      <fn>    <NULL>  <NULL> stat_1    
 775 TRT01A Total                AESOC  GENERAL DISORDERS AND ADMINISTRATION SITE CONDITIONS                AEDECOD                      APPLICATION SITE PRURITUS                                           hierarchical n         n           50       50       <fn>    <NULL>  <NULL> stat_2    
 776 TRT01A Total                AESOC  GENERAL DISORDERS AND ADMINISTRATION SITE CONDITIONS                AEDECOD                      APPLICATION SITE PRURITUS                                           hierarchical N         N          306       306      <fn>    <NULL>  <NULL> stat_2    
 777 TRT01A Total                AESOC  GENERAL DISORDERS AND ADMINISTRATION SITE CONDITIONS                AEDECOD                      APPLICATION SITE PRURITUS                                           hierarchical p         %            0.163   16       <fn>    <NULL>  <NULL> stat_2    
 778 TRT01A Xanomeline High Dose AESOC  GENERAL DISORDERS AND ADMINISTRATION SITE CONDITIONS                AEDECOD                      APPLICATION SITE PRURITUS                                           hierarchical n         n           21       21       <fn>    <NULL>  <NULL> stat_3    
 779 TRT01A Xanomeline High Dose AESOC  GENERAL DISORDERS AND ADMINISTRATION SITE CONDITIONS                AEDECOD                      APPLICATION SITE PRURITUS                                           hierarchical N         N           72       72       <fn>    <NULL>  <NULL> stat_3    
 780 TRT01A Xanomeline High Dose AESOC  GENERAL DISORDERS AND ADMINISTRATION SITE CONDITIONS                AEDECOD                      APPLICATION SITE PRURITUS                                           hierarchical p         %            0.292   29       <fn>    <NULL>  <NULL> stat_3    
 781 TRT01A Xanomeline Low Dose  AESOC  GENERAL DISORDERS AND ADMINISTRATION SITE CONDITIONS                AEDECOD                      APPLICATION SITE PRURITUS                                           hierarchical n         n           23       23       <fn>    <NULL>  <NULL> stat_4    
 782 TRT01A Xanomeline Low Dose  AESOC  GENERAL DISORDERS AND ADMINISTRATION SITE CONDITIONS                AEDECOD                      APPLICATION SITE PRURITUS                                           hierarchical N         N           96       96       <fn>    <NULL>  <NULL> stat_4    
 783 TRT01A Xanomeline Low Dose  AESOC  GENERAL DISORDERS AND ADMINISTRATION SITE CONDITIONS                AEDECOD                      APPLICATION SITE PRURITUS                                           hierarchical p         %            0.240   24       <fn>    <NULL>  <NULL> stat_4    
 784 TRT01A Placebo              AESOC  GENERAL DISORDERS AND ADMINISTRATION SITE CONDITIONS                AEDECOD                      APPLICATION SITE REACTION                                           hierarchical n         n            1       1        <fn>    <NULL>  <NULL> stat_1    
 785 TRT01A Placebo              AESOC  GENERAL DISORDERS AND ADMINISTRATION SITE CONDITIONS                AEDECOD                      APPLICATION SITE REACTION                                           hierarchical N         N           86       86       <fn>    <NULL>  <NULL> stat_1    
 786 TRT01A Placebo              AESOC  GENERAL DISORDERS AND ADMINISTRATION SITE CONDITIONS                AEDECOD                      APPLICATION SITE REACTION                                           hierarchical p         %            0.0116  1.2      <fn>    <NULL>  <NULL> stat_1    
 787 TRT01A Total                AESOC  GENERAL DISORDERS AND ADMINISTRATION SITE CONDITIONS                AEDECOD                      APPLICATION SITE REACTION                                           hierarchical n         n            2       2        <fn>    <NULL>  <NULL> stat_2    
 788 TRT01A Total                AESOC  GENERAL DISORDERS AND ADMINISTRATION SITE CONDITIONS                AEDECOD                      APPLICATION SITE REACTION                                           hierarchical N         N          306       306      <fn>    <NULL>  <NULL> stat_2    
 789 TRT01A Total                AESOC  GENERAL DISORDERS AND ADMINISTRATION SITE CONDITIONS                AEDECOD                      APPLICATION SITE REACTION                                           hierarchical p         %            0.00654 0.7      <fn>    <NULL>  <NULL> stat_2    
 790 TRT01A Xanomeline High Dose AESOC  GENERAL DISORDERS AND ADMINISTRATION SITE CONDITIONS                AEDECOD                      APPLICATION SITE REACTION                                           hierarchical n         n            1       1        <fn>    <NULL>  <NULL> stat_3    
 791 TRT01A Xanomeline High Dose AESOC  GENERAL DISORDERS AND ADMINISTRATION SITE CONDITIONS                AEDECOD                      APPLICATION SITE REACTION                                           hierarchical N         N           72       72       <fn>    <NULL>  <NULL> stat_3    
 792 TRT01A Xanomeline High Dose AESOC  GENERAL DISORDERS AND ADMINISTRATION SITE CONDITIONS                AEDECOD                      APPLICATION SITE REACTION                                           hierarchical p         %            0.0139  1.4      <fn>    <NULL>  <NULL> stat_3    
 793 TRT01A Xanomeline Low Dose  AESOC  GENERAL DISORDERS AND ADMINISTRATION SITE CONDITIONS                AEDECOD                      APPLICATION SITE REACTION                                           hierarchical n         n            0       0        <fn>    <NULL>  <NULL> stat_4    
 794 TRT01A Xanomeline Low Dose  AESOC  GENERAL DISORDERS AND ADMINISTRATION SITE CONDITIONS                AEDECOD                      APPLICATION SITE REACTION                                           hierarchical N         N           96       96       <fn>    <NULL>  <NULL> stat_4    
 795 TRT01A Xanomeline Low Dose  AESOC  GENERAL DISORDERS AND ADMINISTRATION SITE CONDITIONS                AEDECOD                      APPLICATION SITE REACTION                                           hierarchical p         %            0       0        <fn>    <NULL>  <NULL> stat_4    
 796 TRT01A Placebo              AESOC  GENERAL DISORDERS AND ADMINISTRATION SITE CONDITIONS                AEDECOD                      APPLICATION SITE SWELLING                                           hierarchical n         n            0       0        <fn>    <NULL>  <NULL> stat_1    
 797 TRT01A Placebo              AESOC  GENERAL DISORDERS AND ADMINISTRATION SITE CONDITIONS                AEDECOD                      APPLICATION SITE SWELLING                                           hierarchical N         N           86       86       <fn>    <NULL>  <NULL> stat_1    
 798 TRT01A Placebo              AESOC  GENERAL DISORDERS AND ADMINISTRATION SITE CONDITIONS                AEDECOD                      APPLICATION SITE SWELLING                                           hierarchical p         %            0       0        <fn>    <NULL>  <NULL> stat_1    
 799 TRT01A Total                AESOC  GENERAL DISORDERS AND ADMINISTRATION SITE CONDITIONS                AEDECOD                      APPLICATION SITE SWELLING                                           hierarchical n         n            3       3        <fn>    <NULL>  <NULL> stat_2    
 800 TRT01A Total                AESOC  GENERAL DISORDERS AND ADMINISTRATION SITE CONDITIONS                AEDECOD                      APPLICATION SITE SWELLING                                           hierarchical N         N          306       306      <fn>    <NULL>  <NULL> stat_2    
 801 TRT01A Total                AESOC  GENERAL DISORDERS AND ADMINISTRATION SITE CONDITIONS                AEDECOD                      APPLICATION SITE SWELLING                                           hierarchical p         %            0.00980 1.0      <fn>    <NULL>  <NULL> stat_2    
 802 TRT01A Xanomeline High Dose AESOC  GENERAL DISORDERS AND ADMINISTRATION SITE CONDITIONS                AEDECOD                      APPLICATION SITE SWELLING                                           hierarchical n         n            2       2        <fn>    <NULL>  <NULL> stat_3    
 803 TRT01A Xanomeline High Dose AESOC  GENERAL DISORDERS AND ADMINISTRATION SITE CONDITIONS                AEDECOD                      APPLICATION SITE SWELLING                                           hierarchical N         N           72       72       <fn>    <NULL>  <NULL> stat_3    
 804 TRT01A Xanomeline High Dose AESOC  GENERAL DISORDERS AND ADMINISTRATION SITE CONDITIONS                AEDECOD                      APPLICATION SITE SWELLING                                           hierarchical p         %            0.0278  2.8      <fn>    <NULL>  <NULL> stat_3    
 805 TRT01A Xanomeline Low Dose  AESOC  GENERAL DISORDERS AND ADMINISTRATION SITE CONDITIONS                AEDECOD                      APPLICATION SITE SWELLING                                           hierarchical n         n            1       1        <fn>    <NULL>  <NULL> stat_4    
 806 TRT01A Xanomeline Low Dose  AESOC  GENERAL DISORDERS AND ADMINISTRATION SITE CONDITIONS                AEDECOD                      APPLICATION SITE SWELLING                                           hierarchical N         N           96       96       <fn>    <NULL>  <NULL> stat_4    
 807 TRT01A Xanomeline Low Dose  AESOC  GENERAL DISORDERS AND ADMINISTRATION SITE CONDITIONS                AEDECOD                      APPLICATION SITE SWELLING                                           hierarchical p         %            0.0104  1.0      <fn>    <NULL>  <NULL> stat_4    
 808 TRT01A Placebo              AESOC  GENERAL DISORDERS AND ADMINISTRATION SITE CONDITIONS                AEDECOD                      APPLICATION SITE URTICARIA                                          hierarchical n         n            0       0        <fn>    <NULL>  <NULL> stat_1    
 809 TRT01A Placebo              AESOC  GENERAL DISORDERS AND ADMINISTRATION SITE CONDITIONS                AEDECOD                      APPLICATION SITE URTICARIA                                          hierarchical N         N           86       86       <fn>    <NULL>  <NULL> stat_1    
 810 TRT01A Placebo              AESOC  GENERAL DISORDERS AND ADMINISTRATION SITE CONDITIONS                AEDECOD                      APPLICATION SITE URTICARIA                                          hierarchical p         %            0       0        <fn>    <NULL>  <NULL> stat_1    
 811 TRT01A Total                AESOC  GENERAL DISORDERS AND ADMINISTRATION SITE CONDITIONS                AEDECOD                      APPLICATION SITE URTICARIA                                          hierarchical n         n            3       3        <fn>    <NULL>  <NULL> stat_2    
 812 TRT01A Total                AESOC  GENERAL DISORDERS AND ADMINISTRATION SITE CONDITIONS                AEDECOD                      APPLICATION SITE URTICARIA                                          hierarchical N         N          306       306      <fn>    <NULL>  <NULL> stat_2    
 813 TRT01A Total                AESOC  GENERAL DISORDERS AND ADMINISTRATION SITE CONDITIONS                AEDECOD                      APPLICATION SITE URTICARIA                                          hierarchical p         %            0.00980 1.0      <fn>    <NULL>  <NULL> stat_2    
 814 TRT01A Xanomeline High Dose AESOC  GENERAL DISORDERS AND ADMINISTRATION SITE CONDITIONS                AEDECOD                      APPLICATION SITE URTICARIA                                          hierarchical n         n            1       1        <fn>    <NULL>  <NULL> stat_3    
 815 TRT01A Xanomeline High Dose AESOC  GENERAL DISORDERS AND ADMINISTRATION SITE CONDITIONS                AEDECOD                      APPLICATION SITE URTICARIA                                          hierarchical N         N           72       72       <fn>    <NULL>  <NULL> stat_3    
 816 TRT01A Xanomeline High Dose AESOC  GENERAL DISORDERS AND ADMINISTRATION SITE CONDITIONS                AEDECOD                      APPLICATION SITE URTICARIA                                          hierarchical p         %            0.0139  1.4      <fn>    <NULL>  <NULL> stat_3    
 817 TRT01A Xanomeline Low Dose  AESOC  GENERAL DISORDERS AND ADMINISTRATION SITE CONDITIONS                AEDECOD                      APPLICATION SITE URTICARIA                                          hierarchical n         n            2       2        <fn>    <NULL>  <NULL> stat_4    
 818 TRT01A Xanomeline Low Dose  AESOC  GENERAL DISORDERS AND ADMINISTRATION SITE CONDITIONS                AEDECOD                      APPLICATION SITE URTICARIA                                          hierarchical N         N           96       96       <fn>    <NULL>  <NULL> stat_4    
 819 TRT01A Xanomeline Low Dose  AESOC  GENERAL DISORDERS AND ADMINISTRATION SITE CONDITIONS                AEDECOD                      APPLICATION SITE URTICARIA                                          hierarchical p         %            0.0208  2.1      <fn>    <NULL>  <NULL> stat_4    
 820 TRT01A Placebo              AESOC  GENERAL DISORDERS AND ADMINISTRATION SITE CONDITIONS                AEDECOD                      APPLICATION SITE VESICLES                                           hierarchical n         n            1       1        <fn>    <NULL>  <NULL> stat_1    
 821 TRT01A Placebo              AESOC  GENERAL DISORDERS AND ADMINISTRATION SITE CONDITIONS                AEDECOD                      APPLICATION SITE VESICLES                                           hierarchical N         N           86       86       <fn>    <NULL>  <NULL> stat_1    
 822 TRT01A Placebo              AESOC  GENERAL DISORDERS AND ADMINISTRATION SITE CONDITIONS                AEDECOD                      APPLICATION SITE VESICLES                                           hierarchical p         %            0.0116  1.2      <fn>    <NULL>  <NULL> stat_1    
 823 TRT01A Total                AESOC  GENERAL DISORDERS AND ADMINISTRATION SITE CONDITIONS                AEDECOD                      APPLICATION SITE VESICLES                                           hierarchical n         n           11       11       <fn>    <NULL>  <NULL> stat_2    
 824 TRT01A Total                AESOC  GENERAL DISORDERS AND ADMINISTRATION SITE CONDITIONS                AEDECOD                      APPLICATION SITE VESICLES                                           hierarchical N         N          306       306      <fn>    <NULL>  <NULL> stat_2    
 825 TRT01A Total                AESOC  GENERAL DISORDERS AND ADMINISTRATION SITE CONDITIONS                AEDECOD                      APPLICATION SITE VESICLES                                           hierarchical p         %            0.0359  3.6      <fn>    <NULL>  <NULL> stat_2    
 826 TRT01A Xanomeline High Dose AESOC  GENERAL DISORDERS AND ADMINISTRATION SITE CONDITIONS                AEDECOD                      APPLICATION SITE VESICLES                                           hierarchical n         n            5       5        <fn>    <NULL>  <NULL> stat_3    
 827 TRT01A Xanomeline High Dose AESOC  GENERAL DISORDERS AND ADMINISTRATION SITE CONDITIONS                AEDECOD                      APPLICATION SITE VESICLES                                           hierarchical N         N           72       72       <fn>    <NULL>  <NULL> stat_3    
 828 TRT01A Xanomeline High Dose AESOC  GENERAL DISORDERS AND ADMINISTRATION SITE CONDITIONS                AEDECOD                      APPLICATION SITE VESICLES                                           hierarchical p         %            0.0694  6.9      <fn>    <NULL>  <NULL> stat_3    
 829 TRT01A Xanomeline Low Dose  AESOC  GENERAL DISORDERS AND ADMINISTRATION SITE CONDITIONS                AEDECOD                      APPLICATION SITE VESICLES                                           hierarchical n         n            5       5        <fn>    <NULL>  <NULL> stat_4    
 830 TRT01A Xanomeline Low Dose  AESOC  GENERAL DISORDERS AND ADMINISTRATION SITE CONDITIONS                AEDECOD                      APPLICATION SITE VESICLES                                           hierarchical N         N           96       96       <fn>    <NULL>  <NULL> stat_4    
 831 TRT01A Xanomeline Low Dose  AESOC  GENERAL DISORDERS AND ADMINISTRATION SITE CONDITIONS                AEDECOD                      APPLICATION SITE VESICLES                                           hierarchical p         %            0.0521  5.2      <fn>    <NULL>  <NULL> stat_4    
 832 TRT01A Placebo              AESOC  GENERAL DISORDERS AND ADMINISTRATION SITE CONDITIONS                AEDECOD                      APPLICATION SITE WARMTH                                             hierarchical n         n            0       0        <fn>    <NULL>  <NULL> stat_1    
 833 TRT01A Placebo              AESOC  GENERAL DISORDERS AND ADMINISTRATION SITE CONDITIONS                AEDECOD                      APPLICATION SITE WARMTH                                             hierarchical N         N           86       86       <fn>    <NULL>  <NULL> stat_1    
 834 TRT01A Placebo              AESOC  GENERAL DISORDERS AND ADMINISTRATION SITE CONDITIONS                AEDECOD                      APPLICATION SITE WARMTH                                             hierarchical p         %            0       0        <fn>    <NULL>  <NULL> stat_1    
 835 TRT01A Total                AESOC  GENERAL DISORDERS AND ADMINISTRATION SITE CONDITIONS                AEDECOD                      APPLICATION SITE WARMTH                                             hierarchical n         n            1       1        <fn>    <NULL>  <NULL> stat_2    
 836 TRT01A Total                AESOC  GENERAL DISORDERS AND ADMINISTRATION SITE CONDITIONS                AEDECOD                      APPLICATION SITE WARMTH                                             hierarchical N         N          306       306      <fn>    <NULL>  <NULL> stat_2    
 837 TRT01A Total                AESOC  GENERAL DISORDERS AND ADMINISTRATION SITE CONDITIONS                AEDECOD                      APPLICATION SITE WARMTH                                             hierarchical p         %            0.00327 0.3      <fn>    <NULL>  <NULL> stat_2    
 838 TRT01A Xanomeline High Dose AESOC  GENERAL DISORDERS AND ADMINISTRATION SITE CONDITIONS                AEDECOD                      APPLICATION SITE WARMTH                                             hierarchical n         n            0       0        <fn>    <NULL>  <NULL> stat_3    
 839 TRT01A Xanomeline High Dose AESOC  GENERAL DISORDERS AND ADMINISTRATION SITE CONDITIONS                AEDECOD                      APPLICATION SITE WARMTH                                             hierarchical N         N           72       72       <fn>    <NULL>  <NULL> stat_3    
 840 TRT01A Xanomeline High Dose AESOC  GENERAL DISORDERS AND ADMINISTRATION SITE CONDITIONS                AEDECOD                      APPLICATION SITE WARMTH                                             hierarchical p         %            0       0        <fn>    <NULL>  <NULL> stat_3    
 841 TRT01A Xanomeline Low Dose  AESOC  GENERAL DISORDERS AND ADMINISTRATION SITE CONDITIONS                AEDECOD                      APPLICATION SITE WARMTH                                             hierarchical n         n            1       1        <fn>    <NULL>  <NULL> stat_4    
 842 TRT01A Xanomeline Low Dose  AESOC  GENERAL DISORDERS AND ADMINISTRATION SITE CONDITIONS                AEDECOD                      APPLICATION SITE WARMTH                                             hierarchical N         N           96       96       <fn>    <NULL>  <NULL> stat_4    
 843 TRT01A Xanomeline Low Dose  AESOC  GENERAL DISORDERS AND ADMINISTRATION SITE CONDITIONS                AEDECOD                      APPLICATION SITE WARMTH                                             hierarchical p         %            0.0104  1.0      <fn>    <NULL>  <NULL> stat_4    
 844 TRT01A Placebo              AESOC  GENERAL DISORDERS AND ADMINISTRATION SITE CONDITIONS                AEDECOD                      ASTHENIA                                                            hierarchical n         n            1       1        <fn>    <NULL>  <NULL> stat_1    
 845 TRT01A Placebo              AESOC  GENERAL DISORDERS AND ADMINISTRATION SITE CONDITIONS                AEDECOD                      ASTHENIA                                                            hierarchical N         N           86       86       <fn>    <NULL>  <NULL> stat_1    
 846 TRT01A Placebo              AESOC  GENERAL DISORDERS AND ADMINISTRATION SITE CONDITIONS                AEDECOD                      ASTHENIA                                                            hierarchical p         %            0.0116  1.2      <fn>    <NULL>  <NULL> stat_1    
 847 TRT01A Total                AESOC  GENERAL DISORDERS AND ADMINISTRATION SITE CONDITIONS                AEDECOD                      ASTHENIA                                                            hierarchical n         n            2       2        <fn>    <NULL>  <NULL> stat_2    
 848 TRT01A Total                AESOC  GENERAL DISORDERS AND ADMINISTRATION SITE CONDITIONS                AEDECOD                      ASTHENIA                                                            hierarchical N         N          306       306      <fn>    <NULL>  <NULL> stat_2    
 849 TRT01A Total                AESOC  GENERAL DISORDERS AND ADMINISTRATION SITE CONDITIONS                AEDECOD                      ASTHENIA                                                            hierarchical p         %            0.00654 0.7      <fn>    <NULL>  <NULL> stat_2    
 850 TRT01A Xanomeline High Dose AESOC  GENERAL DISORDERS AND ADMINISTRATION SITE CONDITIONS                AEDECOD                      ASTHENIA                                                            hierarchical n         n            0       0        <fn>    <NULL>  <NULL> stat_3    
 851 TRT01A Xanomeline High Dose AESOC  GENERAL DISORDERS AND ADMINISTRATION SITE CONDITIONS                AEDECOD                      ASTHENIA                                                            hierarchical N         N           72       72       <fn>    <NULL>  <NULL> stat_3    
 852 TRT01A Xanomeline High Dose AESOC  GENERAL DISORDERS AND ADMINISTRATION SITE CONDITIONS                AEDECOD                      ASTHENIA                                                            hierarchical p         %            0       0        <fn>    <NULL>  <NULL> stat_3    
 853 TRT01A Xanomeline Low Dose  AESOC  GENERAL DISORDERS AND ADMINISTRATION SITE CONDITIONS                AEDECOD                      ASTHENIA                                                            hierarchical n         n            1       1        <fn>    <NULL>  <NULL> stat_4    
 854 TRT01A Xanomeline Low Dose  AESOC  GENERAL DISORDERS AND ADMINISTRATION SITE CONDITIONS                AEDECOD                      ASTHENIA                                                            hierarchical N         N           96       96       <fn>    <NULL>  <NULL> stat_4    
 855 TRT01A Xanomeline Low Dose  AESOC  GENERAL DISORDERS AND ADMINISTRATION SITE CONDITIONS                AEDECOD                      ASTHENIA                                                            hierarchical p         %            0.0104  1.0      <fn>    <NULL>  <NULL> stat_4    
 856 TRT01A Placebo              AESOC  GENERAL DISORDERS AND ADMINISTRATION SITE CONDITIONS                AEDECOD                      CHEST DISCOMFORT                                                    hierarchical n         n            0       0        <fn>    <NULL>  <NULL> stat_1    
 857 TRT01A Placebo              AESOC  GENERAL DISORDERS AND ADMINISTRATION SITE CONDITIONS                AEDECOD                      CHEST DISCOMFORT                                                    hierarchical N         N           86       86       <fn>    <NULL>  <NULL> stat_1    
 858 TRT01A Placebo              AESOC  GENERAL DISORDERS AND ADMINISTRATION SITE CONDITIONS                AEDECOD                      CHEST DISCOMFORT                                                    hierarchical p         %            0       0        <fn>    <NULL>  <NULL> stat_1    
 859 TRT01A Total                AESOC  GENERAL DISORDERS AND ADMINISTRATION SITE CONDITIONS                AEDECOD                      CHEST DISCOMFORT                                                    hierarchical n         n            2       2        <fn>    <NULL>  <NULL> stat_2    
 860 TRT01A Total                AESOC  GENERAL DISORDERS AND ADMINISTRATION SITE CONDITIONS                AEDECOD                      CHEST DISCOMFORT                                                    hierarchical N         N          306       306      <fn>    <NULL>  <NULL> stat_2    
 861 TRT01A Total                AESOC  GENERAL DISORDERS AND ADMINISTRATION SITE CONDITIONS                AEDECOD                      CHEST DISCOMFORT                                                    hierarchical p         %            0.00654 0.7      <fn>    <NULL>  <NULL> stat_2    
 862 TRT01A Xanomeline High Dose AESOC  GENERAL DISORDERS AND ADMINISTRATION SITE CONDITIONS                AEDECOD                      CHEST DISCOMFORT                                                    hierarchical n         n            1       1        <fn>    <NULL>  <NULL> stat_3    
 863 TRT01A Xanomeline High Dose AESOC  GENERAL DISORDERS AND ADMINISTRATION SITE CONDITIONS                AEDECOD                      CHEST DISCOMFORT                                                    hierarchical N         N           72       72       <fn>    <NULL>  <NULL> stat_3    
 864 TRT01A Xanomeline High Dose AESOC  GENERAL DISORDERS AND ADMINISTRATION SITE CONDITIONS                AEDECOD                      CHEST DISCOMFORT                                                    hierarchical p         %            0.0139  1.4      <fn>    <NULL>  <NULL> stat_3    
 865 TRT01A Xanomeline Low Dose  AESOC  GENERAL DISORDERS AND ADMINISTRATION SITE CONDITIONS                AEDECOD                      CHEST DISCOMFORT                                                    hierarchical n         n            1       1        <fn>    <NULL>  <NULL> stat_4    
 866 TRT01A Xanomeline Low Dose  AESOC  GENERAL DISORDERS AND ADMINISTRATION SITE CONDITIONS                AEDECOD                      CHEST DISCOMFORT                                                    hierarchical N         N           96       96       <fn>    <NULL>  <NULL> stat_4    
 867 TRT01A Xanomeline Low Dose  AESOC  GENERAL DISORDERS AND ADMINISTRATION SITE CONDITIONS                AEDECOD                      CHEST DISCOMFORT                                                    hierarchical p         %            0.0104  1.0      <fn>    <NULL>  <NULL> stat_4    
 868 TRT01A Placebo              AESOC  GENERAL DISORDERS AND ADMINISTRATION SITE CONDITIONS                AEDECOD                      CHEST PAIN                                                          hierarchical n         n            0       0        <fn>    <NULL>  <NULL> stat_1    
 869 TRT01A Placebo              AESOC  GENERAL DISORDERS AND ADMINISTRATION SITE CONDITIONS                AEDECOD                      CHEST PAIN                                                          hierarchical N         N           86       86       <fn>    <NULL>  <NULL> stat_1    
 870 TRT01A Placebo              AESOC  GENERAL DISORDERS AND ADMINISTRATION SITE CONDITIONS                AEDECOD                      CHEST PAIN                                                          hierarchical p         %            0       0        <fn>    <NULL>  <NULL> stat_1    
 871 TRT01A Total                AESOC  GENERAL DISORDERS AND ADMINISTRATION SITE CONDITIONS                AEDECOD                      CHEST PAIN                                                          hierarchical n         n            2       2        <fn>    <NULL>  <NULL> stat_2    
 872 TRT01A Total                AESOC  GENERAL DISORDERS AND ADMINISTRATION SITE CONDITIONS                AEDECOD                      CHEST PAIN                                                          hierarchical N         N          306       306      <fn>    <NULL>  <NULL> stat_2    
 873 TRT01A Total                AESOC  GENERAL DISORDERS AND ADMINISTRATION SITE CONDITIONS                AEDECOD                      CHEST PAIN                                                          hierarchical p         %            0.00654 0.7      <fn>    <NULL>  <NULL> stat_2    
 874 TRT01A Xanomeline High Dose AESOC  GENERAL DISORDERS AND ADMINISTRATION SITE CONDITIONS                AEDECOD                      CHEST PAIN                                                          hierarchical n         n            2       2        <fn>    <NULL>  <NULL> stat_3    
 875 TRT01A Xanomeline High Dose AESOC  GENERAL DISORDERS AND ADMINISTRATION SITE CONDITIONS                AEDECOD                      CHEST PAIN                                                          hierarchical N         N           72       72       <fn>    <NULL>  <NULL> stat_3    
 876 TRT01A Xanomeline High Dose AESOC  GENERAL DISORDERS AND ADMINISTRATION SITE CONDITIONS                AEDECOD                      CHEST PAIN                                                          hierarchical p         %            0.0278  2.8      <fn>    <NULL>  <NULL> stat_3    
 877 TRT01A Xanomeline Low Dose  AESOC  GENERAL DISORDERS AND ADMINISTRATION SITE CONDITIONS                AEDECOD                      CHEST PAIN                                                          hierarchical n         n            0       0        <fn>    <NULL>  <NULL> stat_4    
 878 TRT01A Xanomeline Low Dose  AESOC  GENERAL DISORDERS AND ADMINISTRATION SITE CONDITIONS                AEDECOD                      CHEST PAIN                                                          hierarchical N         N           96       96       <fn>    <NULL>  <NULL> stat_4    
 879 TRT01A Xanomeline Low Dose  AESOC  GENERAL DISORDERS AND ADMINISTRATION SITE CONDITIONS                AEDECOD                      CHEST PAIN                                                          hierarchical p         %            0       0        <fn>    <NULL>  <NULL> stat_4    
 880 TRT01A Placebo              AESOC  GENERAL DISORDERS AND ADMINISTRATION SITE CONDITIONS                AEDECOD                      CHILLS                                                              hierarchical n         n            1       1        <fn>    <NULL>  <NULL> stat_1    
 881 TRT01A Placebo              AESOC  GENERAL DISORDERS AND ADMINISTRATION SITE CONDITIONS                AEDECOD                      CHILLS                                                              hierarchical N         N           86       86       <fn>    <NULL>  <NULL> stat_1    
 882 TRT01A Placebo              AESOC  GENERAL DISORDERS AND ADMINISTRATION SITE CONDITIONS                AEDECOD                      CHILLS                                                              hierarchical p         %            0.0116  1.2      <fn>    <NULL>  <NULL> stat_1    
 883 TRT01A Total                AESOC  GENERAL DISORDERS AND ADMINISTRATION SITE CONDITIONS                AEDECOD                      CHILLS                                                              hierarchical n         n            3       3        <fn>    <NULL>  <NULL> stat_2    
 884 TRT01A Total                AESOC  GENERAL DISORDERS AND ADMINISTRATION SITE CONDITIONS                AEDECOD                      CHILLS                                                              hierarchical N         N          306       306      <fn>    <NULL>  <NULL> stat_2    
 885 TRT01A Total                AESOC  GENERAL DISORDERS AND ADMINISTRATION SITE CONDITIONS                AEDECOD                      CHILLS                                                              hierarchical p         %            0.00980 1.0      <fn>    <NULL>  <NULL> stat_2    
 886 TRT01A Xanomeline High Dose AESOC  GENERAL DISORDERS AND ADMINISTRATION SITE CONDITIONS                AEDECOD                      CHILLS                                                              hierarchical n         n            1       1        <fn>    <NULL>  <NULL> stat_3    
 887 TRT01A Xanomeline High Dose AESOC  GENERAL DISORDERS AND ADMINISTRATION SITE CONDITIONS                AEDECOD                      CHILLS                                                              hierarchical N         N           72       72       <fn>    <NULL>  <NULL> stat_3    
 888 TRT01A Xanomeline High Dose AESOC  GENERAL DISORDERS AND ADMINISTRATION SITE CONDITIONS                AEDECOD                      CHILLS                                                              hierarchical p         %            0.0139  1.4      <fn>    <NULL>  <NULL> stat_3    
 889 TRT01A Xanomeline Low Dose  AESOC  GENERAL DISORDERS AND ADMINISTRATION SITE CONDITIONS                AEDECOD                      CHILLS                                                              hierarchical n         n            1       1        <fn>    <NULL>  <NULL> stat_4    
 890 TRT01A Xanomeline Low Dose  AESOC  GENERAL DISORDERS AND ADMINISTRATION SITE CONDITIONS                AEDECOD                      CHILLS                                                              hierarchical N         N           96       96       <fn>    <NULL>  <NULL> stat_4    
 891 TRT01A Xanomeline Low Dose  AESOC  GENERAL DISORDERS AND ADMINISTRATION SITE CONDITIONS                AEDECOD                      CHILLS                                                              hierarchical p         %            0.0104  1.0      <fn>    <NULL>  <NULL> stat_4    
 892 TRT01A Placebo              AESOC  GENERAL DISORDERS AND ADMINISTRATION SITE CONDITIONS                AEDECOD                      FATIGUE                                                             hierarchical n         n            1       1        <fn>    <NULL>  <NULL> stat_1    
 893 TRT01A Placebo              AESOC  GENERAL DISORDERS AND ADMINISTRATION SITE CONDITIONS                AEDECOD                      FATIGUE                                                             hierarchical N         N           86       86       <fn>    <NULL>  <NULL> stat_1    
 894 TRT01A Placebo              AESOC  GENERAL DISORDERS AND ADMINISTRATION SITE CONDITIONS                AEDECOD                      FATIGUE                                                             hierarchical p         %            0.0116  1.2      <fn>    <NULL>  <NULL> stat_1    
 895 TRT01A Total                AESOC  GENERAL DISORDERS AND ADMINISTRATION SITE CONDITIONS                AEDECOD                      FATIGUE                                                             hierarchical n         n           11       11       <fn>    <NULL>  <NULL> stat_2    
 896 TRT01A Total                AESOC  GENERAL DISORDERS AND ADMINISTRATION SITE CONDITIONS                AEDECOD                      FATIGUE                                                             hierarchical N         N          306       306      <fn>    <NULL>  <NULL> stat_2    
 897 TRT01A Total                AESOC  GENERAL DISORDERS AND ADMINISTRATION SITE CONDITIONS                AEDECOD                      FATIGUE                                                             hierarchical p         %            0.0359  3.6      <fn>    <NULL>  <NULL> stat_2    
 898 TRT01A Xanomeline High Dose AESOC  GENERAL DISORDERS AND ADMINISTRATION SITE CONDITIONS                AEDECOD                      FATIGUE                                                             hierarchical n         n            5       5        <fn>    <NULL>  <NULL> stat_3    
 899 TRT01A Xanomeline High Dose AESOC  GENERAL DISORDERS AND ADMINISTRATION SITE CONDITIONS                AEDECOD                      FATIGUE                                                             hierarchical N         N           72       72       <fn>    <NULL>  <NULL> stat_3    
 900 TRT01A Xanomeline High Dose AESOC  GENERAL DISORDERS AND ADMINISTRATION SITE CONDITIONS                AEDECOD                      FATIGUE                                                             hierarchical p         %            0.0694  6.9      <fn>    <NULL>  <NULL> stat_3    
 901 TRT01A Xanomeline Low Dose  AESOC  GENERAL DISORDERS AND ADMINISTRATION SITE CONDITIONS                AEDECOD                      FATIGUE                                                             hierarchical n         n            5       5        <fn>    <NULL>  <NULL> stat_4    
 902 TRT01A Xanomeline Low Dose  AESOC  GENERAL DISORDERS AND ADMINISTRATION SITE CONDITIONS                AEDECOD                      FATIGUE                                                             hierarchical N         N           96       96       <fn>    <NULL>  <NULL> stat_4    
 903 TRT01A Xanomeline Low Dose  AESOC  GENERAL DISORDERS AND ADMINISTRATION SITE CONDITIONS                AEDECOD                      FATIGUE                                                             hierarchical p         %            0.0521  5.2      <fn>    <NULL>  <NULL> stat_4    
 904 TRT01A Placebo              AESOC  GENERAL DISORDERS AND ADMINISTRATION SITE CONDITIONS                AEDECOD                      FEELING ABNORMAL                                                    hierarchical n         n            0       0        <fn>    <NULL>  <NULL> stat_1    
 905 TRT01A Placebo              AESOC  GENERAL DISORDERS AND ADMINISTRATION SITE CONDITIONS                AEDECOD                      FEELING ABNORMAL                                                    hierarchical N         N           86       86       <fn>    <NULL>  <NULL> stat_1    
 906 TRT01A Placebo              AESOC  GENERAL DISORDERS AND ADMINISTRATION SITE CONDITIONS                AEDECOD                      FEELING ABNORMAL                                                    hierarchical p         %            0       0        <fn>    <NULL>  <NULL> stat_1    
 907 TRT01A Total                AESOC  GENERAL DISORDERS AND ADMINISTRATION SITE CONDITIONS                AEDECOD                      FEELING ABNORMAL                                                    hierarchical n         n            1       1        <fn>    <NULL>  <NULL> stat_2    
 908 TRT01A Total                AESOC  GENERAL DISORDERS AND ADMINISTRATION SITE CONDITIONS                AEDECOD                      FEELING ABNORMAL                                                    hierarchical N         N          306       306      <fn>    <NULL>  <NULL> stat_2    
 909 TRT01A Total                AESOC  GENERAL DISORDERS AND ADMINISTRATION SITE CONDITIONS                AEDECOD                      FEELING ABNORMAL                                                    hierarchical p         %            0.00327 0.3      <fn>    <NULL>  <NULL> stat_2    
 910 TRT01A Xanomeline High Dose AESOC  GENERAL DISORDERS AND ADMINISTRATION SITE CONDITIONS                AEDECOD                      FEELING ABNORMAL                                                    hierarchical n         n            1       1        <fn>    <NULL>  <NULL> stat_3    
 911 TRT01A Xanomeline High Dose AESOC  GENERAL DISORDERS AND ADMINISTRATION SITE CONDITIONS                AEDECOD                      FEELING ABNORMAL                                                    hierarchical N         N           72       72       <fn>    <NULL>  <NULL> stat_3    
 912 TRT01A Xanomeline High Dose AESOC  GENERAL DISORDERS AND ADMINISTRATION SITE CONDITIONS                AEDECOD                      FEELING ABNORMAL                                                    hierarchical p         %            0.0139  1.4      <fn>    <NULL>  <NULL> stat_3    
 913 TRT01A Xanomeline Low Dose  AESOC  GENERAL DISORDERS AND ADMINISTRATION SITE CONDITIONS                AEDECOD                      FEELING ABNORMAL                                                    hierarchical n         n            0       0        <fn>    <NULL>  <NULL> stat_4    
 914 TRT01A Xanomeline Low Dose  AESOC  GENERAL DISORDERS AND ADMINISTRATION SITE CONDITIONS                AEDECOD                      FEELING ABNORMAL                                                    hierarchical N         N           96       96       <fn>    <NULL>  <NULL> stat_4    
 915 TRT01A Xanomeline Low Dose  AESOC  GENERAL DISORDERS AND ADMINISTRATION SITE CONDITIONS                AEDECOD                      FEELING ABNORMAL                                                    hierarchical p         %            0       0        <fn>    <NULL>  <NULL> stat_4    
 916 TRT01A Placebo              AESOC  GENERAL DISORDERS AND ADMINISTRATION SITE CONDITIONS                AEDECOD                      FEELING COLD                                                        hierarchical n         n            0       0        <fn>    <NULL>  <NULL> stat_1    
 917 TRT01A Placebo              AESOC  GENERAL DISORDERS AND ADMINISTRATION SITE CONDITIONS                AEDECOD                      FEELING COLD                                                        hierarchical N         N           86       86       <fn>    <NULL>  <NULL> stat_1    
 918 TRT01A Placebo              AESOC  GENERAL DISORDERS AND ADMINISTRATION SITE CONDITIONS                AEDECOD                      FEELING COLD                                                        hierarchical p         %            0       0        <fn>    <NULL>  <NULL> stat_1    
 919 TRT01A Total                AESOC  GENERAL DISORDERS AND ADMINISTRATION SITE CONDITIONS                AEDECOD                      FEELING COLD                                                        hierarchical n         n            1       1        <fn>    <NULL>  <NULL> stat_2    
 920 TRT01A Total                AESOC  GENERAL DISORDERS AND ADMINISTRATION SITE CONDITIONS                AEDECOD                      FEELING COLD                                                        hierarchical N         N          306       306      <fn>    <NULL>  <NULL> stat_2    
 921 TRT01A Total                AESOC  GENERAL DISORDERS AND ADMINISTRATION SITE CONDITIONS                AEDECOD                      FEELING COLD                                                        hierarchical p         %            0.00327 0.3      <fn>    <NULL>  <NULL> stat_2    
 922 TRT01A Xanomeline High Dose AESOC  GENERAL DISORDERS AND ADMINISTRATION SITE CONDITIONS                AEDECOD                      FEELING COLD                                                        hierarchical n         n            1       1        <fn>    <NULL>  <NULL> stat_3    
 923 TRT01A Xanomeline High Dose AESOC  GENERAL DISORDERS AND ADMINISTRATION SITE CONDITIONS                AEDECOD                      FEELING COLD                                                        hierarchical N         N           72       72       <fn>    <NULL>  <NULL> stat_3    
 924 TRT01A Xanomeline High Dose AESOC  GENERAL DISORDERS AND ADMINISTRATION SITE CONDITIONS                AEDECOD                      FEELING COLD                                                        hierarchical p         %            0.0139  1.4      <fn>    <NULL>  <NULL> stat_3    
 925 TRT01A Xanomeline Low Dose  AESOC  GENERAL DISORDERS AND ADMINISTRATION SITE CONDITIONS                AEDECOD                      FEELING COLD                                                        hierarchical n         n            0       0        <fn>    <NULL>  <NULL> stat_4    
 926 TRT01A Xanomeline Low Dose  AESOC  GENERAL DISORDERS AND ADMINISTRATION SITE CONDITIONS                AEDECOD                      FEELING COLD                                                        hierarchical N         N           96       96       <fn>    <NULL>  <NULL> stat_4    
 927 TRT01A Xanomeline Low Dose  AESOC  GENERAL DISORDERS AND ADMINISTRATION SITE CONDITIONS                AEDECOD                      FEELING COLD                                                        hierarchical p         %            0       0        <fn>    <NULL>  <NULL> stat_4    
 928 TRT01A Placebo              AESOC  GENERAL DISORDERS AND ADMINISTRATION SITE CONDITIONS                AEDECOD                      INFLAMMATION                                                        hierarchical n         n            0       0        <fn>    <NULL>  <NULL> stat_1    
 929 TRT01A Placebo              AESOC  GENERAL DISORDERS AND ADMINISTRATION SITE CONDITIONS                AEDECOD                      INFLAMMATION                                                        hierarchical N         N           86       86       <fn>    <NULL>  <NULL> stat_1    
 930 TRT01A Placebo              AESOC  GENERAL DISORDERS AND ADMINISTRATION SITE CONDITIONS                AEDECOD                      INFLAMMATION                                                        hierarchical p         %            0       0        <fn>    <NULL>  <NULL> stat_1    
 931 TRT01A Total                AESOC  GENERAL DISORDERS AND ADMINISTRATION SITE CONDITIONS                AEDECOD                      INFLAMMATION                                                        hierarchical n         n            1       1        <fn>    <NULL>  <NULL> stat_2    
 932 TRT01A Total                AESOC  GENERAL DISORDERS AND ADMINISTRATION SITE CONDITIONS                AEDECOD                      INFLAMMATION                                                        hierarchical N         N          306       306      <fn>    <NULL>  <NULL> stat_2    
 933 TRT01A Total                AESOC  GENERAL DISORDERS AND ADMINISTRATION SITE CONDITIONS                AEDECOD                      INFLAMMATION                                                        hierarchical p         %            0.00327 0.3      <fn>    <NULL>  <NULL> stat_2    
 934 TRT01A Xanomeline High Dose AESOC  GENERAL DISORDERS AND ADMINISTRATION SITE CONDITIONS                AEDECOD                      INFLAMMATION                                                        hierarchical n         n            0       0        <fn>    <NULL>  <NULL> stat_3    
 935 TRT01A Xanomeline High Dose AESOC  GENERAL DISORDERS AND ADMINISTRATION SITE CONDITIONS                AEDECOD                      INFLAMMATION                                                        hierarchical N         N           72       72       <fn>    <NULL>  <NULL> stat_3    
 936 TRT01A Xanomeline High Dose AESOC  GENERAL DISORDERS AND ADMINISTRATION SITE CONDITIONS                AEDECOD                      INFLAMMATION                                                        hierarchical p         %            0       0        <fn>    <NULL>  <NULL> stat_3    
 937 TRT01A Xanomeline Low Dose  AESOC  GENERAL DISORDERS AND ADMINISTRATION SITE CONDITIONS                AEDECOD                      INFLAMMATION                                                        hierarchical n         n            1       1        <fn>    <NULL>  <NULL> stat_4    
 938 TRT01A Xanomeline Low Dose  AESOC  GENERAL DISORDERS AND ADMINISTRATION SITE CONDITIONS                AEDECOD                      INFLAMMATION                                                        hierarchical N         N           96       96       <fn>    <NULL>  <NULL> stat_4    
 939 TRT01A Xanomeline Low Dose  AESOC  GENERAL DISORDERS AND ADMINISTRATION SITE CONDITIONS                AEDECOD                      INFLAMMATION                                                        hierarchical p         %            0.0104  1.0      <fn>    <NULL>  <NULL> stat_4    
 940 TRT01A Placebo              AESOC  GENERAL DISORDERS AND ADMINISTRATION SITE CONDITIONS                AEDECOD                      MALAISE                                                             hierarchical n         n            0       0        <fn>    <NULL>  <NULL> stat_1    
 941 TRT01A Placebo              AESOC  GENERAL DISORDERS AND ADMINISTRATION SITE CONDITIONS                AEDECOD                      MALAISE                                                             hierarchical N         N           86       86       <fn>    <NULL>  <NULL> stat_1    
 942 TRT01A Placebo              AESOC  GENERAL DISORDERS AND ADMINISTRATION SITE CONDITIONS                AEDECOD                      MALAISE                                                             hierarchical p         %            0       0        <fn>    <NULL>  <NULL> stat_1    
 943 TRT01A Total                AESOC  GENERAL DISORDERS AND ADMINISTRATION SITE CONDITIONS                AEDECOD                      MALAISE                                                             hierarchical n         n            3       3        <fn>    <NULL>  <NULL> stat_2    
 944 TRT01A Total                AESOC  GENERAL DISORDERS AND ADMINISTRATION SITE CONDITIONS                AEDECOD                      MALAISE                                                             hierarchical N         N          306       306      <fn>    <NULL>  <NULL> stat_2    
 945 TRT01A Total                AESOC  GENERAL DISORDERS AND ADMINISTRATION SITE CONDITIONS                AEDECOD                      MALAISE                                                             hierarchical p         %            0.00980 1.0      <fn>    <NULL>  <NULL> stat_2    
 946 TRT01A Xanomeline High Dose AESOC  GENERAL DISORDERS AND ADMINISTRATION SITE CONDITIONS                AEDECOD                      MALAISE                                                             hierarchical n         n            2       2        <fn>    <NULL>  <NULL> stat_3    
 947 TRT01A Xanomeline High Dose AESOC  GENERAL DISORDERS AND ADMINISTRATION SITE CONDITIONS                AEDECOD                      MALAISE                                                             hierarchical N         N           72       72       <fn>    <NULL>  <NULL> stat_3    
 948 TRT01A Xanomeline High Dose AESOC  GENERAL DISORDERS AND ADMINISTRATION SITE CONDITIONS                AEDECOD                      MALAISE                                                             hierarchical p         %            0.0278  2.8      <fn>    <NULL>  <NULL> stat_3    
 949 TRT01A Xanomeline Low Dose  AESOC  GENERAL DISORDERS AND ADMINISTRATION SITE CONDITIONS                AEDECOD                      MALAISE                                                             hierarchical n         n            1       1        <fn>    <NULL>  <NULL> stat_4    
 950 TRT01A Xanomeline Low Dose  AESOC  GENERAL DISORDERS AND ADMINISTRATION SITE CONDITIONS                AEDECOD                      MALAISE                                                             hierarchical N         N           96       96       <fn>    <NULL>  <NULL> stat_4    
 951 TRT01A Xanomeline Low Dose  AESOC  GENERAL DISORDERS AND ADMINISTRATION SITE CONDITIONS                AEDECOD                      MALAISE                                                             hierarchical p         %            0.0104  1.0      <fn>    <NULL>  <NULL> stat_4    
 952 TRT01A Placebo              AESOC  GENERAL DISORDERS AND ADMINISTRATION SITE CONDITIONS                AEDECOD                      OEDEMA                                                              hierarchical n         n            0       0        <fn>    <NULL>  <NULL> stat_1    
 953 TRT01A Placebo              AESOC  GENERAL DISORDERS AND ADMINISTRATION SITE CONDITIONS                AEDECOD                      OEDEMA                                                              hierarchical N         N           86       86       <fn>    <NULL>  <NULL> stat_1    
 954 TRT01A Placebo              AESOC  GENERAL DISORDERS AND ADMINISTRATION SITE CONDITIONS                AEDECOD                      OEDEMA                                                              hierarchical p         %            0       0        <fn>    <NULL>  <NULL> stat_1    
 955 TRT01A Total                AESOC  GENERAL DISORDERS AND ADMINISTRATION SITE CONDITIONS                AEDECOD                      OEDEMA                                                              hierarchical n         n            2       2        <fn>    <NULL>  <NULL> stat_2    
 956 TRT01A Total                AESOC  GENERAL DISORDERS AND ADMINISTRATION SITE CONDITIONS                AEDECOD                      OEDEMA                                                              hierarchical N         N          306       306      <fn>    <NULL>  <NULL> stat_2    
 957 TRT01A Total                AESOC  GENERAL DISORDERS AND ADMINISTRATION SITE CONDITIONS                AEDECOD                      OEDEMA                                                              hierarchical p         %            0.00654 0.7      <fn>    <NULL>  <NULL> stat_2    
 958 TRT01A Xanomeline High Dose AESOC  GENERAL DISORDERS AND ADMINISTRATION SITE CONDITIONS                AEDECOD                      OEDEMA                                                              hierarchical n         n            0       0        <fn>    <NULL>  <NULL> stat_3    
 959 TRT01A Xanomeline High Dose AESOC  GENERAL DISORDERS AND ADMINISTRATION SITE CONDITIONS                AEDECOD                      OEDEMA                                                              hierarchical N         N           72       72       <fn>    <NULL>  <NULL> stat_3    
 960 TRT01A Xanomeline High Dose AESOC  GENERAL DISORDERS AND ADMINISTRATION SITE CONDITIONS                AEDECOD                      OEDEMA                                                              hierarchical p         %            0       0        <fn>    <NULL>  <NULL> stat_3    
 961 TRT01A Xanomeline Low Dose  AESOC  GENERAL DISORDERS AND ADMINISTRATION SITE CONDITIONS                AEDECOD                      OEDEMA                                                              hierarchical n         n            2       2        <fn>    <NULL>  <NULL> stat_4    
 962 TRT01A Xanomeline Low Dose  AESOC  GENERAL DISORDERS AND ADMINISTRATION SITE CONDITIONS                AEDECOD                      OEDEMA                                                              hierarchical N         N           96       96       <fn>    <NULL>  <NULL> stat_4    
 963 TRT01A Xanomeline Low Dose  AESOC  GENERAL DISORDERS AND ADMINISTRATION SITE CONDITIONS                AEDECOD                      OEDEMA                                                              hierarchical p         %            0.0208  2.1      <fn>    <NULL>  <NULL> stat_4    
 964 TRT01A Placebo              AESOC  GENERAL DISORDERS AND ADMINISTRATION SITE CONDITIONS                AEDECOD                      OEDEMA PERIPHERAL                                                   hierarchical n         n            2       2        <fn>    <NULL>  <NULL> stat_1    
 965 TRT01A Placebo              AESOC  GENERAL DISORDERS AND ADMINISTRATION SITE CONDITIONS                AEDECOD                      OEDEMA PERIPHERAL                                                   hierarchical N         N           86       86       <fn>    <NULL>  <NULL> stat_1    
 966 TRT01A Placebo              AESOC  GENERAL DISORDERS AND ADMINISTRATION SITE CONDITIONS                AEDECOD                      OEDEMA PERIPHERAL                                                   hierarchical p         %            0.0233  2.3      <fn>    <NULL>  <NULL> stat_1    
 967 TRT01A Total                AESOC  GENERAL DISORDERS AND ADMINISTRATION SITE CONDITIONS                AEDECOD                      OEDEMA PERIPHERAL                                                   hierarchical n         n            5       5        <fn>    <NULL>  <NULL> stat_2    
 968 TRT01A Total                AESOC  GENERAL DISORDERS AND ADMINISTRATION SITE CONDITIONS                AEDECOD                      OEDEMA PERIPHERAL                                                   hierarchical N         N          306       306      <fn>    <NULL>  <NULL> stat_2    
 969 TRT01A Total                AESOC  GENERAL DISORDERS AND ADMINISTRATION SITE CONDITIONS                AEDECOD                      OEDEMA PERIPHERAL                                                   hierarchical p         %            0.0163  1.6      <fn>    <NULL>  <NULL> stat_2    
 970 TRT01A Xanomeline High Dose AESOC  GENERAL DISORDERS AND ADMINISTRATION SITE CONDITIONS                AEDECOD                      OEDEMA PERIPHERAL                                                   hierarchical n         n            2       2        <fn>    <NULL>  <NULL> stat_3    
 971 TRT01A Xanomeline High Dose AESOC  GENERAL DISORDERS AND ADMINISTRATION SITE CONDITIONS                AEDECOD                      OEDEMA PERIPHERAL                                                   hierarchical N         N           72       72       <fn>    <NULL>  <NULL> stat_3    
 972 TRT01A Xanomeline High Dose AESOC  GENERAL DISORDERS AND ADMINISTRATION SITE CONDITIONS                AEDECOD                      OEDEMA PERIPHERAL                                                   hierarchical p         %            0.0278  2.8      <fn>    <NULL>  <NULL> stat_3    
 973 TRT01A Xanomeline Low Dose  AESOC  GENERAL DISORDERS AND ADMINISTRATION SITE CONDITIONS                AEDECOD                      OEDEMA PERIPHERAL                                                   hierarchical n         n            1       1        <fn>    <NULL>  <NULL> stat_4    
 974 TRT01A Xanomeline Low Dose  AESOC  GENERAL DISORDERS AND ADMINISTRATION SITE CONDITIONS                AEDECOD                      OEDEMA PERIPHERAL                                                   hierarchical N         N           96       96       <fn>    <NULL>  <NULL> stat_4    
 975 TRT01A Xanomeline Low Dose  AESOC  GENERAL DISORDERS AND ADMINISTRATION SITE CONDITIONS                AEDECOD                      OEDEMA PERIPHERAL                                                   hierarchical p         %            0.0104  1.0      <fn>    <NULL>  <NULL> stat_4    
 976 TRT01A Placebo              AESOC  GENERAL DISORDERS AND ADMINISTRATION SITE CONDITIONS                AEDECOD                      PAIN                                                                hierarchical n         n            0       0        <fn>    <NULL>  <NULL> stat_1    
 977 TRT01A Placebo              AESOC  GENERAL DISORDERS AND ADMINISTRATION SITE CONDITIONS                AEDECOD                      PAIN                                                                hierarchical N         N           86       86       <fn>    <NULL>  <NULL> stat_1    
 978 TRT01A Placebo              AESOC  GENERAL DISORDERS AND ADMINISTRATION SITE CONDITIONS                AEDECOD                      PAIN                                                                hierarchical p         %            0       0        <fn>    <NULL>  <NULL> stat_1    
 979 TRT01A Total                AESOC  GENERAL DISORDERS AND ADMINISTRATION SITE CONDITIONS                AEDECOD                      PAIN                                                                hierarchical n         n            2       2        <fn>    <NULL>  <NULL> stat_2    
 980 TRT01A Total                AESOC  GENERAL DISORDERS AND ADMINISTRATION SITE CONDITIONS                AEDECOD                      PAIN                                                                hierarchical N         N          306       306      <fn>    <NULL>  <NULL> stat_2    
 981 TRT01A Total                AESOC  GENERAL DISORDERS AND ADMINISTRATION SITE CONDITIONS                AEDECOD                      PAIN                                                                hierarchical p         %            0.00654 0.7      <fn>    <NULL>  <NULL> stat_2    
 982 TRT01A Xanomeline High Dose AESOC  GENERAL DISORDERS AND ADMINISTRATION SITE CONDITIONS                AEDECOD                      PAIN                                                                hierarchical n         n            1       1        <fn>    <NULL>  <NULL> stat_3    
 983 TRT01A Xanomeline High Dose AESOC  GENERAL DISORDERS AND ADMINISTRATION SITE CONDITIONS                AEDECOD                      PAIN                                                                hierarchical N         N           72       72       <fn>    <NULL>  <NULL> stat_3    
 984 TRT01A Xanomeline High Dose AESOC  GENERAL DISORDERS AND ADMINISTRATION SITE CONDITIONS                AEDECOD                      PAIN                                                                hierarchical p         %            0.0139  1.4      <fn>    <NULL>  <NULL> stat_3    
 985 TRT01A Xanomeline Low Dose  AESOC  GENERAL DISORDERS AND ADMINISTRATION SITE CONDITIONS                AEDECOD                      PAIN                                                                hierarchical n         n            1       1        <fn>    <NULL>  <NULL> stat_4    
 986 TRT01A Xanomeline Low Dose  AESOC  GENERAL DISORDERS AND ADMINISTRATION SITE CONDITIONS                AEDECOD                      PAIN                                                                hierarchical N         N           96       96       <fn>    <NULL>  <NULL> stat_4    
 987 TRT01A Xanomeline Low Dose  AESOC  GENERAL DISORDERS AND ADMINISTRATION SITE CONDITIONS                AEDECOD                      PAIN                                                                hierarchical p         %            0.0104  1.0      <fn>    <NULL>  <NULL> stat_4    
 988 TRT01A Placebo              AESOC  GENERAL DISORDERS AND ADMINISTRATION SITE CONDITIONS                AEDECOD                      PYREXIA                                                             hierarchical n         n            2       2        <fn>    <NULL>  <NULL> stat_1    
 989 TRT01A Placebo              AESOC  GENERAL DISORDERS AND ADMINISTRATION SITE CONDITIONS                AEDECOD                      PYREXIA                                                             hierarchical N         N           86       86       <fn>    <NULL>  <NULL> stat_1    
 990 TRT01A Placebo              AESOC  GENERAL DISORDERS AND ADMINISTRATION SITE CONDITIONS                AEDECOD                      PYREXIA                                                             hierarchical p         %            0.0233  2.3      <fn>    <NULL>  <NULL> stat_1    
 991 TRT01A Total                AESOC  GENERAL DISORDERS AND ADMINISTRATION SITE CONDITIONS                AEDECOD                      PYREXIA                                                             hierarchical n         n            3       3        <fn>    <NULL>  <NULL> stat_2    
 992 TRT01A Total                AESOC  GENERAL DISORDERS AND ADMINISTRATION SITE CONDITIONS                AEDECOD                      PYREXIA                                                             hierarchical N         N          306       306      <fn>    <NULL>  <NULL> stat_2    
 993 TRT01A Total                AESOC  GENERAL DISORDERS AND ADMINISTRATION SITE CONDITIONS                AEDECOD                      PYREXIA                                                             hierarchical p         %            0.00980 1.0      <fn>    <NULL>  <NULL> stat_2    
 994 TRT01A Xanomeline High Dose AESOC  GENERAL DISORDERS AND ADMINISTRATION SITE CONDITIONS                AEDECOD                      PYREXIA                                                             hierarchical n         n            0       0        <fn>    <NULL>  <NULL> stat_3    
 995 TRT01A Xanomeline High Dose AESOC  GENERAL DISORDERS AND ADMINISTRATION SITE CONDITIONS                AEDECOD                      PYREXIA                                                             hierarchical N         N           72       72       <fn>    <NULL>  <NULL> stat_3    
 996 TRT01A Xanomeline High Dose AESOC  GENERAL DISORDERS AND ADMINISTRATION SITE CONDITIONS                AEDECOD                      PYREXIA                                                             hierarchical p         %            0       0        <fn>    <NULL>  <NULL> stat_3    
 997 TRT01A Xanomeline Low Dose  AESOC  GENERAL DISORDERS AND ADMINISTRATION SITE CONDITIONS                AEDECOD                      PYREXIA                                                             hierarchical n         n            1       1        <fn>    <NULL>  <NULL> stat_4    
 998 TRT01A Xanomeline Low Dose  AESOC  GENERAL DISORDERS AND ADMINISTRATION SITE CONDITIONS                AEDECOD                      PYREXIA                                                             hierarchical N         N           96       96       <fn>    <NULL>  <NULL> stat_4    
 999 TRT01A Xanomeline Low Dose  AESOC  GENERAL DISORDERS AND ADMINISTRATION SITE CONDITIONS                AEDECOD                      PYREXIA                                                             hierarchical p         %            0.0104  1.0      <fn>    <NULL>  <NULL> stat_4    
1000 TRT01A Placebo              AESOC  GENERAL DISORDERS AND ADMINISTRATION SITE CONDITIONS                AEDECOD                      SECRETION DISCHARGE                                                 hierarchical n         n            0       0        <fn>    <NULL>  <NULL> stat_1    
1001 TRT01A Placebo              AESOC  GENERAL DISORDERS AND ADMINISTRATION SITE CONDITIONS                AEDECOD                      SECRETION DISCHARGE                                                 hierarchical N         N           86       86       <fn>    <NULL>  <NULL> stat_1    
1002 TRT01A Placebo              AESOC  GENERAL DISORDERS AND ADMINISTRATION SITE CONDITIONS                AEDECOD                      SECRETION DISCHARGE                                                 hierarchical p         %            0       0        <fn>    <NULL>  <NULL> stat_1    
1003 TRT01A Total                AESOC  GENERAL DISORDERS AND ADMINISTRATION SITE CONDITIONS                AEDECOD                      SECRETION DISCHARGE                                                 hierarchical n         n            1       1        <fn>    <NULL>  <NULL> stat_2    
1004 TRT01A Total                AESOC  GENERAL DISORDERS AND ADMINISTRATION SITE CONDITIONS                AEDECOD                      SECRETION DISCHARGE                                                 hierarchical N         N          306       306      <fn>    <NULL>  <NULL> stat_2    
1005 TRT01A Total                AESOC  GENERAL DISORDERS AND ADMINISTRATION SITE CONDITIONS                AEDECOD                      SECRETION DISCHARGE                                                 hierarchical p         %            0.00327 0.3      <fn>    <NULL>  <NULL> stat_2    
1006 TRT01A Xanomeline High Dose AESOC  GENERAL DISORDERS AND ADMINISTRATION SITE CONDITIONS                AEDECOD                      SECRETION DISCHARGE                                                 hierarchical n         n            0       0        <fn>    <NULL>  <NULL> stat_3    
1007 TRT01A Xanomeline High Dose AESOC  GENERAL DISORDERS AND ADMINISTRATION SITE CONDITIONS                AEDECOD                      SECRETION DISCHARGE                                                 hierarchical N         N           72       72       <fn>    <NULL>  <NULL> stat_3    
1008 TRT01A Xanomeline High Dose AESOC  GENERAL DISORDERS AND ADMINISTRATION SITE CONDITIONS                AEDECOD                      SECRETION DISCHARGE                                                 hierarchical p         %            0       0        <fn>    <NULL>  <NULL> stat_3    
1009 TRT01A Xanomeline Low Dose  AESOC  GENERAL DISORDERS AND ADMINISTRATION SITE CONDITIONS                AEDECOD                      SECRETION DISCHARGE                                                 hierarchical n         n            1       1        <fn>    <NULL>  <NULL> stat_4    
1010 TRT01A Xanomeline Low Dose  AESOC  GENERAL DISORDERS AND ADMINISTRATION SITE CONDITIONS                AEDECOD                      SECRETION DISCHARGE                                                 hierarchical N         N           96       96       <fn>    <NULL>  <NULL> stat_4    
1011 TRT01A Xanomeline Low Dose  AESOC  GENERAL DISORDERS AND ADMINISTRATION SITE CONDITIONS                AEDECOD                      SECRETION DISCHARGE                                                 hierarchical p         %            0.0104  1.0      <fn>    <NULL>  <NULL> stat_4    
1012 TRT01A Placebo              AESOC  GENERAL DISORDERS AND ADMINISTRATION SITE CONDITIONS                AEDECOD                      SUDDEN DEATH                                                        hierarchical n         n            0       0        <fn>    <NULL>  <NULL> stat_1    
1013 TRT01A Placebo              AESOC  GENERAL DISORDERS AND ADMINISTRATION SITE CONDITIONS                AEDECOD                      SUDDEN DEATH                                                        hierarchical N         N           86       86       <fn>    <NULL>  <NULL> stat_1    
1014 TRT01A Placebo              AESOC  GENERAL DISORDERS AND ADMINISTRATION SITE CONDITIONS                AEDECOD                      SUDDEN DEATH                                                        hierarchical p         %            0       0        <fn>    <NULL>  <NULL> stat_1    
1015 TRT01A Total                AESOC  GENERAL DISORDERS AND ADMINISTRATION SITE CONDITIONS                AEDECOD                      SUDDEN DEATH                                                        hierarchical n         n            1       1        <fn>    <NULL>  <NULL> stat_2    
1016 TRT01A Total                AESOC  GENERAL DISORDERS AND ADMINISTRATION SITE CONDITIONS                AEDECOD                      SUDDEN DEATH                                                        hierarchical N         N          306       306      <fn>    <NULL>  <NULL> stat_2    
1017 TRT01A Total                AESOC  GENERAL DISORDERS AND ADMINISTRATION SITE CONDITIONS                AEDECOD                      SUDDEN DEATH                                                        hierarchical p         %            0.00327 0.3      <fn>    <NULL>  <NULL> stat_2    
1018 TRT01A Xanomeline High Dose AESOC  GENERAL DISORDERS AND ADMINISTRATION SITE CONDITIONS                AEDECOD                      SUDDEN DEATH                                                        hierarchical n         n            0       0        <fn>    <NULL>  <NULL> stat_3    
1019 TRT01A Xanomeline High Dose AESOC  GENERAL DISORDERS AND ADMINISTRATION SITE CONDITIONS                AEDECOD                      SUDDEN DEATH                                                        hierarchical N         N           72       72       <fn>    <NULL>  <NULL> stat_3    
1020 TRT01A Xanomeline High Dose AESOC  GENERAL DISORDERS AND ADMINISTRATION SITE CONDITIONS                AEDECOD                      SUDDEN DEATH                                                        hierarchical p         %            0       0        <fn>    <NULL>  <NULL> stat_3    
1021 TRT01A Xanomeline Low Dose  AESOC  GENERAL DISORDERS AND ADMINISTRATION SITE CONDITIONS                AEDECOD                      SUDDEN DEATH                                                        hierarchical n         n            1       1        <fn>    <NULL>  <NULL> stat_4    
1022 TRT01A Xanomeline Low Dose  AESOC  GENERAL DISORDERS AND ADMINISTRATION SITE CONDITIONS                AEDECOD                      SUDDEN DEATH                                                        hierarchical N         N           96       96       <fn>    <NULL>  <NULL> stat_4    
1023 TRT01A Xanomeline Low Dose  AESOC  GENERAL DISORDERS AND ADMINISTRATION SITE CONDITIONS                AEDECOD                      SUDDEN DEATH                                                        hierarchical p         %            0.0104  1.0      <fn>    <NULL>  <NULL> stat_4    
1024 TRT01A Placebo              AESOC  GENERAL DISORDERS AND ADMINISTRATION SITE CONDITIONS                AEDECOD                      SWELLING                                                            hierarchical n         n            0       0        <fn>    <NULL>  <NULL> stat_1    
1025 TRT01A Placebo              AESOC  GENERAL DISORDERS AND ADMINISTRATION SITE CONDITIONS                AEDECOD                      SWELLING                                                            hierarchical N         N           86       86       <fn>    <NULL>  <NULL> stat_1    
1026 TRT01A Placebo              AESOC  GENERAL DISORDERS AND ADMINISTRATION SITE CONDITIONS                AEDECOD                      SWELLING                                                            hierarchical p         %            0       0        <fn>    <NULL>  <NULL> stat_1    
1027 TRT01A Total                AESOC  GENERAL DISORDERS AND ADMINISTRATION SITE CONDITIONS                AEDECOD                      SWELLING                                                            hierarchical n         n            1       1        <fn>    <NULL>  <NULL> stat_2    
1028 TRT01A Total                AESOC  GENERAL DISORDERS AND ADMINISTRATION SITE CONDITIONS                AEDECOD                      SWELLING                                                            hierarchical N         N          306       306      <fn>    <NULL>  <NULL> stat_2    
1029 TRT01A Total                AESOC  GENERAL DISORDERS AND ADMINISTRATION SITE CONDITIONS                AEDECOD                      SWELLING                                                            hierarchical p         %            0.00327 0.3      <fn>    <NULL>  <NULL> stat_2    
1030 TRT01A Xanomeline High Dose AESOC  GENERAL DISORDERS AND ADMINISTRATION SITE CONDITIONS                AEDECOD                      SWELLING                                                            hierarchical n         n            0       0        <fn>    <NULL>  <NULL> stat_3    
1031 TRT01A Xanomeline High Dose AESOC  GENERAL DISORDERS AND ADMINISTRATION SITE CONDITIONS                AEDECOD                      SWELLING                                                            hierarchical N         N           72       72       <fn>    <NULL>  <NULL> stat_3    
1032 TRT01A Xanomeline High Dose AESOC  GENERAL DISORDERS AND ADMINISTRATION SITE CONDITIONS                AEDECOD                      SWELLING                                                            hierarchical p         %            0       0        <fn>    <NULL>  <NULL> stat_3    
1033 TRT01A Xanomeline Low Dose  AESOC  GENERAL DISORDERS AND ADMINISTRATION SITE CONDITIONS                AEDECOD                      SWELLING                                                            hierarchical n         n            1       1        <fn>    <NULL>  <NULL> stat_4    
1034 TRT01A Xanomeline Low Dose  AESOC  GENERAL DISORDERS AND ADMINISTRATION SITE CONDITIONS                AEDECOD                      SWELLING                                                            hierarchical N         N           96       96       <fn>    <NULL>  <NULL> stat_4    
1035 TRT01A Xanomeline Low Dose  AESOC  GENERAL DISORDERS AND ADMINISTRATION SITE CONDITIONS                AEDECOD                      SWELLING                                                            hierarchical p         %            0.0104  1.0      <fn>    <NULL>  <NULL> stat_4    
1036 TRT01A Placebo              AESOC  GENERAL DISORDERS AND ADMINISTRATION SITE CONDITIONS                AEDECOD                      ULCER                                                               hierarchical n         n            0       0        <fn>    <NULL>  <NULL> stat_1    
1037 TRT01A Placebo              AESOC  GENERAL DISORDERS AND ADMINISTRATION SITE CONDITIONS                AEDECOD                      ULCER                                                               hierarchical N         N           86       86       <fn>    <NULL>  <NULL> stat_1    
1038 TRT01A Placebo              AESOC  GENERAL DISORDERS AND ADMINISTRATION SITE CONDITIONS                AEDECOD                      ULCER                                                               hierarchical p         %            0       0        <fn>    <NULL>  <NULL> stat_1    
1039 TRT01A Total                AESOC  GENERAL DISORDERS AND ADMINISTRATION SITE CONDITIONS                AEDECOD                      ULCER                                                               hierarchical n         n            1       1        <fn>    <NULL>  <NULL> stat_2    
1040 TRT01A Total                AESOC  GENERAL DISORDERS AND ADMINISTRATION SITE CONDITIONS                AEDECOD                      ULCER                                                               hierarchical N         N          306       306      <fn>    <NULL>  <NULL> stat_2    
1041 TRT01A Total                AESOC  GENERAL DISORDERS AND ADMINISTRATION SITE CONDITIONS                AEDECOD                      ULCER                                                               hierarchical p         %            0.00327 0.3      <fn>    <NULL>  <NULL> stat_2    
1042 TRT01A Xanomeline High Dose AESOC  GENERAL DISORDERS AND ADMINISTRATION SITE CONDITIONS                AEDECOD                      ULCER                                                               hierarchical n         n            0       0        <fn>    <NULL>  <NULL> stat_3    
1043 TRT01A Xanomeline High Dose AESOC  GENERAL DISORDERS AND ADMINISTRATION SITE CONDITIONS                AEDECOD                      ULCER                                                               hierarchical N         N           72       72       <fn>    <NULL>  <NULL> stat_3    
1044 TRT01A Xanomeline High Dose AESOC  GENERAL DISORDERS AND ADMINISTRATION SITE CONDITIONS                AEDECOD                      ULCER                                                               hierarchical p         %            0       0        <fn>    <NULL>  <NULL> stat_3    
1045 TRT01A Xanomeline Low Dose  AESOC  GENERAL DISORDERS AND ADMINISTRATION SITE CONDITIONS                AEDECOD                      ULCER                                                               hierarchical n         n            1       1        <fn>    <NULL>  <NULL> stat_4    
1046 TRT01A Xanomeline Low Dose  AESOC  GENERAL DISORDERS AND ADMINISTRATION SITE CONDITIONS                AEDECOD                      ULCER                                                               hierarchical N         N           96       96       <fn>    <NULL>  <NULL> stat_4    
1047 TRT01A Xanomeline Low Dose  AESOC  GENERAL DISORDERS AND ADMINISTRATION SITE CONDITIONS                AEDECOD                      ULCER                                                               hierarchical p         %            0.0104  1.0      <fn>    <NULL>  <NULL> stat_4    
1048 TRT01A Placebo              <NA>   <NULL>                                                              AESOC                        HEPATOBILIARY DISORDERS                                             hierarchical n         n            1       1        <fn>    <NULL>  <NULL> stat_1    
1049 TRT01A Placebo              <NA>   <NULL>                                                              AESOC                        HEPATOBILIARY DISORDERS                                             hierarchical N         N           86       86       <fn>    <NULL>  <NULL> stat_1    
1050 TRT01A Placebo              <NA>   <NULL>                                                              AESOC                        HEPATOBILIARY DISORDERS                                             hierarchical p         %            0.0116  1.2      <fn>    <NULL>  <NULL> stat_1    
1051 TRT01A Total                <NA>   <NULL>                                                              AESOC                        HEPATOBILIARY DISORDERS                                             hierarchical n         n            1       1        <fn>    <NULL>  <NULL> stat_2    
1052 TRT01A Total                <NA>   <NULL>                                                              AESOC                        HEPATOBILIARY DISORDERS                                             hierarchical N         N          306       306      <fn>    <NULL>  <NULL> stat_2    
1053 TRT01A Total                <NA>   <NULL>                                                              AESOC                        HEPATOBILIARY DISORDERS                                             hierarchical p         %            0.00327 0.3      <fn>    <NULL>  <NULL> stat_2    
1054 TRT01A Xanomeline High Dose <NA>   <NULL>                                                              AESOC                        HEPATOBILIARY DISORDERS                                             hierarchical n         n            0       0        <fn>    <NULL>  <NULL> stat_3    
1055 TRT01A Xanomeline High Dose <NA>   <NULL>                                                              AESOC                        HEPATOBILIARY DISORDERS                                             hierarchical N         N           72       72       <fn>    <NULL>  <NULL> stat_3    
1056 TRT01A Xanomeline High Dose <NA>   <NULL>                                                              AESOC                        HEPATOBILIARY DISORDERS                                             hierarchical p         %            0       0        <fn>    <NULL>  <NULL> stat_3    
1057 TRT01A Xanomeline Low Dose  <NA>   <NULL>                                                              AESOC                        HEPATOBILIARY DISORDERS                                             hierarchical n         n            0       0        <fn>    <NULL>  <NULL> stat_4    
1058 TRT01A Xanomeline Low Dose  <NA>   <NULL>                                                              AESOC                        HEPATOBILIARY DISORDERS                                             hierarchical N         N           96       96       <fn>    <NULL>  <NULL> stat_4    
1059 TRT01A Xanomeline Low Dose  <NA>   <NULL>                                                              AESOC                        HEPATOBILIARY DISORDERS                                             hierarchical p         %            0       0        <fn>    <NULL>  <NULL> stat_4    
1060 TRT01A Placebo              AESOC  HEPATOBILIARY DISORDERS                                             AEDECOD                      HYPERBILIRUBINAEMIA                                                 hierarchical n         n            1       1        <fn>    <NULL>  <NULL> stat_1    
1061 TRT01A Placebo              AESOC  HEPATOBILIARY DISORDERS                                             AEDECOD                      HYPERBILIRUBINAEMIA                                                 hierarchical N         N           86       86       <fn>    <NULL>  <NULL> stat_1    
1062 TRT01A Placebo              AESOC  HEPATOBILIARY DISORDERS                                             AEDECOD                      HYPERBILIRUBINAEMIA                                                 hierarchical p         %            0.0116  1.2      <fn>    <NULL>  <NULL> stat_1    
1063 TRT01A Total                AESOC  HEPATOBILIARY DISORDERS                                             AEDECOD                      HYPERBILIRUBINAEMIA                                                 hierarchical n         n            1       1        <fn>    <NULL>  <NULL> stat_2    
1064 TRT01A Total                AESOC  HEPATOBILIARY DISORDERS                                             AEDECOD                      HYPERBILIRUBINAEMIA                                                 hierarchical N         N          306       306      <fn>    <NULL>  <NULL> stat_2    
1065 TRT01A Total                AESOC  HEPATOBILIARY DISORDERS                                             AEDECOD                      HYPERBILIRUBINAEMIA                                                 hierarchical p         %            0.00327 0.3      <fn>    <NULL>  <NULL> stat_2    
1066 TRT01A Xanomeline High Dose AESOC  HEPATOBILIARY DISORDERS                                             AEDECOD                      HYPERBILIRUBINAEMIA                                                 hierarchical n         n            0       0        <fn>    <NULL>  <NULL> stat_3    
1067 TRT01A Xanomeline High Dose AESOC  HEPATOBILIARY DISORDERS                                             AEDECOD                      HYPERBILIRUBINAEMIA                                                 hierarchical N         N           72       72       <fn>    <NULL>  <NULL> stat_3    
1068 TRT01A Xanomeline High Dose AESOC  HEPATOBILIARY DISORDERS                                             AEDECOD                      HYPERBILIRUBINAEMIA                                                 hierarchical p         %            0       0        <fn>    <NULL>  <NULL> stat_3    
1069 TRT01A Xanomeline Low Dose  AESOC  HEPATOBILIARY DISORDERS                                             AEDECOD                      HYPERBILIRUBINAEMIA                                                 hierarchical n         n            0       0        <fn>    <NULL>  <NULL> stat_4    
1070 TRT01A Xanomeline Low Dose  AESOC  HEPATOBILIARY DISORDERS                                             AEDECOD                      HYPERBILIRUBINAEMIA                                                 hierarchical N         N           96       96       <fn>    <NULL>  <NULL> stat_4    
1071 TRT01A Xanomeline Low Dose  AESOC  HEPATOBILIARY DISORDERS                                             AEDECOD                      HYPERBILIRUBINAEMIA                                                 hierarchical p         %            0       0        <fn>    <NULL>  <NULL> stat_4    
1072 TRT01A Placebo              <NA>   <NULL>                                                              AESOC                        IMMUNE SYSTEM DISORDERS                                             hierarchical n         n            0       0        <fn>    <NULL>  <NULL> stat_1    
1073 TRT01A Placebo              <NA>   <NULL>                                                              AESOC                        IMMUNE SYSTEM DISORDERS                                             hierarchical N         N           86       86       <fn>    <NULL>  <NULL> stat_1    
1074 TRT01A Placebo              <NA>   <NULL>                                                              AESOC                        IMMUNE SYSTEM DISORDERS                                             hierarchical p         %            0       0        <fn>    <NULL>  <NULL> stat_1    
1075 TRT01A Total                <NA>   <NULL>                                                              AESOC                        IMMUNE SYSTEM DISORDERS                                             hierarchical n         n            1       1        <fn>    <NULL>  <NULL> stat_2    
1076 TRT01A Total                <NA>   <NULL>                                                              AESOC                        IMMUNE SYSTEM DISORDERS                                             hierarchical N         N          306       306      <fn>    <NULL>  <NULL> stat_2    
1077 TRT01A Total                <NA>   <NULL>                                                              AESOC                        IMMUNE SYSTEM DISORDERS                                             hierarchical p         %            0.00327 0.3      <fn>    <NULL>  <NULL> stat_2    
1078 TRT01A Xanomeline High Dose <NA>   <NULL>                                                              AESOC                        IMMUNE SYSTEM DISORDERS                                             hierarchical n         n            0       0        <fn>    <NULL>  <NULL> stat_3    
1079 TRT01A Xanomeline High Dose <NA>   <NULL>                                                              AESOC                        IMMUNE SYSTEM DISORDERS                                             hierarchical N         N           72       72       <fn>    <NULL>  <NULL> stat_3    
1080 TRT01A Xanomeline High Dose <NA>   <NULL>                                                              AESOC                        IMMUNE SYSTEM DISORDERS                                             hierarchical p         %            0       0        <fn>    <NULL>  <NULL> stat_3    
1081 TRT01A Xanomeline Low Dose  <NA>   <NULL>                                                              AESOC                        IMMUNE SYSTEM DISORDERS                                             hierarchical n         n            1       1        <fn>    <NULL>  <NULL> stat_4    
1082 TRT01A Xanomeline Low Dose  <NA>   <NULL>                                                              AESOC                        IMMUNE SYSTEM DISORDERS                                             hierarchical N         N           96       96       <fn>    <NULL>  <NULL> stat_4    
1083 TRT01A Xanomeline Low Dose  <NA>   <NULL>                                                              AESOC                        IMMUNE SYSTEM DISORDERS                                             hierarchical p         %            0.0104  1.0      <fn>    <NULL>  <NULL> stat_4    
1084 TRT01A Placebo              AESOC  IMMUNE SYSTEM DISORDERS                                             AEDECOD                      HYPERSENSITIVITY                                                    hierarchical n         n            0       0        <fn>    <NULL>  <NULL> stat_1    
1085 TRT01A Placebo              AESOC  IMMUNE SYSTEM DISORDERS                                             AEDECOD                      HYPERSENSITIVITY                                                    hierarchical N         N           86       86       <fn>    <NULL>  <NULL> stat_1    
1086 TRT01A Placebo              AESOC  IMMUNE SYSTEM DISORDERS                                             AEDECOD                      HYPERSENSITIVITY                                                    hierarchical p         %            0       0        <fn>    <NULL>  <NULL> stat_1    
1087 TRT01A Total                AESOC  IMMUNE SYSTEM DISORDERS                                             AEDECOD                      HYPERSENSITIVITY                                                    hierarchical n         n            1       1        <fn>    <NULL>  <NULL> stat_2    
1088 TRT01A Total                AESOC  IMMUNE SYSTEM DISORDERS                                             AEDECOD                      HYPERSENSITIVITY                                                    hierarchical N         N          306       306      <fn>    <NULL>  <NULL> stat_2    
1089 TRT01A Total                AESOC  IMMUNE SYSTEM DISORDERS                                             AEDECOD                      HYPERSENSITIVITY                                                    hierarchical p         %            0.00327 0.3      <fn>    <NULL>  <NULL> stat_2    
1090 TRT01A Xanomeline High Dose AESOC  IMMUNE SYSTEM DISORDERS                                             AEDECOD                      HYPERSENSITIVITY                                                    hierarchical n         n            0       0        <fn>    <NULL>  <NULL> stat_3    
1091 TRT01A Xanomeline High Dose AESOC  IMMUNE SYSTEM DISORDERS                                             AEDECOD                      HYPERSENSITIVITY                                                    hierarchical N         N           72       72       <fn>    <NULL>  <NULL> stat_3    
1092 TRT01A Xanomeline High Dose AESOC  IMMUNE SYSTEM DISORDERS                                             AEDECOD                      HYPERSENSITIVITY                                                    hierarchical p         %            0       0        <fn>    <NULL>  <NULL> stat_3    
1093 TRT01A Xanomeline Low Dose  AESOC  IMMUNE SYSTEM DISORDERS                                             AEDECOD                      HYPERSENSITIVITY                                                    hierarchical n         n            1       1        <fn>    <NULL>  <NULL> stat_4    
1094 TRT01A Xanomeline Low Dose  AESOC  IMMUNE SYSTEM DISORDERS                                             AEDECOD                      HYPERSENSITIVITY                                                    hierarchical N         N           96       96       <fn>    <NULL>  <NULL> stat_4    
1095 TRT01A Xanomeline Low Dose  AESOC  IMMUNE SYSTEM DISORDERS                                             AEDECOD                      HYPERSENSITIVITY                                                    hierarchical p         %            0.0104  1.0      <fn>    <NULL>  <NULL> stat_4    
1096 TRT01A Placebo              <NA>   <NULL>                                                              AESOC                        INFECTIONS AND INFESTATIONS                                         hierarchical n         n           16       16       <fn>    <NULL>  <NULL> stat_1    
1097 TRT01A Placebo              <NA>   <NULL>                                                              AESOC                        INFECTIONS AND INFESTATIONS                                         hierarchical N         N           86       86       <fn>    <NULL>  <NULL> stat_1    
1098 TRT01A Placebo              <NA>   <NULL>                                                              AESOC                        INFECTIONS AND INFESTATIONS                                         hierarchical p         %            0.186   19       <fn>    <NULL>  <NULL> stat_1    
1099 TRT01A Total                <NA>   <NULL>                                                              AESOC                        INFECTIONS AND INFESTATIONS                                         hierarchical n         n           38       38       <fn>    <NULL>  <NULL> stat_2    
1100 TRT01A Total                <NA>   <NULL>                                                              AESOC                        INFECTIONS AND INFESTATIONS                                         hierarchical N         N          306       306      <fn>    <NULL>  <NULL> stat_2    
1101 TRT01A Total                <NA>   <NULL>                                                              AESOC                        INFECTIONS AND INFESTATIONS                                         hierarchical p         %            0.124   12       <fn>    <NULL>  <NULL> stat_2    
1102 TRT01A Xanomeline High Dose <NA>   <NULL>                                                              AESOC                        INFECTIONS AND INFESTATIONS                                         hierarchical n         n           13       13       <fn>    <NULL>  <NULL> stat_3    
1103 TRT01A Xanomeline High Dose <NA>   <NULL>                                                              AESOC                        INFECTIONS AND INFESTATIONS                                         hierarchical N         N           72       72       <fn>    <NULL>  <NULL> stat_3    
1104 TRT01A Xanomeline High Dose <NA>   <NULL>                                                              AESOC                        INFECTIONS AND INFESTATIONS                                         hierarchical p         %            0.181   18       <fn>    <NULL>  <NULL> stat_3    
1105 TRT01A Xanomeline Low Dose  <NA>   <NULL>                                                              AESOC                        INFECTIONS AND INFESTATIONS                                         hierarchical n         n            9       9        <fn>    <NULL>  <NULL> stat_4    
1106 TRT01A Xanomeline Low Dose  <NA>   <NULL>                                                              AESOC                        INFECTIONS AND INFESTATIONS                                         hierarchical N         N           96       96       <fn>    <NULL>  <NULL> stat_4    
1107 TRT01A Xanomeline Low Dose  <NA>   <NULL>                                                              AESOC                        INFECTIONS AND INFESTATIONS                                         hierarchical p         %            0.0938  9.4      <fn>    <NULL>  <NULL> stat_4    
1108 TRT01A Placebo              AESOC  INFECTIONS AND INFESTATIONS                                         AEDECOD                      BRONCHITIS                                                          hierarchical n         n            1       1        <fn>    <NULL>  <NULL> stat_1    
1109 TRT01A Placebo              AESOC  INFECTIONS AND INFESTATIONS                                         AEDECOD                      BRONCHITIS                                                          hierarchical N         N           86       86       <fn>    <NULL>  <NULL> stat_1    
1110 TRT01A Placebo              AESOC  INFECTIONS AND INFESTATIONS                                         AEDECOD                      BRONCHITIS                                                          hierarchical p         %            0.0116  1.2      <fn>    <NULL>  <NULL> stat_1    
1111 TRT01A Total                AESOC  INFECTIONS AND INFESTATIONS                                         AEDECOD                      BRONCHITIS                                                          hierarchical n         n            1       1        <fn>    <NULL>  <NULL> stat_2    
1112 TRT01A Total                AESOC  INFECTIONS AND INFESTATIONS                                         AEDECOD                      BRONCHITIS                                                          hierarchical N         N          306       306      <fn>    <NULL>  <NULL> stat_2    
1113 TRT01A Total                AESOC  INFECTIONS AND INFESTATIONS                                         AEDECOD                      BRONCHITIS                                                          hierarchical p         %            0.00327 0.3      <fn>    <NULL>  <NULL> stat_2    
1114 TRT01A Xanomeline High Dose AESOC  INFECTIONS AND INFESTATIONS                                         AEDECOD                      BRONCHITIS                                                          hierarchical n         n            0       0        <fn>    <NULL>  <NULL> stat_3    
1115 TRT01A Xanomeline High Dose AESOC  INFECTIONS AND INFESTATIONS                                         AEDECOD                      BRONCHITIS                                                          hierarchical N         N           72       72       <fn>    <NULL>  <NULL> stat_3    
1116 TRT01A Xanomeline High Dose AESOC  INFECTIONS AND INFESTATIONS                                         AEDECOD                      BRONCHITIS                                                          hierarchical p         %            0       0        <fn>    <NULL>  <NULL> stat_3    
1117 TRT01A Xanomeline Low Dose  AESOC  INFECTIONS AND INFESTATIONS                                         AEDECOD                      BRONCHITIS                                                          hierarchical n         n            0       0        <fn>    <NULL>  <NULL> stat_4    
1118 TRT01A Xanomeline Low Dose  AESOC  INFECTIONS AND INFESTATIONS                                         AEDECOD                      BRONCHITIS                                                          hierarchical N         N           96       96       <fn>    <NULL>  <NULL> stat_4    
1119 TRT01A Xanomeline Low Dose  AESOC  INFECTIONS AND INFESTATIONS                                         AEDECOD                      BRONCHITIS                                                          hierarchical p         %            0       0        <fn>    <NULL>  <NULL> stat_4    
1120 TRT01A Placebo              AESOC  INFECTIONS AND INFESTATIONS                                         AEDECOD                      CELLULITIS                                                          hierarchical n         n            0       0        <fn>    <NULL>  <NULL> stat_1    
1121 TRT01A Placebo              AESOC  INFECTIONS AND INFESTATIONS                                         AEDECOD                      CELLULITIS                                                          hierarchical N         N           86       86       <fn>    <NULL>  <NULL> stat_1    
1122 TRT01A Placebo              AESOC  INFECTIONS AND INFESTATIONS                                         AEDECOD                      CELLULITIS                                                          hierarchical p         %            0       0        <fn>    <NULL>  <NULL> stat_1    
1123 TRT01A Total                AESOC  INFECTIONS AND INFESTATIONS                                         AEDECOD                      CELLULITIS                                                          hierarchical n         n            1       1        <fn>    <NULL>  <NULL> stat_2    
1124 TRT01A Total                AESOC  INFECTIONS AND INFESTATIONS                                         AEDECOD                      CELLULITIS                                                          hierarchical N         N          306       306      <fn>    <NULL>  <NULL> stat_2    
1125 TRT01A Total                AESOC  INFECTIONS AND INFESTATIONS                                         AEDECOD                      CELLULITIS                                                          hierarchical p         %            0.00327 0.3      <fn>    <NULL>  <NULL> stat_2    
1126 TRT01A Xanomeline High Dose AESOC  INFECTIONS AND INFESTATIONS                                         AEDECOD                      CELLULITIS                                                          hierarchical n         n            0       0        <fn>    <NULL>  <NULL> stat_3    
1127 TRT01A Xanomeline High Dose AESOC  INFECTIONS AND INFESTATIONS                                         AEDECOD                      CELLULITIS                                                          hierarchical N         N           72       72       <fn>    <NULL>  <NULL> stat_3    
1128 TRT01A Xanomeline High Dose AESOC  INFECTIONS AND INFESTATIONS                                         AEDECOD                      CELLULITIS                                                          hierarchical p         %            0       0        <fn>    <NULL>  <NULL> stat_3    
1129 TRT01A Xanomeline Low Dose  AESOC  INFECTIONS AND INFESTATIONS                                         AEDECOD                      CELLULITIS                                                          hierarchical n         n            1       1        <fn>    <NULL>  <NULL> stat_4    
1130 TRT01A Xanomeline Low Dose  AESOC  INFECTIONS AND INFESTATIONS                                         AEDECOD                      CELLULITIS                                                          hierarchical N         N           96       96       <fn>    <NULL>  <NULL> stat_4    
1131 TRT01A Xanomeline Low Dose  AESOC  INFECTIONS AND INFESTATIONS                                         AEDECOD                      CELLULITIS                                                          hierarchical p         %            0.0104  1.0      <fn>    <NULL>  <NULL> stat_4    
1132 TRT01A Placebo              AESOC  INFECTIONS AND INFESTATIONS                                         AEDECOD                      CERVICITIS                                                          hierarchical n         n            1       1        <fn>    <NULL>  <NULL> stat_1    
1133 TRT01A Placebo              AESOC  INFECTIONS AND INFESTATIONS                                         AEDECOD                      CERVICITIS                                                          hierarchical N         N           86       86       <fn>    <NULL>  <NULL> stat_1    
1134 TRT01A Placebo              AESOC  INFECTIONS AND INFESTATIONS                                         AEDECOD                      CERVICITIS                                                          hierarchical p         %            0.0116  1.2      <fn>    <NULL>  <NULL> stat_1    
1135 TRT01A Total                AESOC  INFECTIONS AND INFESTATIONS                                         AEDECOD                      CERVICITIS                                                          hierarchical n         n            1       1        <fn>    <NULL>  <NULL> stat_2    
1136 TRT01A Total                AESOC  INFECTIONS AND INFESTATIONS                                         AEDECOD                      CERVICITIS                                                          hierarchical N         N          306       306      <fn>    <NULL>  <NULL> stat_2    
1137 TRT01A Total                AESOC  INFECTIONS AND INFESTATIONS                                         AEDECOD                      CERVICITIS                                                          hierarchical p         %            0.00327 0.3      <fn>    <NULL>  <NULL> stat_2    
1138 TRT01A Xanomeline High Dose AESOC  INFECTIONS AND INFESTATIONS                                         AEDECOD                      CERVICITIS                                                          hierarchical n         n            0       0        <fn>    <NULL>  <NULL> stat_3    
1139 TRT01A Xanomeline High Dose AESOC  INFECTIONS AND INFESTATIONS                                         AEDECOD                      CERVICITIS                                                          hierarchical N         N           72       72       <fn>    <NULL>  <NULL> stat_3    
1140 TRT01A Xanomeline High Dose AESOC  INFECTIONS AND INFESTATIONS                                         AEDECOD                      CERVICITIS                                                          hierarchical p         %            0       0        <fn>    <NULL>  <NULL> stat_3    
1141 TRT01A Xanomeline Low Dose  AESOC  INFECTIONS AND INFESTATIONS                                         AEDECOD                      CERVICITIS                                                          hierarchical n         n            0       0        <fn>    <NULL>  <NULL> stat_4    
1142 TRT01A Xanomeline Low Dose  AESOC  INFECTIONS AND INFESTATIONS                                         AEDECOD                      CERVICITIS                                                          hierarchical N         N           96       96       <fn>    <NULL>  <NULL> stat_4    
1143 TRT01A Xanomeline Low Dose  AESOC  INFECTIONS AND INFESTATIONS                                         AEDECOD                      CERVICITIS                                                          hierarchical p         %            0       0        <fn>    <NULL>  <NULL> stat_4    
1144 TRT01A Placebo              AESOC  INFECTIONS AND INFESTATIONS                                         AEDECOD                      CYSTITIS                                                            hierarchical n         n            1       1        <fn>    <NULL>  <NULL> stat_1    
1145 TRT01A Placebo              AESOC  INFECTIONS AND INFESTATIONS                                         AEDECOD                      CYSTITIS                                                            hierarchical N         N           86       86       <fn>    <NULL>  <NULL> stat_1    
1146 TRT01A Placebo              AESOC  INFECTIONS AND INFESTATIONS                                         AEDECOD                      CYSTITIS                                                            hierarchical p         %            0.0116  1.2      <fn>    <NULL>  <NULL> stat_1    
1147 TRT01A Total                AESOC  INFECTIONS AND INFESTATIONS                                         AEDECOD                      CYSTITIS                                                            hierarchical n         n            2       2        <fn>    <NULL>  <NULL> stat_2    
1148 TRT01A Total                AESOC  INFECTIONS AND INFESTATIONS                                         AEDECOD                      CYSTITIS                                                            hierarchical N         N          306       306      <fn>    <NULL>  <NULL> stat_2    
1149 TRT01A Total                AESOC  INFECTIONS AND INFESTATIONS                                         AEDECOD                      CYSTITIS                                                            hierarchical p         %            0.00654 0.7      <fn>    <NULL>  <NULL> stat_2    
1150 TRT01A Xanomeline High Dose AESOC  INFECTIONS AND INFESTATIONS                                         AEDECOD                      CYSTITIS                                                            hierarchical n         n            1       1        <fn>    <NULL>  <NULL> stat_3    
1151 TRT01A Xanomeline High Dose AESOC  INFECTIONS AND INFESTATIONS                                         AEDECOD                      CYSTITIS                                                            hierarchical N         N           72       72       <fn>    <NULL>  <NULL> stat_3    
1152 TRT01A Xanomeline High Dose AESOC  INFECTIONS AND INFESTATIONS                                         AEDECOD                      CYSTITIS                                                            hierarchical p         %            0.0139  1.4      <fn>    <NULL>  <NULL> stat_3    
1153 TRT01A Xanomeline Low Dose  AESOC  INFECTIONS AND INFESTATIONS                                         AEDECOD                      CYSTITIS                                                            hierarchical n         n            0       0        <fn>    <NULL>  <NULL> stat_4    
1154 TRT01A Xanomeline Low Dose  AESOC  INFECTIONS AND INFESTATIONS                                         AEDECOD                      CYSTITIS                                                            hierarchical N         N           96       96       <fn>    <NULL>  <NULL> stat_4    
1155 TRT01A Xanomeline Low Dose  AESOC  INFECTIONS AND INFESTATIONS                                         AEDECOD                      CYSTITIS                                                            hierarchical p         %            0       0        <fn>    <NULL>  <NULL> stat_4    
1156 TRT01A Placebo              AESOC  INFECTIONS AND INFESTATIONS                                         AEDECOD                      EAR INFECTION                                                       hierarchical n         n            2       2        <fn>    <NULL>  <NULL> stat_1    
1157 TRT01A Placebo              AESOC  INFECTIONS AND INFESTATIONS                                         AEDECOD                      EAR INFECTION                                                       hierarchical N         N           86       86       <fn>    <NULL>  <NULL> stat_1    
1158 TRT01A Placebo              AESOC  INFECTIONS AND INFESTATIONS                                         AEDECOD                      EAR INFECTION                                                       hierarchical p         %            0.0233  2.3      <fn>    <NULL>  <NULL> stat_1    
1159 TRT01A Total                AESOC  INFECTIONS AND INFESTATIONS                                         AEDECOD                      EAR INFECTION                                                       hierarchical n         n            2       2        <fn>    <NULL>  <NULL> stat_2    
1160 TRT01A Total                AESOC  INFECTIONS AND INFESTATIONS                                         AEDECOD                      EAR INFECTION                                                       hierarchical N         N          306       306      <fn>    <NULL>  <NULL> stat_2    
1161 TRT01A Total                AESOC  INFECTIONS AND INFESTATIONS                                         AEDECOD                      EAR INFECTION                                                       hierarchical p         %            0.00654 0.7      <fn>    <NULL>  <NULL> stat_2    
1162 TRT01A Xanomeline High Dose AESOC  INFECTIONS AND INFESTATIONS                                         AEDECOD                      EAR INFECTION                                                       hierarchical n         n            0       0        <fn>    <NULL>  <NULL> stat_3    
1163 TRT01A Xanomeline High Dose AESOC  INFECTIONS AND INFESTATIONS                                         AEDECOD                      EAR INFECTION                                                       hierarchical N         N           72       72       <fn>    <NULL>  <NULL> stat_3    
1164 TRT01A Xanomeline High Dose AESOC  INFECTIONS AND INFESTATIONS                                         AEDECOD                      EAR INFECTION                                                       hierarchical p         %            0       0        <fn>    <NULL>  <NULL> stat_3    
1165 TRT01A Xanomeline Low Dose  AESOC  INFECTIONS AND INFESTATIONS                                         AEDECOD                      EAR INFECTION                                                       hierarchical n         n            0       0        <fn>    <NULL>  <NULL> stat_4    
1166 TRT01A Xanomeline Low Dose  AESOC  INFECTIONS AND INFESTATIONS                                         AEDECOD                      EAR INFECTION                                                       hierarchical N         N           96       96       <fn>    <NULL>  <NULL> stat_4    
1167 TRT01A Xanomeline Low Dose  AESOC  INFECTIONS AND INFESTATIONS                                         AEDECOD                      EAR INFECTION                                                       hierarchical p         %            0       0        <fn>    <NULL>  <NULL> stat_4    
1168 TRT01A Placebo              AESOC  INFECTIONS AND INFESTATIONS                                         AEDECOD                      GASTROENTERITIS VIRAL                                               hierarchical n         n            1       1        <fn>    <NULL>  <NULL> stat_1    
1169 TRT01A Placebo              AESOC  INFECTIONS AND INFESTATIONS                                         AEDECOD                      GASTROENTERITIS VIRAL                                               hierarchical N         N           86       86       <fn>    <NULL>  <NULL> stat_1    
1170 TRT01A Placebo              AESOC  INFECTIONS AND INFESTATIONS                                         AEDECOD                      GASTROENTERITIS VIRAL                                               hierarchical p         %            0.0116  1.2      <fn>    <NULL>  <NULL> stat_1    
1171 TRT01A Total                AESOC  INFECTIONS AND INFESTATIONS                                         AEDECOD                      GASTROENTERITIS VIRAL                                               hierarchical n         n            1       1        <fn>    <NULL>  <NULL> stat_2    
1172 TRT01A Total                AESOC  INFECTIONS AND INFESTATIONS                                         AEDECOD                      GASTROENTERITIS VIRAL                                               hierarchical N         N          306       306      <fn>    <NULL>  <NULL> stat_2    
1173 TRT01A Total                AESOC  INFECTIONS AND INFESTATIONS                                         AEDECOD                      GASTROENTERITIS VIRAL                                               hierarchical p         %            0.00327 0.3      <fn>    <NULL>  <NULL> stat_2    
1174 TRT01A Xanomeline High Dose AESOC  INFECTIONS AND INFESTATIONS                                         AEDECOD                      GASTROENTERITIS VIRAL                                               hierarchical n         n            0       0        <fn>    <NULL>  <NULL> stat_3    
1175 TRT01A Xanomeline High Dose AESOC  INFECTIONS AND INFESTATIONS                                         AEDECOD                      GASTROENTERITIS VIRAL                                               hierarchical N         N           72       72       <fn>    <NULL>  <NULL> stat_3    
1176 TRT01A Xanomeline High Dose AESOC  INFECTIONS AND INFESTATIONS                                         AEDECOD                      GASTROENTERITIS VIRAL                                               hierarchical p         %            0       0        <fn>    <NULL>  <NULL> stat_3    
1177 TRT01A Xanomeline Low Dose  AESOC  INFECTIONS AND INFESTATIONS                                         AEDECOD                      GASTROENTERITIS VIRAL                                               hierarchical n         n            0       0        <fn>    <NULL>  <NULL> stat_4    
1178 TRT01A Xanomeline Low Dose  AESOC  INFECTIONS AND INFESTATIONS                                         AEDECOD                      GASTROENTERITIS VIRAL                                               hierarchical N         N           96       96       <fn>    <NULL>  <NULL> stat_4    
1179 TRT01A Xanomeline Low Dose  AESOC  INFECTIONS AND INFESTATIONS                                         AEDECOD                      GASTROENTERITIS VIRAL                                               hierarchical p         %            0       0        <fn>    <NULL>  <NULL> stat_4    
1180 TRT01A Placebo              AESOC  INFECTIONS AND INFESTATIONS                                         AEDECOD                      HORDEOLUM                                                           hierarchical n         n            0       0        <fn>    <NULL>  <NULL> stat_1    
1181 TRT01A Placebo              AESOC  INFECTIONS AND INFESTATIONS                                         AEDECOD                      HORDEOLUM                                                           hierarchical N         N           86       86       <fn>    <NULL>  <NULL> stat_1    
1182 TRT01A Placebo              AESOC  INFECTIONS AND INFESTATIONS                                         AEDECOD                      HORDEOLUM                                                           hierarchical p         %            0       0        <fn>    <NULL>  <NULL> stat_1    
1183 TRT01A Total                AESOC  INFECTIONS AND INFESTATIONS                                         AEDECOD                      HORDEOLUM                                                           hierarchical n         n            1       1        <fn>    <NULL>  <NULL> stat_2    
1184 TRT01A Total                AESOC  INFECTIONS AND INFESTATIONS                                         AEDECOD                      HORDEOLUM                                                           hierarchical N         N          306       306      <fn>    <NULL>  <NULL> stat_2    
1185 TRT01A Total                AESOC  INFECTIONS AND INFESTATIONS                                         AEDECOD                      HORDEOLUM                                                           hierarchical p         %            0.00327 0.3      <fn>    <NULL>  <NULL> stat_2    
1186 TRT01A Xanomeline High Dose AESOC  INFECTIONS AND INFESTATIONS                                         AEDECOD                      HORDEOLUM                                                           hierarchical n         n            1       1        <fn>    <NULL>  <NULL> stat_3    
1187 TRT01A Xanomeline High Dose AESOC  INFECTIONS AND INFESTATIONS                                         AEDECOD                      HORDEOLUM                                                           hierarchical N         N           72       72       <fn>    <NULL>  <NULL> stat_3    
1188 TRT01A Xanomeline High Dose AESOC  INFECTIONS AND INFESTATIONS                                         AEDECOD                      HORDEOLUM                                                           hierarchical p         %            0.0139  1.4      <fn>    <NULL>  <NULL> stat_3    
1189 TRT01A Xanomeline Low Dose  AESOC  INFECTIONS AND INFESTATIONS                                         AEDECOD                      HORDEOLUM                                                           hierarchical n         n            0       0        <fn>    <NULL>  <NULL> stat_4    
1190 TRT01A Xanomeline Low Dose  AESOC  INFECTIONS AND INFESTATIONS                                         AEDECOD                      HORDEOLUM                                                           hierarchical N         N           96       96       <fn>    <NULL>  <NULL> stat_4    
1191 TRT01A Xanomeline Low Dose  AESOC  INFECTIONS AND INFESTATIONS                                         AEDECOD                      HORDEOLUM                                                           hierarchical p         %            0       0        <fn>    <NULL>  <NULL> stat_4    
1192 TRT01A Placebo              AESOC  INFECTIONS AND INFESTATIONS                                         AEDECOD                      INFLUENZA                                                           hierarchical n         n            1       1        <fn>    <NULL>  <NULL> stat_1    
1193 TRT01A Placebo              AESOC  INFECTIONS AND INFESTATIONS                                         AEDECOD                      INFLUENZA                                                           hierarchical N         N           86       86       <fn>    <NULL>  <NULL> stat_1    
1194 TRT01A Placebo              AESOC  INFECTIONS AND INFESTATIONS                                         AEDECOD                      INFLUENZA                                                           hierarchical p         %            0.0116  1.2      <fn>    <NULL>  <NULL> stat_1    
1195 TRT01A Total                AESOC  INFECTIONS AND INFESTATIONS                                         AEDECOD                      INFLUENZA                                                           hierarchical n         n            3       3        <fn>    <NULL>  <NULL> stat_2    
1196 TRT01A Total                AESOC  INFECTIONS AND INFESTATIONS                                         AEDECOD                      INFLUENZA                                                           hierarchical N         N          306       306      <fn>    <NULL>  <NULL> stat_2    
1197 TRT01A Total                AESOC  INFECTIONS AND INFESTATIONS                                         AEDECOD                      INFLUENZA                                                           hierarchical p         %            0.00980 1.0      <fn>    <NULL>  <NULL> stat_2    
1198 TRT01A Xanomeline High Dose AESOC  INFECTIONS AND INFESTATIONS                                         AEDECOD                      INFLUENZA                                                           hierarchical n         n            1       1        <fn>    <NULL>  <NULL> stat_3    
1199 TRT01A Xanomeline High Dose AESOC  INFECTIONS AND INFESTATIONS                                         AEDECOD                      INFLUENZA                                                           hierarchical N         N           72       72       <fn>    <NULL>  <NULL> stat_3    
1200 TRT01A Xanomeline High Dose AESOC  INFECTIONS AND INFESTATIONS                                         AEDECOD                      INFLUENZA                                                           hierarchical p         %            0.0139  1.4      <fn>    <NULL>  <NULL> stat_3    
1201 TRT01A Xanomeline Low Dose  AESOC  INFECTIONS AND INFESTATIONS                                         AEDECOD                      INFLUENZA                                                           hierarchical n         n            1       1        <fn>    <NULL>  <NULL> stat_4    
1202 TRT01A Xanomeline Low Dose  AESOC  INFECTIONS AND INFESTATIONS                                         AEDECOD                      INFLUENZA                                                           hierarchical N         N           96       96       <fn>    <NULL>  <NULL> stat_4    
1203 TRT01A Xanomeline Low Dose  AESOC  INFECTIONS AND INFESTATIONS                                         AEDECOD                      INFLUENZA                                                           hierarchical p         %            0.0104  1.0      <fn>    <NULL>  <NULL> stat_4    
1204 TRT01A Placebo              AESOC  INFECTIONS AND INFESTATIONS                                         AEDECOD                      LOCALISED INFECTION                                                 hierarchical n         n            1       1        <fn>    <NULL>  <NULL> stat_1    
1205 TRT01A Placebo              AESOC  INFECTIONS AND INFESTATIONS                                         AEDECOD                      LOCALISED INFECTION                                                 hierarchical N         N           86       86       <fn>    <NULL>  <NULL> stat_1    
1206 TRT01A Placebo              AESOC  INFECTIONS AND INFESTATIONS                                         AEDECOD                      LOCALISED INFECTION                                                 hierarchical p         %            0.0116  1.2      <fn>    <NULL>  <NULL> stat_1    
1207 TRT01A Total                AESOC  INFECTIONS AND INFESTATIONS                                         AEDECOD                      LOCALISED INFECTION                                                 hierarchical n         n            1       1        <fn>    <NULL>  <NULL> stat_2    
1208 TRT01A Total                AESOC  INFECTIONS AND INFESTATIONS                                         AEDECOD                      LOCALISED INFECTION                                                 hierarchical N         N          306       306      <fn>    <NULL>  <NULL> stat_2    
1209 TRT01A Total                AESOC  INFECTIONS AND INFESTATIONS                                         AEDECOD                      LOCALISED INFECTION                                                 hierarchical p         %            0.00327 0.3      <fn>    <NULL>  <NULL> stat_2    
1210 TRT01A Xanomeline High Dose AESOC  INFECTIONS AND INFESTATIONS                                         AEDECOD                      LOCALISED INFECTION                                                 hierarchical n         n            0       0        <fn>    <NULL>  <NULL> stat_3    
1211 TRT01A Xanomeline High Dose AESOC  INFECTIONS AND INFESTATIONS                                         AEDECOD                      LOCALISED INFECTION                                                 hierarchical N         N           72       72       <fn>    <NULL>  <NULL> stat_3    
1212 TRT01A Xanomeline High Dose AESOC  INFECTIONS AND INFESTATIONS                                         AEDECOD                      LOCALISED INFECTION                                                 hierarchical p         %            0       0        <fn>    <NULL>  <NULL> stat_3    
1213 TRT01A Xanomeline Low Dose  AESOC  INFECTIONS AND INFESTATIONS                                         AEDECOD                      LOCALISED INFECTION                                                 hierarchical n         n            0       0        <fn>    <NULL>  <NULL> stat_4    
1214 TRT01A Xanomeline Low Dose  AESOC  INFECTIONS AND INFESTATIONS                                         AEDECOD                      LOCALISED INFECTION                                                 hierarchical N         N           96       96       <fn>    <NULL>  <NULL> stat_4    
1215 TRT01A Xanomeline Low Dose  AESOC  INFECTIONS AND INFESTATIONS                                         AEDECOD                      LOCALISED INFECTION                                                 hierarchical p         %            0       0        <fn>    <NULL>  <NULL> stat_4    
1216 TRT01A Placebo              AESOC  INFECTIONS AND INFESTATIONS                                         AEDECOD                      LOWER RESPIRATORY TRACT INFECTION                                   hierarchical n         n            0       0        <fn>    <NULL>  <NULL> stat_1    
1217 TRT01A Placebo              AESOC  INFECTIONS AND INFESTATIONS                                         AEDECOD                      LOWER RESPIRATORY TRACT INFECTION                                   hierarchical N         N           86       86       <fn>    <NULL>  <NULL> stat_1    
1218 TRT01A Placebo              AESOC  INFECTIONS AND INFESTATIONS                                         AEDECOD                      LOWER RESPIRATORY TRACT INFECTION                                   hierarchical p         %            0       0        <fn>    <NULL>  <NULL> stat_1    
1219 TRT01A Total                AESOC  INFECTIONS AND INFESTATIONS                                         AEDECOD                      LOWER RESPIRATORY TRACT INFECTION                                   hierarchical n         n            1       1        <fn>    <NULL>  <NULL> stat_2    
1220 TRT01A Total                AESOC  INFECTIONS AND INFESTATIONS                                         AEDECOD                      LOWER RESPIRATORY TRACT INFECTION                                   hierarchical N         N          306       306      <fn>    <NULL>  <NULL> stat_2    
1221 TRT01A Total                AESOC  INFECTIONS AND INFESTATIONS                                         AEDECOD                      LOWER RESPIRATORY TRACT INFECTION                                   hierarchical p         %            0.00327 0.3      <fn>    <NULL>  <NULL> stat_2    
1222 TRT01A Xanomeline High Dose AESOC  INFECTIONS AND INFESTATIONS                                         AEDECOD                      LOWER RESPIRATORY TRACT INFECTION                                   hierarchical n         n            1       1        <fn>    <NULL>  <NULL> stat_3    
1223 TRT01A Xanomeline High Dose AESOC  INFECTIONS AND INFESTATIONS                                         AEDECOD                      LOWER RESPIRATORY TRACT INFECTION                                   hierarchical N         N           72       72       <fn>    <NULL>  <NULL> stat_3    
1224 TRT01A Xanomeline High Dose AESOC  INFECTIONS AND INFESTATIONS                                         AEDECOD                      LOWER RESPIRATORY TRACT INFECTION                                   hierarchical p         %            0.0139  1.4      <fn>    <NULL>  <NULL> stat_3    
1225 TRT01A Xanomeline Low Dose  AESOC  INFECTIONS AND INFESTATIONS                                         AEDECOD                      LOWER RESPIRATORY TRACT INFECTION                                   hierarchical n         n            0       0        <fn>    <NULL>  <NULL> stat_4    
1226 TRT01A Xanomeline Low Dose  AESOC  INFECTIONS AND INFESTATIONS                                         AEDECOD                      LOWER RESPIRATORY TRACT INFECTION                                   hierarchical N         N           96       96       <fn>    <NULL>  <NULL> stat_4    
1227 TRT01A Xanomeline Low Dose  AESOC  INFECTIONS AND INFESTATIONS                                         AEDECOD                      LOWER RESPIRATORY TRACT INFECTION                                   hierarchical p         %            0       0        <fn>    <NULL>  <NULL> stat_4    
1228 TRT01A Placebo              AESOC  INFECTIONS AND INFESTATIONS                                         AEDECOD                      NASOPHARYNGITIS                                                     hierarchical n         n            2       2        <fn>    <NULL>  <NULL> stat_1    
1229 TRT01A Placebo              AESOC  INFECTIONS AND INFESTATIONS                                         AEDECOD                      NASOPHARYNGITIS                                                     hierarchical N         N           86       86       <fn>    <NULL>  <NULL> stat_1    
1230 TRT01A Placebo              AESOC  INFECTIONS AND INFESTATIONS                                         AEDECOD                      NASOPHARYNGITIS                                                     hierarchical p         %            0.0233  2.3      <fn>    <NULL>  <NULL> stat_1    
1231 TRT01A Total                AESOC  INFECTIONS AND INFESTATIONS                                         AEDECOD                      NASOPHARYNGITIS                                                     hierarchical n         n           12       12       <fn>    <NULL>  <NULL> stat_2    
1232 TRT01A Total                AESOC  INFECTIONS AND INFESTATIONS                                         AEDECOD                      NASOPHARYNGITIS                                                     hierarchical N         N          306       306      <fn>    <NULL>  <NULL> stat_2    
1233 TRT01A Total                AESOC  INFECTIONS AND INFESTATIONS                                         AEDECOD                      NASOPHARYNGITIS                                                     hierarchical p         %            0.0392  3.9      <fn>    <NULL>  <NULL> stat_2    
1234 TRT01A Xanomeline High Dose AESOC  INFECTIONS AND INFESTATIONS                                         AEDECOD                      NASOPHARYNGITIS                                                     hierarchical n         n            6       6        <fn>    <NULL>  <NULL> stat_3    
1235 TRT01A Xanomeline High Dose AESOC  INFECTIONS AND INFESTATIONS                                         AEDECOD                      NASOPHARYNGITIS                                                     hierarchical N         N           72       72       <fn>    <NULL>  <NULL> stat_3    
1236 TRT01A Xanomeline High Dose AESOC  INFECTIONS AND INFESTATIONS                                         AEDECOD                      NASOPHARYNGITIS                                                     hierarchical p         %            0.0833  8.3      <fn>    <NULL>  <NULL> stat_3    
1237 TRT01A Xanomeline Low Dose  AESOC  INFECTIONS AND INFESTATIONS                                         AEDECOD                      NASOPHARYNGITIS                                                     hierarchical n         n            4       4        <fn>    <NULL>  <NULL> stat_4    
1238 TRT01A Xanomeline Low Dose  AESOC  INFECTIONS AND INFESTATIONS                                         AEDECOD                      NASOPHARYNGITIS                                                     hierarchical N         N           96       96       <fn>    <NULL>  <NULL> stat_4    
1239 TRT01A Xanomeline Low Dose  AESOC  INFECTIONS AND INFESTATIONS                                         AEDECOD                      NASOPHARYNGITIS                                                     hierarchical p         %            0.0417  4.2      <fn>    <NULL>  <NULL> stat_4    
1240 TRT01A Placebo              AESOC  INFECTIONS AND INFESTATIONS                                         AEDECOD                      PNEUMONIA                                                           hierarchical n         n            0       0        <fn>    <NULL>  <NULL> stat_1    
1241 TRT01A Placebo              AESOC  INFECTIONS AND INFESTATIONS                                         AEDECOD                      PNEUMONIA                                                           hierarchical N         N           86       86       <fn>    <NULL>  <NULL> stat_1    
1242 TRT01A Placebo              AESOC  INFECTIONS AND INFESTATIONS                                         AEDECOD                      PNEUMONIA                                                           hierarchical p         %            0       0        <fn>    <NULL>  <NULL> stat_1    
1243 TRT01A Total                AESOC  INFECTIONS AND INFESTATIONS                                         AEDECOD                      PNEUMONIA                                                           hierarchical n         n            1       1        <fn>    <NULL>  <NULL> stat_2    
1244 TRT01A Total                AESOC  INFECTIONS AND INFESTATIONS                                         AEDECOD                      PNEUMONIA                                                           hierarchical N         N          306       306      <fn>    <NULL>  <NULL> stat_2    
1245 TRT01A Total                AESOC  INFECTIONS AND INFESTATIONS                                         AEDECOD                      PNEUMONIA                                                           hierarchical p         %            0.00327 0.3      <fn>    <NULL>  <NULL> stat_2    
1246 TRT01A Xanomeline High Dose AESOC  INFECTIONS AND INFESTATIONS                                         AEDECOD                      PNEUMONIA                                                           hierarchical n         n            0       0        <fn>    <NULL>  <NULL> stat_3    
1247 TRT01A Xanomeline High Dose AESOC  INFECTIONS AND INFESTATIONS                                         AEDECOD                      PNEUMONIA                                                           hierarchical N         N           72       72       <fn>    <NULL>  <NULL> stat_3    
1248 TRT01A Xanomeline High Dose AESOC  INFECTIONS AND INFESTATIONS                                         AEDECOD                      PNEUMONIA                                                           hierarchical p         %            0       0        <fn>    <NULL>  <NULL> stat_3    
1249 TRT01A Xanomeline Low Dose  AESOC  INFECTIONS AND INFESTATIONS                                         AEDECOD                      PNEUMONIA                                                           hierarchical n         n            1       1        <fn>    <NULL>  <NULL> stat_4    
1250 TRT01A Xanomeline Low Dose  AESOC  INFECTIONS AND INFESTATIONS                                         AEDECOD                      PNEUMONIA                                                           hierarchical N         N           96       96       <fn>    <NULL>  <NULL> stat_4    
1251 TRT01A Xanomeline Low Dose  AESOC  INFECTIONS AND INFESTATIONS                                         AEDECOD                      PNEUMONIA                                                           hierarchical p         %            0.0104  1.0      <fn>    <NULL>  <NULL> stat_4    
1252 TRT01A Placebo              AESOC  INFECTIONS AND INFESTATIONS                                         AEDECOD                      RHINITIS                                                            hierarchical n         n            0       0        <fn>    <NULL>  <NULL> stat_1    
1253 TRT01A Placebo              AESOC  INFECTIONS AND INFESTATIONS                                         AEDECOD                      RHINITIS                                                            hierarchical N         N           86       86       <fn>    <NULL>  <NULL> stat_1    
1254 TRT01A Placebo              AESOC  INFECTIONS AND INFESTATIONS                                         AEDECOD                      RHINITIS                                                            hierarchical p         %            0       0        <fn>    <NULL>  <NULL> stat_1    
1255 TRT01A Total                AESOC  INFECTIONS AND INFESTATIONS                                         AEDECOD                      RHINITIS                                                            hierarchical n         n            1       1        <fn>    <NULL>  <NULL> stat_2    
1256 TRT01A Total                AESOC  INFECTIONS AND INFESTATIONS                                         AEDECOD                      RHINITIS                                                            hierarchical N         N          306       306      <fn>    <NULL>  <NULL> stat_2    
1257 TRT01A Total                AESOC  INFECTIONS AND INFESTATIONS                                         AEDECOD                      RHINITIS                                                            hierarchical p         %            0.00327 0.3      <fn>    <NULL>  <NULL> stat_2    
1258 TRT01A Xanomeline High Dose AESOC  INFECTIONS AND INFESTATIONS                                         AEDECOD                      RHINITIS                                                            hierarchical n         n            1       1        <fn>    <NULL>  <NULL> stat_3    
1259 TRT01A Xanomeline High Dose AESOC  INFECTIONS AND INFESTATIONS                                         AEDECOD                      RHINITIS                                                            hierarchical N         N           72       72       <fn>    <NULL>  <NULL> stat_3    
1260 TRT01A Xanomeline High Dose AESOC  INFECTIONS AND INFESTATIONS                                         AEDECOD                      RHINITIS                                                            hierarchical p         %            0.0139  1.4      <fn>    <NULL>  <NULL> stat_3    
1261 TRT01A Xanomeline Low Dose  AESOC  INFECTIONS AND INFESTATIONS                                         AEDECOD                      RHINITIS                                                            hierarchical n         n            0       0        <fn>    <NULL>  <NULL> stat_4    
1262 TRT01A Xanomeline Low Dose  AESOC  INFECTIONS AND INFESTATIONS                                         AEDECOD                      RHINITIS                                                            hierarchical N         N           96       96       <fn>    <NULL>  <NULL> stat_4    
1263 TRT01A Xanomeline Low Dose  AESOC  INFECTIONS AND INFESTATIONS                                         AEDECOD                      RHINITIS                                                            hierarchical p         %            0       0        <fn>    <NULL>  <NULL> stat_4    
1264 TRT01A Placebo              AESOC  INFECTIONS AND INFESTATIONS                                         AEDECOD                      UPPER RESPIRATORY TRACT INFECTION                                   hierarchical n         n            6       6        <fn>    <NULL>  <NULL> stat_1    
1265 TRT01A Placebo              AESOC  INFECTIONS AND INFESTATIONS                                         AEDECOD                      UPPER RESPIRATORY TRACT INFECTION                                   hierarchical N         N           86       86       <fn>    <NULL>  <NULL> stat_1    
1266 TRT01A Placebo              AESOC  INFECTIONS AND INFESTATIONS                                         AEDECOD                      UPPER RESPIRATORY TRACT INFECTION                                   hierarchical p         %            0.0698  7.0      <fn>    <NULL>  <NULL> stat_1    
1267 TRT01A Total                AESOC  INFECTIONS AND INFESTATIONS                                         AEDECOD                      UPPER RESPIRATORY TRACT INFECTION                                   hierarchical n         n           10       10       <fn>    <NULL>  <NULL> stat_2    
1268 TRT01A Total                AESOC  INFECTIONS AND INFESTATIONS                                         AEDECOD                      UPPER RESPIRATORY TRACT INFECTION                                   hierarchical N         N          306       306      <fn>    <NULL>  <NULL> stat_2    
1269 TRT01A Total                AESOC  INFECTIONS AND INFESTATIONS                                         AEDECOD                      UPPER RESPIRATORY TRACT INFECTION                                   hierarchical p         %            0.0327  3.3      <fn>    <NULL>  <NULL> stat_2    
1270 TRT01A Xanomeline High Dose AESOC  INFECTIONS AND INFESTATIONS                                         AEDECOD                      UPPER RESPIRATORY TRACT INFECTION                                   hierarchical n         n            3       3        <fn>    <NULL>  <NULL> stat_3    
1271 TRT01A Xanomeline High Dose AESOC  INFECTIONS AND INFESTATIONS                                         AEDECOD                      UPPER RESPIRATORY TRACT INFECTION                                   hierarchical N         N           72       72       <fn>    <NULL>  <NULL> stat_3    
1272 TRT01A Xanomeline High Dose AESOC  INFECTIONS AND INFESTATIONS                                         AEDECOD                      UPPER RESPIRATORY TRACT INFECTION                                   hierarchical p         %            0.0417  4.2      <fn>    <NULL>  <NULL> stat_3    
1273 TRT01A Xanomeline Low Dose  AESOC  INFECTIONS AND INFESTATIONS                                         AEDECOD                      UPPER RESPIRATORY TRACT INFECTION                                   hierarchical n         n            1       1        <fn>    <NULL>  <NULL> stat_4    
1274 TRT01A Xanomeline Low Dose  AESOC  INFECTIONS AND INFESTATIONS                                         AEDECOD                      UPPER RESPIRATORY TRACT INFECTION                                   hierarchical N         N           96       96       <fn>    <NULL>  <NULL> stat_4    
1275 TRT01A Xanomeline Low Dose  AESOC  INFECTIONS AND INFESTATIONS                                         AEDECOD                      UPPER RESPIRATORY TRACT INFECTION                                   hierarchical p         %            0.0104  1.0      <fn>    <NULL>  <NULL> stat_4    
1276 TRT01A Placebo              AESOC  INFECTIONS AND INFESTATIONS                                         AEDECOD                      URINARY TRACT INFECTION                                             hierarchical n         n            2       2        <fn>    <NULL>  <NULL> stat_1    
1277 TRT01A Placebo              AESOC  INFECTIONS AND INFESTATIONS                                         AEDECOD                      URINARY TRACT INFECTION                                             hierarchical N         N           86       86       <fn>    <NULL>  <NULL> stat_1    
1278 TRT01A Placebo              AESOC  INFECTIONS AND INFESTATIONS                                         AEDECOD                      URINARY TRACT INFECTION                                             hierarchical p         %            0.0233  2.3      <fn>    <NULL>  <NULL> stat_1    
1279 TRT01A Total                AESOC  INFECTIONS AND INFESTATIONS                                         AEDECOD                      URINARY TRACT INFECTION                                             hierarchical n         n            3       3        <fn>    <NULL>  <NULL> stat_2    
1280 TRT01A Total                AESOC  INFECTIONS AND INFESTATIONS                                         AEDECOD                      URINARY TRACT INFECTION                                             hierarchical N         N          306       306      <fn>    <NULL>  <NULL> stat_2    
1281 TRT01A Total                AESOC  INFECTIONS AND INFESTATIONS                                         AEDECOD                      URINARY TRACT INFECTION                                             hierarchical p         %            0.00980 1.0      <fn>    <NULL>  <NULL> stat_2    
1282 TRT01A Xanomeline High Dose AESOC  INFECTIONS AND INFESTATIONS                                         AEDECOD                      URINARY TRACT INFECTION                                             hierarchical n         n            1       1        <fn>    <NULL>  <NULL> stat_3    
1283 TRT01A Xanomeline High Dose AESOC  INFECTIONS AND INFESTATIONS                                         AEDECOD                      URINARY TRACT INFECTION                                             hierarchical N         N           72       72       <fn>    <NULL>  <NULL> stat_3    
1284 TRT01A Xanomeline High Dose AESOC  INFECTIONS AND INFESTATIONS                                         AEDECOD                      URINARY TRACT INFECTION                                             hierarchical p         %            0.0139  1.4      <fn>    <NULL>  <NULL> stat_3    
1285 TRT01A Xanomeline Low Dose  AESOC  INFECTIONS AND INFESTATIONS                                         AEDECOD                      URINARY TRACT INFECTION                                             hierarchical n         n            0       0        <fn>    <NULL>  <NULL> stat_4    
1286 TRT01A Xanomeline Low Dose  AESOC  INFECTIONS AND INFESTATIONS                                         AEDECOD                      URINARY TRACT INFECTION                                             hierarchical N         N           96       96       <fn>    <NULL>  <NULL> stat_4    
1287 TRT01A Xanomeline Low Dose  AESOC  INFECTIONS AND INFESTATIONS                                         AEDECOD                      URINARY TRACT INFECTION                                             hierarchical p         %            0       0        <fn>    <NULL>  <NULL> stat_4    
1288 TRT01A Placebo              AESOC  INFECTIONS AND INFESTATIONS                                         AEDECOD                      VAGINAL MYCOSIS                                                     hierarchical n         n            1       1        <fn>    <NULL>  <NULL> stat_1    
1289 TRT01A Placebo              AESOC  INFECTIONS AND INFESTATIONS                                         AEDECOD                      VAGINAL MYCOSIS                                                     hierarchical N         N           86       86       <fn>    <NULL>  <NULL> stat_1    
1290 TRT01A Placebo              AESOC  INFECTIONS AND INFESTATIONS                                         AEDECOD                      VAGINAL MYCOSIS                                                     hierarchical p         %            0.0116  1.2      <fn>    <NULL>  <NULL> stat_1    
1291 TRT01A Total                AESOC  INFECTIONS AND INFESTATIONS                                         AEDECOD                      VAGINAL MYCOSIS                                                     hierarchical n         n            1       1        <fn>    <NULL>  <NULL> stat_2    
1292 TRT01A Total                AESOC  INFECTIONS AND INFESTATIONS                                         AEDECOD                      VAGINAL MYCOSIS                                                     hierarchical N         N          306       306      <fn>    <NULL>  <NULL> stat_2    
1293 TRT01A Total                AESOC  INFECTIONS AND INFESTATIONS                                         AEDECOD                      VAGINAL MYCOSIS                                                     hierarchical p         %            0.00327 0.3      <fn>    <NULL>  <NULL> stat_2    
1294 TRT01A Xanomeline High Dose AESOC  INFECTIONS AND INFESTATIONS                                         AEDECOD                      VAGINAL MYCOSIS                                                     hierarchical n         n            0       0        <fn>    <NULL>  <NULL> stat_3    
1295 TRT01A Xanomeline High Dose AESOC  INFECTIONS AND INFESTATIONS                                         AEDECOD                      VAGINAL MYCOSIS                                                     hierarchical N         N           72       72       <fn>    <NULL>  <NULL> stat_3    
1296 TRT01A Xanomeline High Dose AESOC  INFECTIONS AND INFESTATIONS                                         AEDECOD                      VAGINAL MYCOSIS                                                     hierarchical p         %            0       0        <fn>    <NULL>  <NULL> stat_3    
1297 TRT01A Xanomeline Low Dose  AESOC  INFECTIONS AND INFESTATIONS                                         AEDECOD                      VAGINAL MYCOSIS                                                     hierarchical n         n            0       0        <fn>    <NULL>  <NULL> stat_4    
1298 TRT01A Xanomeline Low Dose  AESOC  INFECTIONS AND INFESTATIONS                                         AEDECOD                      VAGINAL MYCOSIS                                                     hierarchical N         N           96       96       <fn>    <NULL>  <NULL> stat_4    
1299 TRT01A Xanomeline Low Dose  AESOC  INFECTIONS AND INFESTATIONS                                         AEDECOD                      VAGINAL MYCOSIS                                                     hierarchical p         %            0       0        <fn>    <NULL>  <NULL> stat_4    
1300 TRT01A Placebo              AESOC  INFECTIONS AND INFESTATIONS                                         AEDECOD                      VIRAL INFECTION                                                     hierarchical n         n            0       0        <fn>    <NULL>  <NULL> stat_1    
1301 TRT01A Placebo              AESOC  INFECTIONS AND INFESTATIONS                                         AEDECOD                      VIRAL INFECTION                                                     hierarchical N         N           86       86       <fn>    <NULL>  <NULL> stat_1    
1302 TRT01A Placebo              AESOC  INFECTIONS AND INFESTATIONS                                         AEDECOD                      VIRAL INFECTION                                                     hierarchical p         %            0       0        <fn>    <NULL>  <NULL> stat_1    
1303 TRT01A Total                AESOC  INFECTIONS AND INFESTATIONS                                         AEDECOD                      VIRAL INFECTION                                                     hierarchical n         n            1       1        <fn>    <NULL>  <NULL> stat_2    
1304 TRT01A Total                AESOC  INFECTIONS AND INFESTATIONS                                         AEDECOD                      VIRAL INFECTION                                                     hierarchical N         N          306       306      <fn>    <NULL>  <NULL> stat_2    
1305 TRT01A Total                AESOC  INFECTIONS AND INFESTATIONS                                         AEDECOD                      VIRAL INFECTION                                                     hierarchical p         %            0.00327 0.3      <fn>    <NULL>  <NULL> stat_2    
1306 TRT01A Xanomeline High Dose AESOC  INFECTIONS AND INFESTATIONS                                         AEDECOD                      VIRAL INFECTION                                                     hierarchical n         n            0       0        <fn>    <NULL>  <NULL> stat_3    
1307 TRT01A Xanomeline High Dose AESOC  INFECTIONS AND INFESTATIONS                                         AEDECOD                      VIRAL INFECTION                                                     hierarchical N         N           72       72       <fn>    <NULL>  <NULL> stat_3    
1308 TRT01A Xanomeline High Dose AESOC  INFECTIONS AND INFESTATIONS                                         AEDECOD                      VIRAL INFECTION                                                     hierarchical p         %            0       0        <fn>    <NULL>  <NULL> stat_3    
1309 TRT01A Xanomeline Low Dose  AESOC  INFECTIONS AND INFESTATIONS                                         AEDECOD                      VIRAL INFECTION                                                     hierarchical n         n            1       1        <fn>    <NULL>  <NULL> stat_4    
1310 TRT01A Xanomeline Low Dose  AESOC  INFECTIONS AND INFESTATIONS                                         AEDECOD                      VIRAL INFECTION                                                     hierarchical N         N           96       96       <fn>    <NULL>  <NULL> stat_4    
1311 TRT01A Xanomeline Low Dose  AESOC  INFECTIONS AND INFESTATIONS                                         AEDECOD                      VIRAL INFECTION                                                     hierarchical p         %            0.0104  1.0      <fn>    <NULL>  <NULL> stat_4    
1312 TRT01A Placebo              <NA>   <NULL>                                                              AESOC                        INJURY, POISONING AND PROCEDURAL COMPLICATIONS                      hierarchical n         n            4       4        <fn>    <NULL>  <NULL> stat_1    
1313 TRT01A Placebo              <NA>   <NULL>                                                              AESOC                        INJURY, POISONING AND PROCEDURAL COMPLICATIONS                      hierarchical N         N           86       86       <fn>    <NULL>  <NULL> stat_1    
1314 TRT01A Placebo              <NA>   <NULL>                                                              AESOC                        INJURY, POISONING AND PROCEDURAL COMPLICATIONS                      hierarchical p         %            0.0465  4.7      <fn>    <NULL>  <NULL> stat_1    
1315 TRT01A Total                <NA>   <NULL>                                                              AESOC                        INJURY, POISONING AND PROCEDURAL COMPLICATIONS                      hierarchical n         n           14       14       <fn>    <NULL>  <NULL> stat_2    
1316 TRT01A Total                <NA>   <NULL>                                                              AESOC                        INJURY, POISONING AND PROCEDURAL COMPLICATIONS                      hierarchical N         N          306       306      <fn>    <NULL>  <NULL> stat_2    
1317 TRT01A Total                <NA>   <NULL>                                                              AESOC                        INJURY, POISONING AND PROCEDURAL COMPLICATIONS                      hierarchical p         %            0.0458  4.6      <fn>    <NULL>  <NULL> stat_2    
1318 TRT01A Xanomeline High Dose <NA>   <NULL>                                                              AESOC                        INJURY, POISONING AND PROCEDURAL COMPLICATIONS                      hierarchical n         n            5       5        <fn>    <NULL>  <NULL> stat_3    
1319 TRT01A Xanomeline High Dose <NA>   <NULL>                                                              AESOC                        INJURY, POISONING AND PROCEDURAL COMPLICATIONS                      hierarchical N         N           72       72       <fn>    <NULL>  <NULL> stat_3    
1320 TRT01A Xanomeline High Dose <NA>   <NULL>                                                              AESOC                        INJURY, POISONING AND PROCEDURAL COMPLICATIONS                      hierarchical p         %            0.0694  6.9      <fn>    <NULL>  <NULL> stat_3    
1321 TRT01A Xanomeline Low Dose  <NA>   <NULL>                                                              AESOC                        INJURY, POISONING AND PROCEDURAL COMPLICATIONS                      hierarchical n         n            5       5        <fn>    <NULL>  <NULL> stat_4    
1322 TRT01A Xanomeline Low Dose  <NA>   <NULL>                                                              AESOC                        INJURY, POISONING AND PROCEDURAL COMPLICATIONS                      hierarchical N         N           96       96       <fn>    <NULL>  <NULL> stat_4    
1323 TRT01A Xanomeline Low Dose  <NA>   <NULL>                                                              AESOC                        INJURY, POISONING AND PROCEDURAL COMPLICATIONS                      hierarchical p         %            0.0521  5.2      <fn>    <NULL>  <NULL> stat_4    
1324 TRT01A Placebo              AESOC  INJURY, POISONING AND PROCEDURAL COMPLICATIONS                      AEDECOD                      CONTUSION                                                           hierarchical n         n            1       1        <fn>    <NULL>  <NULL> stat_1    
1325 TRT01A Placebo              AESOC  INJURY, POISONING AND PROCEDURAL COMPLICATIONS                      AEDECOD                      CONTUSION                                                           hierarchical N         N           86       86       <fn>    <NULL>  <NULL> stat_1    
1326 TRT01A Placebo              AESOC  INJURY, POISONING AND PROCEDURAL COMPLICATIONS                      AEDECOD                      CONTUSION                                                           hierarchical p         %            0.0116  1.2      <fn>    <NULL>  <NULL> stat_1    
1327 TRT01A Total                AESOC  INJURY, POISONING AND PROCEDURAL COMPLICATIONS                      AEDECOD                      CONTUSION                                                           hierarchical n         n            4       4        <fn>    <NULL>  <NULL> stat_2    
1328 TRT01A Total                AESOC  INJURY, POISONING AND PROCEDURAL COMPLICATIONS                      AEDECOD                      CONTUSION                                                           hierarchical N         N          306       306      <fn>    <NULL>  <NULL> stat_2    
1329 TRT01A Total                AESOC  INJURY, POISONING AND PROCEDURAL COMPLICATIONS                      AEDECOD                      CONTUSION                                                           hierarchical p         %            0.0131  1.3      <fn>    <NULL>  <NULL> stat_2    
1330 TRT01A Xanomeline High Dose AESOC  INJURY, POISONING AND PROCEDURAL COMPLICATIONS                      AEDECOD                      CONTUSION                                                           hierarchical n         n            2       2        <fn>    <NULL>  <NULL> stat_3    
1331 TRT01A Xanomeline High Dose AESOC  INJURY, POISONING AND PROCEDURAL COMPLICATIONS                      AEDECOD                      CONTUSION                                                           hierarchical N         N           72       72       <fn>    <NULL>  <NULL> stat_3    
1332 TRT01A Xanomeline High Dose AESOC  INJURY, POISONING AND PROCEDURAL COMPLICATIONS                      AEDECOD                      CONTUSION                                                           hierarchical p         %            0.0278  2.8      <fn>    <NULL>  <NULL> stat_3    
1333 TRT01A Xanomeline Low Dose  AESOC  INJURY, POISONING AND PROCEDURAL COMPLICATIONS                      AEDECOD                      CONTUSION                                                           hierarchical n         n            1       1        <fn>    <NULL>  <NULL> stat_4    
1334 TRT01A Xanomeline Low Dose  AESOC  INJURY, POISONING AND PROCEDURAL COMPLICATIONS                      AEDECOD                      CONTUSION                                                           hierarchical N         N           96       96       <fn>    <NULL>  <NULL> stat_4    
1335 TRT01A Xanomeline Low Dose  AESOC  INJURY, POISONING AND PROCEDURAL COMPLICATIONS                      AEDECOD                      CONTUSION                                                           hierarchical p         %            0.0104  1.0      <fn>    <NULL>  <NULL> stat_4    
1336 TRT01A Placebo              AESOC  INJURY, POISONING AND PROCEDURAL COMPLICATIONS                      AEDECOD                      EXCORIATION                                                         hierarchical n         n            2       2        <fn>    <NULL>  <NULL> stat_1    
1337 TRT01A Placebo              AESOC  INJURY, POISONING AND PROCEDURAL COMPLICATIONS                      AEDECOD                      EXCORIATION                                                         hierarchical N         N           86       86       <fn>    <NULL>  <NULL> stat_1    
1338 TRT01A Placebo              AESOC  INJURY, POISONING AND PROCEDURAL COMPLICATIONS                      AEDECOD                      EXCORIATION                                                         hierarchical p         %            0.0233  2.3      <fn>    <NULL>  <NULL> stat_1    
1339 TRT01A Total                AESOC  INJURY, POISONING AND PROCEDURAL COMPLICATIONS                      AEDECOD                      EXCORIATION                                                         hierarchical n         n            4       4        <fn>    <NULL>  <NULL> stat_2    
1340 TRT01A Total                AESOC  INJURY, POISONING AND PROCEDURAL COMPLICATIONS                      AEDECOD                      EXCORIATION                                                         hierarchical N         N          306       306      <fn>    <NULL>  <NULL> stat_2    
1341 TRT01A Total                AESOC  INJURY, POISONING AND PROCEDURAL COMPLICATIONS                      AEDECOD                      EXCORIATION                                                         hierarchical p         %            0.0131  1.3      <fn>    <NULL>  <NULL> stat_2    
1342 TRT01A Xanomeline High Dose AESOC  INJURY, POISONING AND PROCEDURAL COMPLICATIONS                      AEDECOD                      EXCORIATION                                                         hierarchical n         n            1       1        <fn>    <NULL>  <NULL> stat_3    
1343 TRT01A Xanomeline High Dose AESOC  INJURY, POISONING AND PROCEDURAL COMPLICATIONS                      AEDECOD                      EXCORIATION                                                         hierarchical N         N           72       72       <fn>    <NULL>  <NULL> stat_3    
1344 TRT01A Xanomeline High Dose AESOC  INJURY, POISONING AND PROCEDURAL COMPLICATIONS                      AEDECOD                      EXCORIATION                                                         hierarchical p         %            0.0139  1.4      <fn>    <NULL>  <NULL> stat_3    
1345 TRT01A Xanomeline Low Dose  AESOC  INJURY, POISONING AND PROCEDURAL COMPLICATIONS                      AEDECOD                      EXCORIATION                                                         hierarchical n         n            1       1        <fn>    <NULL>  <NULL> stat_4    
1346 TRT01A Xanomeline Low Dose  AESOC  INJURY, POISONING AND PROCEDURAL COMPLICATIONS                      AEDECOD                      EXCORIATION                                                         hierarchical N         N           96       96       <fn>    <NULL>  <NULL> stat_4    
1347 TRT01A Xanomeline Low Dose  AESOC  INJURY, POISONING AND PROCEDURAL COMPLICATIONS                      AEDECOD                      EXCORIATION                                                         hierarchical p         %            0.0104  1.0      <fn>    <NULL>  <NULL> stat_4    
1348 TRT01A Placebo              AESOC  INJURY, POISONING AND PROCEDURAL COMPLICATIONS                      AEDECOD                      FACIAL BONES FRACTURE                                               hierarchical n         n            0       0        <fn>    <NULL>  <NULL> stat_1    
1349 TRT01A Placebo              AESOC  INJURY, POISONING AND PROCEDURAL COMPLICATIONS                      AEDECOD                      FACIAL BONES FRACTURE                                               hierarchical N         N           86       86       <fn>    <NULL>  <NULL> stat_1    
1350 TRT01A Placebo              AESOC  INJURY, POISONING AND PROCEDURAL COMPLICATIONS                      AEDECOD                      FACIAL BONES FRACTURE                                               hierarchical p         %            0       0        <fn>    <NULL>  <NULL> stat_1    
1351 TRT01A Total                AESOC  INJURY, POISONING AND PROCEDURAL COMPLICATIONS                      AEDECOD                      FACIAL BONES FRACTURE                                               hierarchical n         n            1       1        <fn>    <NULL>  <NULL> stat_2    
1352 TRT01A Total                AESOC  INJURY, POISONING AND PROCEDURAL COMPLICATIONS                      AEDECOD                      FACIAL BONES FRACTURE                                               hierarchical N         N          306       306      <fn>    <NULL>  <NULL> stat_2    
1353 TRT01A Total                AESOC  INJURY, POISONING AND PROCEDURAL COMPLICATIONS                      AEDECOD                      FACIAL BONES FRACTURE                                               hierarchical p         %            0.00327 0.3      <fn>    <NULL>  <NULL> stat_2    
1354 TRT01A Xanomeline High Dose AESOC  INJURY, POISONING AND PROCEDURAL COMPLICATIONS                      AEDECOD                      FACIAL BONES FRACTURE                                               hierarchical n         n            1       1        <fn>    <NULL>  <NULL> stat_3    
1355 TRT01A Xanomeline High Dose AESOC  INJURY, POISONING AND PROCEDURAL COMPLICATIONS                      AEDECOD                      FACIAL BONES FRACTURE                                               hierarchical N         N           72       72       <fn>    <NULL>  <NULL> stat_3    
1356 TRT01A Xanomeline High Dose AESOC  INJURY, POISONING AND PROCEDURAL COMPLICATIONS                      AEDECOD                      FACIAL BONES FRACTURE                                               hierarchical p         %            0.0139  1.4      <fn>    <NULL>  <NULL> stat_3    
1357 TRT01A Xanomeline Low Dose  AESOC  INJURY, POISONING AND PROCEDURAL COMPLICATIONS                      AEDECOD                      FACIAL BONES FRACTURE                                               hierarchical n         n            0       0        <fn>    <NULL>  <NULL> stat_4    
1358 TRT01A Xanomeline Low Dose  AESOC  INJURY, POISONING AND PROCEDURAL COMPLICATIONS                      AEDECOD                      FACIAL BONES FRACTURE                                               hierarchical N         N           96       96       <fn>    <NULL>  <NULL> stat_4    
1359 TRT01A Xanomeline Low Dose  AESOC  INJURY, POISONING AND PROCEDURAL COMPLICATIONS                      AEDECOD                      FACIAL BONES FRACTURE                                               hierarchical p         %            0       0        <fn>    <NULL>  <NULL> stat_4    
1360 TRT01A Placebo              AESOC  INJURY, POISONING AND PROCEDURAL COMPLICATIONS                      AEDECOD                      FALL                                                                hierarchical n         n            1       1        <fn>    <NULL>  <NULL> stat_1    
1361 TRT01A Placebo              AESOC  INJURY, POISONING AND PROCEDURAL COMPLICATIONS                      AEDECOD                      FALL                                                                hierarchical N         N           86       86       <fn>    <NULL>  <NULL> stat_1    
1362 TRT01A Placebo              AESOC  INJURY, POISONING AND PROCEDURAL COMPLICATIONS                      AEDECOD                      FALL                                                                hierarchical p         %            0.0116  1.2      <fn>    <NULL>  <NULL> stat_1    
1363 TRT01A Total                AESOC  INJURY, POISONING AND PROCEDURAL COMPLICATIONS                      AEDECOD                      FALL                                                                hierarchical n         n            4       4        <fn>    <NULL>  <NULL> stat_2    
1364 TRT01A Total                AESOC  INJURY, POISONING AND PROCEDURAL COMPLICATIONS                      AEDECOD                      FALL                                                                hierarchical N         N          306       306      <fn>    <NULL>  <NULL> stat_2    
1365 TRT01A Total                AESOC  INJURY, POISONING AND PROCEDURAL COMPLICATIONS                      AEDECOD                      FALL                                                                hierarchical p         %            0.0131  1.3      <fn>    <NULL>  <NULL> stat_2    
1366 TRT01A Xanomeline High Dose AESOC  INJURY, POISONING AND PROCEDURAL COMPLICATIONS                      AEDECOD                      FALL                                                                hierarchical n         n            1       1        <fn>    <NULL>  <NULL> stat_3    
1367 TRT01A Xanomeline High Dose AESOC  INJURY, POISONING AND PROCEDURAL COMPLICATIONS                      AEDECOD                      FALL                                                                hierarchical N         N           72       72       <fn>    <NULL>  <NULL> stat_3    
1368 TRT01A Xanomeline High Dose AESOC  INJURY, POISONING AND PROCEDURAL COMPLICATIONS                      AEDECOD                      FALL                                                                hierarchical p         %            0.0139  1.4      <fn>    <NULL>  <NULL> stat_3    
1369 TRT01A Xanomeline Low Dose  AESOC  INJURY, POISONING AND PROCEDURAL COMPLICATIONS                      AEDECOD                      FALL                                                                hierarchical n         n            2       2        <fn>    <NULL>  <NULL> stat_4    
1370 TRT01A Xanomeline Low Dose  AESOC  INJURY, POISONING AND PROCEDURAL COMPLICATIONS                      AEDECOD                      FALL                                                                hierarchical N         N           96       96       <fn>    <NULL>  <NULL> stat_4    
1371 TRT01A Xanomeline Low Dose  AESOC  INJURY, POISONING AND PROCEDURAL COMPLICATIONS                      AEDECOD                      FALL                                                                hierarchical p         %            0.0208  2.1      <fn>    <NULL>  <NULL> stat_4    
1372 TRT01A Placebo              AESOC  INJURY, POISONING AND PROCEDURAL COMPLICATIONS                      AEDECOD                      HIP FRACTURE                                                        hierarchical n         n            1       1        <fn>    <NULL>  <NULL> stat_1    
1373 TRT01A Placebo              AESOC  INJURY, POISONING AND PROCEDURAL COMPLICATIONS                      AEDECOD                      HIP FRACTURE                                                        hierarchical N         N           86       86       <fn>    <NULL>  <NULL> stat_1    
1374 TRT01A Placebo              AESOC  INJURY, POISONING AND PROCEDURAL COMPLICATIONS                      AEDECOD                      HIP FRACTURE                                                        hierarchical p         %            0.0116  1.2      <fn>    <NULL>  <NULL> stat_1    
1375 TRT01A Total                AESOC  INJURY, POISONING AND PROCEDURAL COMPLICATIONS                      AEDECOD                      HIP FRACTURE                                                        hierarchical n         n            3       3        <fn>    <NULL>  <NULL> stat_2    
1376 TRT01A Total                AESOC  INJURY, POISONING AND PROCEDURAL COMPLICATIONS                      AEDECOD                      HIP FRACTURE                                                        hierarchical N         N          306       306      <fn>    <NULL>  <NULL> stat_2    
1377 TRT01A Total                AESOC  INJURY, POISONING AND PROCEDURAL COMPLICATIONS                      AEDECOD                      HIP FRACTURE                                                        hierarchical p         %            0.00980 1.0      <fn>    <NULL>  <NULL> stat_2    
1378 TRT01A Xanomeline High Dose AESOC  INJURY, POISONING AND PROCEDURAL COMPLICATIONS                      AEDECOD                      HIP FRACTURE                                                        hierarchical n         n            2       2        <fn>    <NULL>  <NULL> stat_3    
1379 TRT01A Xanomeline High Dose AESOC  INJURY, POISONING AND PROCEDURAL COMPLICATIONS                      AEDECOD                      HIP FRACTURE                                                        hierarchical N         N           72       72       <fn>    <NULL>  <NULL> stat_3    
1380 TRT01A Xanomeline High Dose AESOC  INJURY, POISONING AND PROCEDURAL COMPLICATIONS                      AEDECOD                      HIP FRACTURE                                                        hierarchical p         %            0.0278  2.8      <fn>    <NULL>  <NULL> stat_3    
1381 TRT01A Xanomeline Low Dose  AESOC  INJURY, POISONING AND PROCEDURAL COMPLICATIONS                      AEDECOD                      HIP FRACTURE                                                        hierarchical n         n            0       0        <fn>    <NULL>  <NULL> stat_4    
1382 TRT01A Xanomeline Low Dose  AESOC  INJURY, POISONING AND PROCEDURAL COMPLICATIONS                      AEDECOD                      HIP FRACTURE                                                        hierarchical N         N           96       96       <fn>    <NULL>  <NULL> stat_4    
1383 TRT01A Xanomeline Low Dose  AESOC  INJURY, POISONING AND PROCEDURAL COMPLICATIONS                      AEDECOD                      HIP FRACTURE                                                        hierarchical p         %            0       0        <fn>    <NULL>  <NULL> stat_4    
1384 TRT01A Placebo              AESOC  INJURY, POISONING AND PROCEDURAL COMPLICATIONS                      AEDECOD                      JOINT DISLOCATION                                                   hierarchical n         n            0       0        <fn>    <NULL>  <NULL> stat_1    
1385 TRT01A Placebo              AESOC  INJURY, POISONING AND PROCEDURAL COMPLICATIONS                      AEDECOD                      JOINT DISLOCATION                                                   hierarchical N         N           86       86       <fn>    <NULL>  <NULL> stat_1    
1386 TRT01A Placebo              AESOC  INJURY, POISONING AND PROCEDURAL COMPLICATIONS                      AEDECOD                      JOINT DISLOCATION                                                   hierarchical p         %            0       0        <fn>    <NULL>  <NULL> stat_1    
1387 TRT01A Total                AESOC  INJURY, POISONING AND PROCEDURAL COMPLICATIONS                      AEDECOD                      JOINT DISLOCATION                                                   hierarchical n         n            1       1        <fn>    <NULL>  <NULL> stat_2    
1388 TRT01A Total                AESOC  INJURY, POISONING AND PROCEDURAL COMPLICATIONS                      AEDECOD                      JOINT DISLOCATION                                                   hierarchical N         N          306       306      <fn>    <NULL>  <NULL> stat_2    
1389 TRT01A Total                AESOC  INJURY, POISONING AND PROCEDURAL COMPLICATIONS                      AEDECOD                      JOINT DISLOCATION                                                   hierarchical p         %            0.00327 0.3      <fn>    <NULL>  <NULL> stat_2    
1390 TRT01A Xanomeline High Dose AESOC  INJURY, POISONING AND PROCEDURAL COMPLICATIONS                      AEDECOD                      JOINT DISLOCATION                                                   hierarchical n         n            0       0        <fn>    <NULL>  <NULL> stat_3    
1391 TRT01A Xanomeline High Dose AESOC  INJURY, POISONING AND PROCEDURAL COMPLICATIONS                      AEDECOD                      JOINT DISLOCATION                                                   hierarchical N         N           72       72       <fn>    <NULL>  <NULL> stat_3    
1392 TRT01A Xanomeline High Dose AESOC  INJURY, POISONING AND PROCEDURAL COMPLICATIONS                      AEDECOD                      JOINT DISLOCATION                                                   hierarchical p         %            0       0        <fn>    <NULL>  <NULL> stat_3    
1393 TRT01A Xanomeline Low Dose  AESOC  INJURY, POISONING AND PROCEDURAL COMPLICATIONS                      AEDECOD                      JOINT DISLOCATION                                                   hierarchical n         n            1       1        <fn>    <NULL>  <NULL> stat_4    
1394 TRT01A Xanomeline Low Dose  AESOC  INJURY, POISONING AND PROCEDURAL COMPLICATIONS                      AEDECOD                      JOINT DISLOCATION                                                   hierarchical N         N           96       96       <fn>    <NULL>  <NULL> stat_4    
1395 TRT01A Xanomeline Low Dose  AESOC  INJURY, POISONING AND PROCEDURAL COMPLICATIONS                      AEDECOD                      JOINT DISLOCATION                                                   hierarchical p         %            0.0104  1.0      <fn>    <NULL>  <NULL> stat_4    
1396 TRT01A Placebo              AESOC  INJURY, POISONING AND PROCEDURAL COMPLICATIONS                      AEDECOD                      SKIN LACERATION                                                     hierarchical n         n            1       1        <fn>    <NULL>  <NULL> stat_1    
1397 TRT01A Placebo              AESOC  INJURY, POISONING AND PROCEDURAL COMPLICATIONS                      AEDECOD                      SKIN LACERATION                                                     hierarchical N         N           86       86       <fn>    <NULL>  <NULL> stat_1    
1398 TRT01A Placebo              AESOC  INJURY, POISONING AND PROCEDURAL COMPLICATIONS                      AEDECOD                      SKIN LACERATION                                                     hierarchical p         %            0.0116  1.2      <fn>    <NULL>  <NULL> stat_1    
1399 TRT01A Total                AESOC  INJURY, POISONING AND PROCEDURAL COMPLICATIONS                      AEDECOD                      SKIN LACERATION                                                     hierarchical n         n            3       3        <fn>    <NULL>  <NULL> stat_2    
1400 TRT01A Total                AESOC  INJURY, POISONING AND PROCEDURAL COMPLICATIONS                      AEDECOD                      SKIN LACERATION                                                     hierarchical N         N          306       306      <fn>    <NULL>  <NULL> stat_2    
1401 TRT01A Total                AESOC  INJURY, POISONING AND PROCEDURAL COMPLICATIONS                      AEDECOD                      SKIN LACERATION                                                     hierarchical p         %            0.00980 1.0      <fn>    <NULL>  <NULL> stat_2    
1402 TRT01A Xanomeline High Dose AESOC  INJURY, POISONING AND PROCEDURAL COMPLICATIONS                      AEDECOD                      SKIN LACERATION                                                     hierarchical n         n            0       0        <fn>    <NULL>  <NULL> stat_3    
1403 TRT01A Xanomeline High Dose AESOC  INJURY, POISONING AND PROCEDURAL COMPLICATIONS                      AEDECOD                      SKIN LACERATION                                                     hierarchical N         N           72       72       <fn>    <NULL>  <NULL> stat_3    
1404 TRT01A Xanomeline High Dose AESOC  INJURY, POISONING AND PROCEDURAL COMPLICATIONS                      AEDECOD                      SKIN LACERATION                                                     hierarchical p         %            0       0        <fn>    <NULL>  <NULL> stat_3    
1405 TRT01A Xanomeline Low Dose  AESOC  INJURY, POISONING AND PROCEDURAL COMPLICATIONS                      AEDECOD                      SKIN LACERATION                                                     hierarchical n         n            2       2        <fn>    <NULL>  <NULL> stat_4    
1406 TRT01A Xanomeline Low Dose  AESOC  INJURY, POISONING AND PROCEDURAL COMPLICATIONS                      AEDECOD                      SKIN LACERATION                                                     hierarchical N         N           96       96       <fn>    <NULL>  <NULL> stat_4    
1407 TRT01A Xanomeline Low Dose  AESOC  INJURY, POISONING AND PROCEDURAL COMPLICATIONS                      AEDECOD                      SKIN LACERATION                                                     hierarchical p         %            0.0208  2.1      <fn>    <NULL>  <NULL> stat_4    
1408 TRT01A Placebo              AESOC  INJURY, POISONING AND PROCEDURAL COMPLICATIONS                      AEDECOD                      WOUND                                                               hierarchical n         n            0       0        <fn>    <NULL>  <NULL> stat_1    
1409 TRT01A Placebo              AESOC  INJURY, POISONING AND PROCEDURAL COMPLICATIONS                      AEDECOD                      WOUND                                                               hierarchical N         N           86       86       <fn>    <NULL>  <NULL> stat_1    
1410 TRT01A Placebo              AESOC  INJURY, POISONING AND PROCEDURAL COMPLICATIONS                      AEDECOD                      WOUND                                                               hierarchical p         %            0       0        <fn>    <NULL>  <NULL> stat_1    
1411 TRT01A Total                AESOC  INJURY, POISONING AND PROCEDURAL COMPLICATIONS                      AEDECOD                      WOUND                                                               hierarchical n         n            1       1        <fn>    <NULL>  <NULL> stat_2    
1412 TRT01A Total                AESOC  INJURY, POISONING AND PROCEDURAL COMPLICATIONS                      AEDECOD                      WOUND                                                               hierarchical N         N          306       306      <fn>    <NULL>  <NULL> stat_2    
1413 TRT01A Total                AESOC  INJURY, POISONING AND PROCEDURAL COMPLICATIONS                      AEDECOD                      WOUND                                                               hierarchical p         %            0.00327 0.3      <fn>    <NULL>  <NULL> stat_2    
1414 TRT01A Xanomeline High Dose AESOC  INJURY, POISONING AND PROCEDURAL COMPLICATIONS                      AEDECOD                      WOUND                                                               hierarchical n         n            0       0        <fn>    <NULL>  <NULL> stat_3    
1415 TRT01A Xanomeline High Dose AESOC  INJURY, POISONING AND PROCEDURAL COMPLICATIONS                      AEDECOD                      WOUND                                                               hierarchical N         N           72       72       <fn>    <NULL>  <NULL> stat_3    
1416 TRT01A Xanomeline High Dose AESOC  INJURY, POISONING AND PROCEDURAL COMPLICATIONS                      AEDECOD                      WOUND                                                               hierarchical p         %            0       0        <fn>    <NULL>  <NULL> stat_3    
1417 TRT01A Xanomeline Low Dose  AESOC  INJURY, POISONING AND PROCEDURAL COMPLICATIONS                      AEDECOD                      WOUND                                                               hierarchical n         n            1       1        <fn>    <NULL>  <NULL> stat_4    
1418 TRT01A Xanomeline Low Dose  AESOC  INJURY, POISONING AND PROCEDURAL COMPLICATIONS                      AEDECOD                      WOUND                                                               hierarchical N         N           96       96       <fn>    <NULL>  <NULL> stat_4    
1419 TRT01A Xanomeline Low Dose  AESOC  INJURY, POISONING AND PROCEDURAL COMPLICATIONS                      AEDECOD                      WOUND                                                               hierarchical p         %            0.0104  1.0      <fn>    <NULL>  <NULL> stat_4    
1420 TRT01A Placebo              <NA>   <NULL>                                                              AESOC                        INVESTIGATIONS                                                      hierarchical n         n           10       10       <fn>    <NULL>  <NULL> stat_1    
1421 TRT01A Placebo              <NA>   <NULL>                                                              AESOC                        INVESTIGATIONS                                                      hierarchical N         N           86       86       <fn>    <NULL>  <NULL> stat_1    
1422 TRT01A Placebo              <NA>   <NULL>                                                              AESOC                        INVESTIGATIONS                                                      hierarchical p         %            0.116   12       <fn>    <NULL>  <NULL> stat_1    
1423 TRT01A Total                <NA>   <NULL>                                                              AESOC                        INVESTIGATIONS                                                      hierarchical n         n           22       22       <fn>    <NULL>  <NULL> stat_2    
1424 TRT01A Total                <NA>   <NULL>                                                              AESOC                        INVESTIGATIONS                                                      hierarchical N         N          306       306      <fn>    <NULL>  <NULL> stat_2    
1425 TRT01A Total                <NA>   <NULL>                                                              AESOC                        INVESTIGATIONS                                                      hierarchical p         %            0.0719  7.2      <fn>    <NULL>  <NULL> stat_2    
1426 TRT01A Xanomeline High Dose <NA>   <NULL>                                                              AESOC                        INVESTIGATIONS                                                      hierarchical n         n            5       5        <fn>    <NULL>  <NULL> stat_3    
1427 TRT01A Xanomeline High Dose <NA>   <NULL>                                                              AESOC                        INVESTIGATIONS                                                      hierarchical N         N           72       72       <fn>    <NULL>  <NULL> stat_3    
1428 TRT01A Xanomeline High Dose <NA>   <NULL>                                                              AESOC                        INVESTIGATIONS                                                      hierarchical p         %            0.0694  6.9      <fn>    <NULL>  <NULL> stat_3    
1429 TRT01A Xanomeline Low Dose  <NA>   <NULL>                                                              AESOC                        INVESTIGATIONS                                                      hierarchical n         n            7       7        <fn>    <NULL>  <NULL> stat_4    
1430 TRT01A Xanomeline Low Dose  <NA>   <NULL>                                                              AESOC                        INVESTIGATIONS                                                      hierarchical N         N           96       96       <fn>    <NULL>  <NULL> stat_4    
1431 TRT01A Xanomeline Low Dose  <NA>   <NULL>                                                              AESOC                        INVESTIGATIONS                                                      hierarchical p         %            0.0729  7.3      <fn>    <NULL>  <NULL> stat_4    
1432 TRT01A Placebo              AESOC  INVESTIGATIONS                                                      AEDECOD                      BIOPSY                                                              hierarchical n         n            0       0        <fn>    <NULL>  <NULL> stat_1    
1433 TRT01A Placebo              AESOC  INVESTIGATIONS                                                      AEDECOD                      BIOPSY                                                              hierarchical N         N           86       86       <fn>    <NULL>  <NULL> stat_1    
1434 TRT01A Placebo              AESOC  INVESTIGATIONS                                                      AEDECOD                      BIOPSY                                                              hierarchical p         %            0       0        <fn>    <NULL>  <NULL> stat_1    
1435 TRT01A Total                AESOC  INVESTIGATIONS                                                      AEDECOD                      BIOPSY                                                              hierarchical n         n            1       1        <fn>    <NULL>  <NULL> stat_2    
1436 TRT01A Total                AESOC  INVESTIGATIONS                                                      AEDECOD                      BIOPSY                                                              hierarchical N         N          306       306      <fn>    <NULL>  <NULL> stat_2    
1437 TRT01A Total                AESOC  INVESTIGATIONS                                                      AEDECOD                      BIOPSY                                                              hierarchical p         %            0.00327 0.3      <fn>    <NULL>  <NULL> stat_2    
1438 TRT01A Xanomeline High Dose AESOC  INVESTIGATIONS                                                      AEDECOD                      BIOPSY                                                              hierarchical n         n            1       1        <fn>    <NULL>  <NULL> stat_3    
1439 TRT01A Xanomeline High Dose AESOC  INVESTIGATIONS                                                      AEDECOD                      BIOPSY                                                              hierarchical N         N           72       72       <fn>    <NULL>  <NULL> stat_3    
1440 TRT01A Xanomeline High Dose AESOC  INVESTIGATIONS                                                      AEDECOD                      BIOPSY                                                              hierarchical p         %            0.0139  1.4      <fn>    <NULL>  <NULL> stat_3    
1441 TRT01A Xanomeline Low Dose  AESOC  INVESTIGATIONS                                                      AEDECOD                      BIOPSY                                                              hierarchical n         n            0       0        <fn>    <NULL>  <NULL> stat_4    
1442 TRT01A Xanomeline Low Dose  AESOC  INVESTIGATIONS                                                      AEDECOD                      BIOPSY                                                              hierarchical N         N           96       96       <fn>    <NULL>  <NULL> stat_4    
1443 TRT01A Xanomeline Low Dose  AESOC  INVESTIGATIONS                                                      AEDECOD                      BIOPSY                                                              hierarchical p         %            0       0        <fn>    <NULL>  <NULL> stat_4    
1444 TRT01A Placebo              AESOC  INVESTIGATIONS                                                      AEDECOD                      BIOPSY PROSTATE                                                     hierarchical n         n            0       0        <fn>    <NULL>  <NULL> stat_1    
1445 TRT01A Placebo              AESOC  INVESTIGATIONS                                                      AEDECOD                      BIOPSY PROSTATE                                                     hierarchical N         N           86       86       <fn>    <NULL>  <NULL> stat_1    
1446 TRT01A Placebo              AESOC  INVESTIGATIONS                                                      AEDECOD                      BIOPSY PROSTATE                                                     hierarchical p         %            0       0        <fn>    <NULL>  <NULL> stat_1    
1447 TRT01A Total                AESOC  INVESTIGATIONS                                                      AEDECOD                      BIOPSY PROSTATE                                                     hierarchical n         n            1       1        <fn>    <NULL>  <NULL> stat_2    
1448 TRT01A Total                AESOC  INVESTIGATIONS                                                      AEDECOD                      BIOPSY PROSTATE                                                     hierarchical N         N          306       306      <fn>    <NULL>  <NULL> stat_2    
1449 TRT01A Total                AESOC  INVESTIGATIONS                                                      AEDECOD                      BIOPSY PROSTATE                                                     hierarchical p         %            0.00327 0.3      <fn>    <NULL>  <NULL> stat_2    
1450 TRT01A Xanomeline High Dose AESOC  INVESTIGATIONS                                                      AEDECOD                      BIOPSY PROSTATE                                                     hierarchical n         n            1       1        <fn>    <NULL>  <NULL> stat_3    
1451 TRT01A Xanomeline High Dose AESOC  INVESTIGATIONS                                                      AEDECOD                      BIOPSY PROSTATE                                                     hierarchical N         N           72       72       <fn>    <NULL>  <NULL> stat_3    
1452 TRT01A Xanomeline High Dose AESOC  INVESTIGATIONS                                                      AEDECOD                      BIOPSY PROSTATE                                                     hierarchical p         %            0.0139  1.4      <fn>    <NULL>  <NULL> stat_3    
1453 TRT01A Xanomeline Low Dose  AESOC  INVESTIGATIONS                                                      AEDECOD                      BIOPSY PROSTATE                                                     hierarchical n         n            0       0        <fn>    <NULL>  <NULL> stat_4    
1454 TRT01A Xanomeline Low Dose  AESOC  INVESTIGATIONS                                                      AEDECOD                      BIOPSY PROSTATE                                                     hierarchical N         N           96       96       <fn>    <NULL>  <NULL> stat_4    
1455 TRT01A Xanomeline Low Dose  AESOC  INVESTIGATIONS                                                      AEDECOD                      BIOPSY PROSTATE                                                     hierarchical p         %            0       0        <fn>    <NULL>  <NULL> stat_4    
1456 TRT01A Placebo              AESOC  INVESTIGATIONS                                                      AEDECOD                      BLOOD ALKALINE PHOSPHATASE INCREASED                                hierarchical n         n            1       1        <fn>    <NULL>  <NULL> stat_1    
1457 TRT01A Placebo              AESOC  INVESTIGATIONS                                                      AEDECOD                      BLOOD ALKALINE PHOSPHATASE INCREASED                                hierarchical N         N           86       86       <fn>    <NULL>  <NULL> stat_1    
1458 TRT01A Placebo              AESOC  INVESTIGATIONS                                                      AEDECOD                      BLOOD ALKALINE PHOSPHATASE INCREASED                                hierarchical p         %            0.0116  1.2      <fn>    <NULL>  <NULL> stat_1    
1459 TRT01A Total                AESOC  INVESTIGATIONS                                                      AEDECOD                      BLOOD ALKALINE PHOSPHATASE INCREASED                                hierarchical n         n            1       1        <fn>    <NULL>  <NULL> stat_2    
1460 TRT01A Total                AESOC  INVESTIGATIONS                                                      AEDECOD                      BLOOD ALKALINE PHOSPHATASE INCREASED                                hierarchical N         N          306       306      <fn>    <NULL>  <NULL> stat_2    
1461 TRT01A Total                AESOC  INVESTIGATIONS                                                      AEDECOD                      BLOOD ALKALINE PHOSPHATASE INCREASED                                hierarchical p         %            0.00327 0.3      <fn>    <NULL>  <NULL> stat_2    
1462 TRT01A Xanomeline High Dose AESOC  INVESTIGATIONS                                                      AEDECOD                      BLOOD ALKALINE PHOSPHATASE INCREASED                                hierarchical n         n            0       0        <fn>    <NULL>  <NULL> stat_3    
1463 TRT01A Xanomeline High Dose AESOC  INVESTIGATIONS                                                      AEDECOD                      BLOOD ALKALINE PHOSPHATASE INCREASED                                hierarchical N         N           72       72       <fn>    <NULL>  <NULL> stat_3    
1464 TRT01A Xanomeline High Dose AESOC  INVESTIGATIONS                                                      AEDECOD                      BLOOD ALKALINE PHOSPHATASE INCREASED                                hierarchical p         %            0       0        <fn>    <NULL>  <NULL> stat_3    
1465 TRT01A Xanomeline Low Dose  AESOC  INVESTIGATIONS                                                      AEDECOD                      BLOOD ALKALINE PHOSPHATASE INCREASED                                hierarchical n         n            0       0        <fn>    <NULL>  <NULL> stat_4    
1466 TRT01A Xanomeline Low Dose  AESOC  INVESTIGATIONS                                                      AEDECOD                      BLOOD ALKALINE PHOSPHATASE INCREASED                                hierarchical N         N           96       96       <fn>    <NULL>  <NULL> stat_4    
1467 TRT01A Xanomeline Low Dose  AESOC  INVESTIGATIONS                                                      AEDECOD                      BLOOD ALKALINE PHOSPHATASE INCREASED                                hierarchical p         %            0       0        <fn>    <NULL>  <NULL> stat_4    
1468 TRT01A Placebo              AESOC  INVESTIGATIONS                                                      AEDECOD                      BLOOD CHOLESTEROL INCREASED                                         hierarchical n         n            0       0        <fn>    <NULL>  <NULL> stat_1    
1469 TRT01A Placebo              AESOC  INVESTIGATIONS                                                      AEDECOD                      BLOOD CHOLESTEROL INCREASED                                         hierarchical N         N           86       86       <fn>    <NULL>  <NULL> stat_1    
1470 TRT01A Placebo              AESOC  INVESTIGATIONS                                                      AEDECOD                      BLOOD CHOLESTEROL INCREASED                                         hierarchical p         %            0       0        <fn>    <NULL>  <NULL> stat_1    
1471 TRT01A Total                AESOC  INVESTIGATIONS                                                      AEDECOD                      BLOOD CHOLESTEROL INCREASED                                         hierarchical n         n            1       1        <fn>    <NULL>  <NULL> stat_2    
1472 TRT01A Total                AESOC  INVESTIGATIONS                                                      AEDECOD                      BLOOD CHOLESTEROL INCREASED                                         hierarchical N         N          306       306      <fn>    <NULL>  <NULL> stat_2    
1473 TRT01A Total                AESOC  INVESTIGATIONS                                                      AEDECOD                      BLOOD CHOLESTEROL INCREASED                                         hierarchical p         %            0.00327 0.3      <fn>    <NULL>  <NULL> stat_2    
1474 TRT01A Xanomeline High Dose AESOC  INVESTIGATIONS                                                      AEDECOD                      BLOOD CHOLESTEROL INCREASED                                         hierarchical n         n            1       1        <fn>    <NULL>  <NULL> stat_3    
1475 TRT01A Xanomeline High Dose AESOC  INVESTIGATIONS                                                      AEDECOD                      BLOOD CHOLESTEROL INCREASED                                         hierarchical N         N           72       72       <fn>    <NULL>  <NULL> stat_3    
1476 TRT01A Xanomeline High Dose AESOC  INVESTIGATIONS                                                      AEDECOD                      BLOOD CHOLESTEROL INCREASED                                         hierarchical p         %            0.0139  1.4      <fn>    <NULL>  <NULL> stat_3    
1477 TRT01A Xanomeline Low Dose  AESOC  INVESTIGATIONS                                                      AEDECOD                      BLOOD CHOLESTEROL INCREASED                                         hierarchical n         n            0       0        <fn>    <NULL>  <NULL> stat_4    
1478 TRT01A Xanomeline Low Dose  AESOC  INVESTIGATIONS                                                      AEDECOD                      BLOOD CHOLESTEROL INCREASED                                         hierarchical N         N           96       96       <fn>    <NULL>  <NULL> stat_4    
1479 TRT01A Xanomeline Low Dose  AESOC  INVESTIGATIONS                                                      AEDECOD                      BLOOD CHOLESTEROL INCREASED                                         hierarchical p         %            0       0        <fn>    <NULL>  <NULL> stat_4    
1480 TRT01A Placebo              AESOC  INVESTIGATIONS                                                      AEDECOD                      BLOOD CREATINE PHOSPHOKINASE INCREASED                              hierarchical n         n            1       1        <fn>    <NULL>  <NULL> stat_1    
1481 TRT01A Placebo              AESOC  INVESTIGATIONS                                                      AEDECOD                      BLOOD CREATINE PHOSPHOKINASE INCREASED                              hierarchical N         N           86       86       <fn>    <NULL>  <NULL> stat_1    
1482 TRT01A Placebo              AESOC  INVESTIGATIONS                                                      AEDECOD                      BLOOD CREATINE PHOSPHOKINASE INCREASED                              hierarchical p         %            0.0116  1.2      <fn>    <NULL>  <NULL> stat_1    
1483 TRT01A Total                AESOC  INVESTIGATIONS                                                      AEDECOD                      BLOOD CREATINE PHOSPHOKINASE INCREASED                              hierarchical n         n            1       1        <fn>    <NULL>  <NULL> stat_2    
1484 TRT01A Total                AESOC  INVESTIGATIONS                                                      AEDECOD                      BLOOD CREATINE PHOSPHOKINASE INCREASED                              hierarchical N         N          306       306      <fn>    <NULL>  <NULL> stat_2    
1485 TRT01A Total                AESOC  INVESTIGATIONS                                                      AEDECOD                      BLOOD CREATINE PHOSPHOKINASE INCREASED                              hierarchical p         %            0.00327 0.3      <fn>    <NULL>  <NULL> stat_2    
1486 TRT01A Xanomeline High Dose AESOC  INVESTIGATIONS                                                      AEDECOD                      BLOOD CREATINE PHOSPHOKINASE INCREASED                              hierarchical n         n            0       0        <fn>    <NULL>  <NULL> stat_3    
1487 TRT01A Xanomeline High Dose AESOC  INVESTIGATIONS                                                      AEDECOD                      BLOOD CREATINE PHOSPHOKINASE INCREASED                              hierarchical N         N           72       72       <fn>    <NULL>  <NULL> stat_3    
1488 TRT01A Xanomeline High Dose AESOC  INVESTIGATIONS                                                      AEDECOD                      BLOOD CREATINE PHOSPHOKINASE INCREASED                              hierarchical p         %            0       0        <fn>    <NULL>  <NULL> stat_3    
1489 TRT01A Xanomeline Low Dose  AESOC  INVESTIGATIONS                                                      AEDECOD                      BLOOD CREATINE PHOSPHOKINASE INCREASED                              hierarchical n         n            0       0        <fn>    <NULL>  <NULL> stat_4    
1490 TRT01A Xanomeline Low Dose  AESOC  INVESTIGATIONS                                                      AEDECOD                      BLOOD CREATINE PHOSPHOKINASE INCREASED                              hierarchical N         N           96       96       <fn>    <NULL>  <NULL> stat_4    
1491 TRT01A Xanomeline Low Dose  AESOC  INVESTIGATIONS                                                      AEDECOD                      BLOOD CREATINE PHOSPHOKINASE INCREASED                              hierarchical p         %            0       0        <fn>    <NULL>  <NULL> stat_4    
1492 TRT01A Placebo              AESOC  INVESTIGATIONS                                                      AEDECOD                      BLOOD GLUCOSE INCREASED                                             hierarchical n         n            0       0        <fn>    <NULL>  <NULL> stat_1    
1493 TRT01A Placebo              AESOC  INVESTIGATIONS                                                      AEDECOD                      BLOOD GLUCOSE INCREASED                                             hierarchical N         N           86       86       <fn>    <NULL>  <NULL> stat_1    
1494 TRT01A Placebo              AESOC  INVESTIGATIONS                                                      AEDECOD                      BLOOD GLUCOSE INCREASED                                             hierarchical p         %            0       0        <fn>    <NULL>  <NULL> stat_1    
1495 TRT01A Total                AESOC  INVESTIGATIONS                                                      AEDECOD                      BLOOD GLUCOSE INCREASED                                             hierarchical n         n            2       2        <fn>    <NULL>  <NULL> stat_2    
1496 TRT01A Total                AESOC  INVESTIGATIONS                                                      AEDECOD                      BLOOD GLUCOSE INCREASED                                             hierarchical N         N          306       306      <fn>    <NULL>  <NULL> stat_2    
1497 TRT01A Total                AESOC  INVESTIGATIONS                                                      AEDECOD                      BLOOD GLUCOSE INCREASED                                             hierarchical p         %            0.00654 0.7      <fn>    <NULL>  <NULL> stat_2    
1498 TRT01A Xanomeline High Dose AESOC  INVESTIGATIONS                                                      AEDECOD                      BLOOD GLUCOSE INCREASED                                             hierarchical n         n            1       1        <fn>    <NULL>  <NULL> stat_3    
1499 TRT01A Xanomeline High Dose AESOC  INVESTIGATIONS                                                      AEDECOD                      BLOOD GLUCOSE INCREASED                                             hierarchical N         N           72       72       <fn>    <NULL>  <NULL> stat_3    
1500 TRT01A Xanomeline High Dose AESOC  INVESTIGATIONS                                                      AEDECOD                      BLOOD GLUCOSE INCREASED                                             hierarchical p         %            0.0139  1.4      <fn>    <NULL>  <NULL> stat_3    
1501 TRT01A Xanomeline Low Dose  AESOC  INVESTIGATIONS                                                      AEDECOD                      BLOOD GLUCOSE INCREASED                                             hierarchical n         n            1       1        <fn>    <NULL>  <NULL> stat_4    
1502 TRT01A Xanomeline Low Dose  AESOC  INVESTIGATIONS                                                      AEDECOD                      BLOOD GLUCOSE INCREASED                                             hierarchical N         N           96       96       <fn>    <NULL>  <NULL> stat_4    
1503 TRT01A Xanomeline Low Dose  AESOC  INVESTIGATIONS                                                      AEDECOD                      BLOOD GLUCOSE INCREASED                                             hierarchical p         %            0.0104  1.0      <fn>    <NULL>  <NULL> stat_4    
1504 TRT01A Placebo              AESOC  INVESTIGATIONS                                                      AEDECOD                      BLOOD URINE PRESENT                                                 hierarchical n         n            1       1        <fn>    <NULL>  <NULL> stat_1    
1505 TRT01A Placebo              AESOC  INVESTIGATIONS                                                      AEDECOD                      BLOOD URINE PRESENT                                                 hierarchical N         N           86       86       <fn>    <NULL>  <NULL> stat_1    
1506 TRT01A Placebo              AESOC  INVESTIGATIONS                                                      AEDECOD                      BLOOD URINE PRESENT                                                 hierarchical p         %            0.0116  1.2      <fn>    <NULL>  <NULL> stat_1    
1507 TRT01A Total                AESOC  INVESTIGATIONS                                                      AEDECOD                      BLOOD URINE PRESENT                                                 hierarchical n         n            1       1        <fn>    <NULL>  <NULL> stat_2    
1508 TRT01A Total                AESOC  INVESTIGATIONS                                                      AEDECOD                      BLOOD URINE PRESENT                                                 hierarchical N         N          306       306      <fn>    <NULL>  <NULL> stat_2    
1509 TRT01A Total                AESOC  INVESTIGATIONS                                                      AEDECOD                      BLOOD URINE PRESENT                                                 hierarchical p         %            0.00327 0.3      <fn>    <NULL>  <NULL> stat_2    
1510 TRT01A Xanomeline High Dose AESOC  INVESTIGATIONS                                                      AEDECOD                      BLOOD URINE PRESENT                                                 hierarchical n         n            0       0        <fn>    <NULL>  <NULL> stat_3    
1511 TRT01A Xanomeline High Dose AESOC  INVESTIGATIONS                                                      AEDECOD                      BLOOD URINE PRESENT                                                 hierarchical N         N           72       72       <fn>    <NULL>  <NULL> stat_3    
1512 TRT01A Xanomeline High Dose AESOC  INVESTIGATIONS                                                      AEDECOD                      BLOOD URINE PRESENT                                                 hierarchical p         %            0       0        <fn>    <NULL>  <NULL> stat_3    
1513 TRT01A Xanomeline Low Dose  AESOC  INVESTIGATIONS                                                      AEDECOD                      BLOOD URINE PRESENT                                                 hierarchical n         n            0       0        <fn>    <NULL>  <NULL> stat_4    
1514 TRT01A Xanomeline Low Dose  AESOC  INVESTIGATIONS                                                      AEDECOD                      BLOOD URINE PRESENT                                                 hierarchical N         N           96       96       <fn>    <NULL>  <NULL> stat_4    
1515 TRT01A Xanomeline Low Dose  AESOC  INVESTIGATIONS                                                      AEDECOD                      BLOOD URINE PRESENT                                                 hierarchical p         %            0       0        <fn>    <NULL>  <NULL> stat_4    
1516 TRT01A Placebo              AESOC  INVESTIGATIONS                                                      AEDECOD                      BODY TEMPERATURE INCREASED                                          hierarchical n         n            0       0        <fn>    <NULL>  <NULL> stat_1    
1517 TRT01A Placebo              AESOC  INVESTIGATIONS                                                      AEDECOD                      BODY TEMPERATURE INCREASED                                          hierarchical N         N           86       86       <fn>    <NULL>  <NULL> stat_1    
1518 TRT01A Placebo              AESOC  INVESTIGATIONS                                                      AEDECOD                      BODY TEMPERATURE INCREASED                                          hierarchical p         %            0       0        <fn>    <NULL>  <NULL> stat_1    
1519 TRT01A Total                AESOC  INVESTIGATIONS                                                      AEDECOD                      BODY TEMPERATURE INCREASED                                          hierarchical n         n            1       1        <fn>    <NULL>  <NULL> stat_2    
1520 TRT01A Total                AESOC  INVESTIGATIONS                                                      AEDECOD                      BODY TEMPERATURE INCREASED                                          hierarchical N         N          306       306      <fn>    <NULL>  <NULL> stat_2    
1521 TRT01A Total                AESOC  INVESTIGATIONS                                                      AEDECOD                      BODY TEMPERATURE INCREASED                                          hierarchical p         %            0.00327 0.3      <fn>    <NULL>  <NULL> stat_2    
1522 TRT01A Xanomeline High Dose AESOC  INVESTIGATIONS                                                      AEDECOD                      BODY TEMPERATURE INCREASED                                          hierarchical n         n            0       0        <fn>    <NULL>  <NULL> stat_3    
1523 TRT01A Xanomeline High Dose AESOC  INVESTIGATIONS                                                      AEDECOD                      BODY TEMPERATURE INCREASED                                          hierarchical N         N           72       72       <fn>    <NULL>  <NULL> stat_3    
1524 TRT01A Xanomeline High Dose AESOC  INVESTIGATIONS                                                      AEDECOD                      BODY TEMPERATURE INCREASED                                          hierarchical p         %            0       0        <fn>    <NULL>  <NULL> stat_3    
1525 TRT01A Xanomeline Low Dose  AESOC  INVESTIGATIONS                                                      AEDECOD                      BODY TEMPERATURE INCREASED                                          hierarchical n         n            1       1        <fn>    <NULL>  <NULL> stat_4    
1526 TRT01A Xanomeline Low Dose  AESOC  INVESTIGATIONS                                                      AEDECOD                      BODY TEMPERATURE INCREASED                                          hierarchical N         N           96       96       <fn>    <NULL>  <NULL> stat_4    
1527 TRT01A Xanomeline Low Dose  AESOC  INVESTIGATIONS                                                      AEDECOD                      BODY TEMPERATURE INCREASED                                          hierarchical p         %            0.0104  1.0      <fn>    <NULL>  <NULL> stat_4    
1528 TRT01A Placebo              AESOC  INVESTIGATIONS                                                      AEDECOD                      CYSTOSCOPY                                                          hierarchical n         n            1       1        <fn>    <NULL>  <NULL> stat_1    
1529 TRT01A Placebo              AESOC  INVESTIGATIONS                                                      AEDECOD                      CYSTOSCOPY                                                          hierarchical N         N           86       86       <fn>    <NULL>  <NULL> stat_1    
1530 TRT01A Placebo              AESOC  INVESTIGATIONS                                                      AEDECOD                      CYSTOSCOPY                                                          hierarchical p         %            0.0116  1.2      <fn>    <NULL>  <NULL> stat_1    
1531 TRT01A Total                AESOC  INVESTIGATIONS                                                      AEDECOD                      CYSTOSCOPY                                                          hierarchical n         n            1       1        <fn>    <NULL>  <NULL> stat_2    
1532 TRT01A Total                AESOC  INVESTIGATIONS                                                      AEDECOD                      CYSTOSCOPY                                                          hierarchical N         N          306       306      <fn>    <NULL>  <NULL> stat_2    
1533 TRT01A Total                AESOC  INVESTIGATIONS                                                      AEDECOD                      CYSTOSCOPY                                                          hierarchical p         %            0.00327 0.3      <fn>    <NULL>  <NULL> stat_2    
1534 TRT01A Xanomeline High Dose AESOC  INVESTIGATIONS                                                      AEDECOD                      CYSTOSCOPY                                                          hierarchical n         n            0       0        <fn>    <NULL>  <NULL> stat_3    
1535 TRT01A Xanomeline High Dose AESOC  INVESTIGATIONS                                                      AEDECOD                      CYSTOSCOPY                                                          hierarchical N         N           72       72       <fn>    <NULL>  <NULL> stat_3    
1536 TRT01A Xanomeline High Dose AESOC  INVESTIGATIONS                                                      AEDECOD                      CYSTOSCOPY                                                          hierarchical p         %            0       0        <fn>    <NULL>  <NULL> stat_3    
1537 TRT01A Xanomeline Low Dose  AESOC  INVESTIGATIONS                                                      AEDECOD                      CYSTOSCOPY                                                          hierarchical n         n            0       0        <fn>    <NULL>  <NULL> stat_4    
1538 TRT01A Xanomeline Low Dose  AESOC  INVESTIGATIONS                                                      AEDECOD                      CYSTOSCOPY                                                          hierarchical N         N           96       96       <fn>    <NULL>  <NULL> stat_4    
1539 TRT01A Xanomeline Low Dose  AESOC  INVESTIGATIONS                                                      AEDECOD                      CYSTOSCOPY                                                          hierarchical p         %            0       0        <fn>    <NULL>  <NULL> stat_4    
1540 TRT01A Placebo              AESOC  INVESTIGATIONS                                                      AEDECOD                      ELECTROCARDIOGRAM ST SEGMENT DEPRESSION                             hierarchical n         n            4       4        <fn>    <NULL>  <NULL> stat_1    
1541 TRT01A Placebo              AESOC  INVESTIGATIONS                                                      AEDECOD                      ELECTROCARDIOGRAM ST SEGMENT DEPRESSION                             hierarchical N         N           86       86       <fn>    <NULL>  <NULL> stat_1    
1542 TRT01A Placebo              AESOC  INVESTIGATIONS                                                      AEDECOD                      ELECTROCARDIOGRAM ST SEGMENT DEPRESSION                             hierarchical p         %            0.0465  4.7      <fn>    <NULL>  <NULL> stat_1    
1543 TRT01A Total                AESOC  INVESTIGATIONS                                                      AEDECOD                      ELECTROCARDIOGRAM ST SEGMENT DEPRESSION                             hierarchical n         n            5       5        <fn>    <NULL>  <NULL> stat_2    
1544 TRT01A Total                AESOC  INVESTIGATIONS                                                      AEDECOD                      ELECTROCARDIOGRAM ST SEGMENT DEPRESSION                             hierarchical N         N          306       306      <fn>    <NULL>  <NULL> stat_2    
1545 TRT01A Total                AESOC  INVESTIGATIONS                                                      AEDECOD                      ELECTROCARDIOGRAM ST SEGMENT DEPRESSION                             hierarchical p         %            0.0163  1.6      <fn>    <NULL>  <NULL> stat_2    
1546 TRT01A Xanomeline High Dose AESOC  INVESTIGATIONS                                                      AEDECOD                      ELECTROCARDIOGRAM ST SEGMENT DEPRESSION                             hierarchical n         n            0       0        <fn>    <NULL>  <NULL> stat_3    
1547 TRT01A Xanomeline High Dose AESOC  INVESTIGATIONS                                                      AEDECOD                      ELECTROCARDIOGRAM ST SEGMENT DEPRESSION                             hierarchical N         N           72       72       <fn>    <NULL>  <NULL> stat_3    
1548 TRT01A Xanomeline High Dose AESOC  INVESTIGATIONS                                                      AEDECOD                      ELECTROCARDIOGRAM ST SEGMENT DEPRESSION                             hierarchical p         %            0       0        <fn>    <NULL>  <NULL> stat_3    
1549 TRT01A Xanomeline Low Dose  AESOC  INVESTIGATIONS                                                      AEDECOD                      ELECTROCARDIOGRAM ST SEGMENT DEPRESSION                             hierarchical n         n            1       1        <fn>    <NULL>  <NULL> stat_4    
1550 TRT01A Xanomeline Low Dose  AESOC  INVESTIGATIONS                                                      AEDECOD                      ELECTROCARDIOGRAM ST SEGMENT DEPRESSION                             hierarchical N         N           96       96       <fn>    <NULL>  <NULL> stat_4    
1551 TRT01A Xanomeline Low Dose  AESOC  INVESTIGATIONS                                                      AEDECOD                      ELECTROCARDIOGRAM ST SEGMENT DEPRESSION                             hierarchical p         %            0.0104  1.0      <fn>    <NULL>  <NULL> stat_4    
1552 TRT01A Placebo              AESOC  INVESTIGATIONS                                                      AEDECOD                      ELECTROCARDIOGRAM T WAVE AMPLITUDE DECREASED                        hierarchical n         n            1       1        <fn>    <NULL>  <NULL> stat_1    
1553 TRT01A Placebo              AESOC  INVESTIGATIONS                                                      AEDECOD                      ELECTROCARDIOGRAM T WAVE AMPLITUDE DECREASED                        hierarchical N         N           86       86       <fn>    <NULL>  <NULL> stat_1    
1554 TRT01A Placebo              AESOC  INVESTIGATIONS                                                      AEDECOD                      ELECTROCARDIOGRAM T WAVE AMPLITUDE DECREASED                        hierarchical p         %            0.0116  1.2      <fn>    <NULL>  <NULL> stat_1    
1555 TRT01A Total                AESOC  INVESTIGATIONS                                                      AEDECOD                      ELECTROCARDIOGRAM T WAVE AMPLITUDE DECREASED                        hierarchical n         n            2       2        <fn>    <NULL>  <NULL> stat_2    
1556 TRT01A Total                AESOC  INVESTIGATIONS                                                      AEDECOD                      ELECTROCARDIOGRAM T WAVE AMPLITUDE DECREASED                        hierarchical N         N          306       306      <fn>    <NULL>  <NULL> stat_2    
1557 TRT01A Total                AESOC  INVESTIGATIONS                                                      AEDECOD                      ELECTROCARDIOGRAM T WAVE AMPLITUDE DECREASED                        hierarchical p         %            0.00654 0.7      <fn>    <NULL>  <NULL> stat_2    
1558 TRT01A Xanomeline High Dose AESOC  INVESTIGATIONS                                                      AEDECOD                      ELECTROCARDIOGRAM T WAVE AMPLITUDE DECREASED                        hierarchical n         n            0       0        <fn>    <NULL>  <NULL> stat_3    
1559 TRT01A Xanomeline High Dose AESOC  INVESTIGATIONS                                                      AEDECOD                      ELECTROCARDIOGRAM T WAVE AMPLITUDE DECREASED                        hierarchical N         N           72       72       <fn>    <NULL>  <NULL> stat_3    
1560 TRT01A Xanomeline High Dose AESOC  INVESTIGATIONS                                                      AEDECOD                      ELECTROCARDIOGRAM T WAVE AMPLITUDE DECREASED                        hierarchical p         %            0       0        <fn>    <NULL>  <NULL> stat_3    
1561 TRT01A Xanomeline Low Dose  AESOC  INVESTIGATIONS                                                      AEDECOD                      ELECTROCARDIOGRAM T WAVE AMPLITUDE DECREASED                        hierarchical n         n            1       1        <fn>    <NULL>  <NULL> stat_4    
1562 TRT01A Xanomeline Low Dose  AESOC  INVESTIGATIONS                                                      AEDECOD                      ELECTROCARDIOGRAM T WAVE AMPLITUDE DECREASED                        hierarchical N         N           96       96       <fn>    <NULL>  <NULL> stat_4    
1563 TRT01A Xanomeline Low Dose  AESOC  INVESTIGATIONS                                                      AEDECOD                      ELECTROCARDIOGRAM T WAVE AMPLITUDE DECREASED                        hierarchical p         %            0.0104  1.0      <fn>    <NULL>  <NULL> stat_4    
1564 TRT01A Placebo              AESOC  INVESTIGATIONS                                                      AEDECOD                      ELECTROCARDIOGRAM T WAVE INVERSION                                  hierarchical n         n            2       2        <fn>    <NULL>  <NULL> stat_1    
1565 TRT01A Placebo              AESOC  INVESTIGATIONS                                                      AEDECOD                      ELECTROCARDIOGRAM T WAVE INVERSION                                  hierarchical N         N           86       86       <fn>    <NULL>  <NULL> stat_1    
1566 TRT01A Placebo              AESOC  INVESTIGATIONS                                                      AEDECOD                      ELECTROCARDIOGRAM T WAVE INVERSION                                  hierarchical p         %            0.0233  2.3      <fn>    <NULL>  <NULL> stat_1    
1567 TRT01A Total                AESOC  INVESTIGATIONS                                                      AEDECOD                      ELECTROCARDIOGRAM T WAVE INVERSION                                  hierarchical n         n            4       4        <fn>    <NULL>  <NULL> stat_2    
1568 TRT01A Total                AESOC  INVESTIGATIONS                                                      AEDECOD                      ELECTROCARDIOGRAM T WAVE INVERSION                                  hierarchical N         N          306       306      <fn>    <NULL>  <NULL> stat_2    
1569 TRT01A Total                AESOC  INVESTIGATIONS                                                      AEDECOD                      ELECTROCARDIOGRAM T WAVE INVERSION                                  hierarchical p         %            0.0131  1.3      <fn>    <NULL>  <NULL> stat_2    
1570 TRT01A Xanomeline High Dose AESOC  INVESTIGATIONS                                                      AEDECOD                      ELECTROCARDIOGRAM T WAVE INVERSION                                  hierarchical n         n            1       1        <fn>    <NULL>  <NULL> stat_3    
1571 TRT01A Xanomeline High Dose AESOC  INVESTIGATIONS                                                      AEDECOD                      ELECTROCARDIOGRAM T WAVE INVERSION                                  hierarchical N         N           72       72       <fn>    <NULL>  <NULL> stat_3    
1572 TRT01A Xanomeline High Dose AESOC  INVESTIGATIONS                                                      AEDECOD                      ELECTROCARDIOGRAM T WAVE INVERSION                                  hierarchical p         %            0.0139  1.4      <fn>    <NULL>  <NULL> stat_3    
1573 TRT01A Xanomeline Low Dose  AESOC  INVESTIGATIONS                                                      AEDECOD                      ELECTROCARDIOGRAM T WAVE INVERSION                                  hierarchical n         n            1       1        <fn>    <NULL>  <NULL> stat_4    
1574 TRT01A Xanomeline Low Dose  AESOC  INVESTIGATIONS                                                      AEDECOD                      ELECTROCARDIOGRAM T WAVE INVERSION                                  hierarchical N         N           96       96       <fn>    <NULL>  <NULL> stat_4    
1575 TRT01A Xanomeline Low Dose  AESOC  INVESTIGATIONS                                                      AEDECOD                      ELECTROCARDIOGRAM T WAVE INVERSION                                  hierarchical p         %            0.0104  1.0      <fn>    <NULL>  <NULL> stat_4    
1576 TRT01A Placebo              AESOC  INVESTIGATIONS                                                      AEDECOD                      HEART RATE INCREASED                                                hierarchical n         n            1       1        <fn>    <NULL>  <NULL> stat_1    
1577 TRT01A Placebo              AESOC  INVESTIGATIONS                                                      AEDECOD                      HEART RATE INCREASED                                                hierarchical N         N           86       86       <fn>    <NULL>  <NULL> stat_1    
1578 TRT01A Placebo              AESOC  INVESTIGATIONS                                                      AEDECOD                      HEART RATE INCREASED                                                hierarchical p         %            0.0116  1.2      <fn>    <NULL>  <NULL> stat_1    
1579 TRT01A Total                AESOC  INVESTIGATIONS                                                      AEDECOD                      HEART RATE INCREASED                                                hierarchical n         n            1       1        <fn>    <NULL>  <NULL> stat_2    
1580 TRT01A Total                AESOC  INVESTIGATIONS                                                      AEDECOD                      HEART RATE INCREASED                                                hierarchical N         N          306       306      <fn>    <NULL>  <NULL> stat_2    
1581 TRT01A Total                AESOC  INVESTIGATIONS                                                      AEDECOD                      HEART RATE INCREASED                                                hierarchical p         %            0.00327 0.3      <fn>    <NULL>  <NULL> stat_2    
1582 TRT01A Xanomeline High Dose AESOC  INVESTIGATIONS                                                      AEDECOD                      HEART RATE INCREASED                                                hierarchical n         n            0       0        <fn>    <NULL>  <NULL> stat_3    
1583 TRT01A Xanomeline High Dose AESOC  INVESTIGATIONS                                                      AEDECOD                      HEART RATE INCREASED                                                hierarchical N         N           72       72       <fn>    <NULL>  <NULL> stat_3    
1584 TRT01A Xanomeline High Dose AESOC  INVESTIGATIONS                                                      AEDECOD                      HEART RATE INCREASED                                                hierarchical p         %            0       0        <fn>    <NULL>  <NULL> stat_3    
1585 TRT01A Xanomeline Low Dose  AESOC  INVESTIGATIONS                                                      AEDECOD                      HEART RATE INCREASED                                                hierarchical n         n            0       0        <fn>    <NULL>  <NULL> stat_4    
1586 TRT01A Xanomeline Low Dose  AESOC  INVESTIGATIONS                                                      AEDECOD                      HEART RATE INCREASED                                                hierarchical N         N           96       96       <fn>    <NULL>  <NULL> stat_4    
1587 TRT01A Xanomeline Low Dose  AESOC  INVESTIGATIONS                                                      AEDECOD                      HEART RATE INCREASED                                                hierarchical p         %            0       0        <fn>    <NULL>  <NULL> stat_4    
1588 TRT01A Placebo              AESOC  INVESTIGATIONS                                                      AEDECOD                      HEART RATE IRREGULAR                                                hierarchical n         n            1       1        <fn>    <NULL>  <NULL> stat_1    
1589 TRT01A Placebo              AESOC  INVESTIGATIONS                                                      AEDECOD                      HEART RATE IRREGULAR                                                hierarchical N         N           86       86       <fn>    <NULL>  <NULL> stat_1    
1590 TRT01A Placebo              AESOC  INVESTIGATIONS                                                      AEDECOD                      HEART RATE IRREGULAR                                                hierarchical p         %            0.0116  1.2      <fn>    <NULL>  <NULL> stat_1    
1591 TRT01A Total                AESOC  INVESTIGATIONS                                                      AEDECOD                      HEART RATE IRREGULAR                                                hierarchical n         n            1       1        <fn>    <NULL>  <NULL> stat_2    
1592 TRT01A Total                AESOC  INVESTIGATIONS                                                      AEDECOD                      HEART RATE IRREGULAR                                                hierarchical N         N          306       306      <fn>    <NULL>  <NULL> stat_2    
1593 TRT01A Total                AESOC  INVESTIGATIONS                                                      AEDECOD                      HEART RATE IRREGULAR                                                hierarchical p         %            0.00327 0.3      <fn>    <NULL>  <NULL> stat_2    
1594 TRT01A Xanomeline High Dose AESOC  INVESTIGATIONS                                                      AEDECOD                      HEART RATE IRREGULAR                                                hierarchical n         n            0       0        <fn>    <NULL>  <NULL> stat_3    
1595 TRT01A Xanomeline High Dose AESOC  INVESTIGATIONS                                                      AEDECOD                      HEART RATE IRREGULAR                                                hierarchical N         N           72       72       <fn>    <NULL>  <NULL> stat_3    
1596 TRT01A Xanomeline High Dose AESOC  INVESTIGATIONS                                                      AEDECOD                      HEART RATE IRREGULAR                                                hierarchical p         %            0       0        <fn>    <NULL>  <NULL> stat_3    
1597 TRT01A Xanomeline Low Dose  AESOC  INVESTIGATIONS                                                      AEDECOD                      HEART RATE IRREGULAR                                                hierarchical n         n            0       0        <fn>    <NULL>  <NULL> stat_4    
1598 TRT01A Xanomeline Low Dose  AESOC  INVESTIGATIONS                                                      AEDECOD                      HEART RATE IRREGULAR                                                hierarchical N         N           96       96       <fn>    <NULL>  <NULL> stat_4    
1599 TRT01A Xanomeline Low Dose  AESOC  INVESTIGATIONS                                                      AEDECOD                      HEART RATE IRREGULAR                                                hierarchical p         %            0       0        <fn>    <NULL>  <NULL> stat_4    
1600 TRT01A Placebo              AESOC  INVESTIGATIONS                                                      AEDECOD                      NASAL MUCOSA BIOPSY                                                 hierarchical n         n            0       0        <fn>    <NULL>  <NULL> stat_1    
1601 TRT01A Placebo              AESOC  INVESTIGATIONS                                                      AEDECOD                      NASAL MUCOSA BIOPSY                                                 hierarchical N         N           86       86       <fn>    <NULL>  <NULL> stat_1    
1602 TRT01A Placebo              AESOC  INVESTIGATIONS                                                      AEDECOD                      NASAL MUCOSA BIOPSY                                                 hierarchical p         %            0       0        <fn>    <NULL>  <NULL> stat_1    
1603 TRT01A Total                AESOC  INVESTIGATIONS                                                      AEDECOD                      NASAL MUCOSA BIOPSY                                                 hierarchical n         n            1       1        <fn>    <NULL>  <NULL> stat_2    
1604 TRT01A Total                AESOC  INVESTIGATIONS                                                      AEDECOD                      NASAL MUCOSA BIOPSY                                                 hierarchical N         N          306       306      <fn>    <NULL>  <NULL> stat_2    
1605 TRT01A Total                AESOC  INVESTIGATIONS                                                      AEDECOD                      NASAL MUCOSA BIOPSY                                                 hierarchical p         %            0.00327 0.3      <fn>    <NULL>  <NULL> stat_2    
1606 TRT01A Xanomeline High Dose AESOC  INVESTIGATIONS                                                      AEDECOD                      NASAL MUCOSA BIOPSY                                                 hierarchical n         n            0       0        <fn>    <NULL>  <NULL> stat_3    
1607 TRT01A Xanomeline High Dose AESOC  INVESTIGATIONS                                                      AEDECOD                      NASAL MUCOSA BIOPSY                                                 hierarchical N         N           72       72       <fn>    <NULL>  <NULL> stat_3    
1608 TRT01A Xanomeline High Dose AESOC  INVESTIGATIONS                                                      AEDECOD                      NASAL MUCOSA BIOPSY                                                 hierarchical p         %            0       0        <fn>    <NULL>  <NULL> stat_3    
1609 TRT01A Xanomeline Low Dose  AESOC  INVESTIGATIONS                                                      AEDECOD                      NASAL MUCOSA BIOPSY                                                 hierarchical n         n            1       1        <fn>    <NULL>  <NULL> stat_4    
1610 TRT01A Xanomeline Low Dose  AESOC  INVESTIGATIONS                                                      AEDECOD                      NASAL MUCOSA BIOPSY                                                 hierarchical N         N           96       96       <fn>    <NULL>  <NULL> stat_4    
1611 TRT01A Xanomeline Low Dose  AESOC  INVESTIGATIONS                                                      AEDECOD                      NASAL MUCOSA BIOPSY                                                 hierarchical p         %            0.0104  1.0      <fn>    <NULL>  <NULL> stat_4    
1612 TRT01A Placebo              AESOC  INVESTIGATIONS                                                      AEDECOD                      WEIGHT DECREASED                                                    hierarchical n         n            0       0        <fn>    <NULL>  <NULL> stat_1    
1613 TRT01A Placebo              AESOC  INVESTIGATIONS                                                      AEDECOD                      WEIGHT DECREASED                                                    hierarchical N         N           86       86       <fn>    <NULL>  <NULL> stat_1    
1614 TRT01A Placebo              AESOC  INVESTIGATIONS                                                      AEDECOD                      WEIGHT DECREASED                                                    hierarchical p         %            0       0        <fn>    <NULL>  <NULL> stat_1    
1615 TRT01A Total                AESOC  INVESTIGATIONS                                                      AEDECOD                      WEIGHT DECREASED                                                    hierarchical n         n            1       1        <fn>    <NULL>  <NULL> stat_2    
1616 TRT01A Total                AESOC  INVESTIGATIONS                                                      AEDECOD                      WEIGHT DECREASED                                                    hierarchical N         N          306       306      <fn>    <NULL>  <NULL> stat_2    
1617 TRT01A Total                AESOC  INVESTIGATIONS                                                      AEDECOD                      WEIGHT DECREASED                                                    hierarchical p         %            0.00327 0.3      <fn>    <NULL>  <NULL> stat_2    
1618 TRT01A Xanomeline High Dose AESOC  INVESTIGATIONS                                                      AEDECOD                      WEIGHT DECREASED                                                    hierarchical n         n            0       0        <fn>    <NULL>  <NULL> stat_3    
1619 TRT01A Xanomeline High Dose AESOC  INVESTIGATIONS                                                      AEDECOD                      WEIGHT DECREASED                                                    hierarchical N         N           72       72       <fn>    <NULL>  <NULL> stat_3    
1620 TRT01A Xanomeline High Dose AESOC  INVESTIGATIONS                                                      AEDECOD                      WEIGHT DECREASED                                                    hierarchical p         %            0       0        <fn>    <NULL>  <NULL> stat_3    
1621 TRT01A Xanomeline Low Dose  AESOC  INVESTIGATIONS                                                      AEDECOD                      WEIGHT DECREASED                                                    hierarchical n         n            1       1        <fn>    <NULL>  <NULL> stat_4    
1622 TRT01A Xanomeline Low Dose  AESOC  INVESTIGATIONS                                                      AEDECOD                      WEIGHT DECREASED                                                    hierarchical N         N           96       96       <fn>    <NULL>  <NULL> stat_4    
1623 TRT01A Xanomeline Low Dose  AESOC  INVESTIGATIONS                                                      AEDECOD                      WEIGHT DECREASED                                                    hierarchical p         %            0.0104  1.0      <fn>    <NULL>  <NULL> stat_4    
1624 TRT01A Placebo              <NA>   <NULL>                                                              AESOC                        METABOLISM AND NUTRITION DISORDERS                                  hierarchical n         n            6       6        <fn>    <NULL>  <NULL> stat_1    
1625 TRT01A Placebo              <NA>   <NULL>                                                              AESOC                        METABOLISM AND NUTRITION DISORDERS                                  hierarchical N         N           86       86       <fn>    <NULL>  <NULL> stat_1    
1626 TRT01A Placebo              <NA>   <NULL>                                                              AESOC                        METABOLISM AND NUTRITION DISORDERS                                  hierarchical p         %            0.0698  7.0      <fn>    <NULL>  <NULL> stat_1    
1627 TRT01A Total                <NA>   <NULL>                                                              AESOC                        METABOLISM AND NUTRITION DISORDERS                                  hierarchical n         n            9       9        <fn>    <NULL>  <NULL> stat_2    
1628 TRT01A Total                <NA>   <NULL>                                                              AESOC                        METABOLISM AND NUTRITION DISORDERS                                  hierarchical N         N          306       306      <fn>    <NULL>  <NULL> stat_2    
1629 TRT01A Total                <NA>   <NULL>                                                              AESOC                        METABOLISM AND NUTRITION DISORDERS                                  hierarchical p         %            0.0294  2.9      <fn>    <NULL>  <NULL> stat_2    
1630 TRT01A Xanomeline High Dose <NA>   <NULL>                                                              AESOC                        METABOLISM AND NUTRITION DISORDERS                                  hierarchical n         n            2       2        <fn>    <NULL>  <NULL> stat_3    
1631 TRT01A Xanomeline High Dose <NA>   <NULL>                                                              AESOC                        METABOLISM AND NUTRITION DISORDERS                                  hierarchical N         N           72       72       <fn>    <NULL>  <NULL> stat_3    
1632 TRT01A Xanomeline High Dose <NA>   <NULL>                                                              AESOC                        METABOLISM AND NUTRITION DISORDERS                                  hierarchical p         %            0.0278  2.8      <fn>    <NULL>  <NULL> stat_3    
1633 TRT01A Xanomeline Low Dose  <NA>   <NULL>                                                              AESOC                        METABOLISM AND NUTRITION DISORDERS                                  hierarchical n         n            1       1        <fn>    <NULL>  <NULL> stat_4    
1634 TRT01A Xanomeline Low Dose  <NA>   <NULL>                                                              AESOC                        METABOLISM AND NUTRITION DISORDERS                                  hierarchical N         N           96       96       <fn>    <NULL>  <NULL> stat_4    
1635 TRT01A Xanomeline Low Dose  <NA>   <NULL>                                                              AESOC                        METABOLISM AND NUTRITION DISORDERS                                  hierarchical p         %            0.0104  1.0      <fn>    <NULL>  <NULL> stat_4    
1636 TRT01A Placebo              AESOC  METABOLISM AND NUTRITION DISORDERS                                  AEDECOD                      DECREASED APPETITE                                                  hierarchical n         n            1       1        <fn>    <NULL>  <NULL> stat_1    
1637 TRT01A Placebo              AESOC  METABOLISM AND NUTRITION DISORDERS                                  AEDECOD                      DECREASED APPETITE                                                  hierarchical N         N           86       86       <fn>    <NULL>  <NULL> stat_1    
1638 TRT01A Placebo              AESOC  METABOLISM AND NUTRITION DISORDERS                                  AEDECOD                      DECREASED APPETITE                                                  hierarchical p         %            0.0116  1.2      <fn>    <NULL>  <NULL> stat_1    
1639 TRT01A Total                AESOC  METABOLISM AND NUTRITION DISORDERS                                  AEDECOD                      DECREASED APPETITE                                                  hierarchical n         n            2       2        <fn>    <NULL>  <NULL> stat_2    
1640 TRT01A Total                AESOC  METABOLISM AND NUTRITION DISORDERS                                  AEDECOD                      DECREASED APPETITE                                                  hierarchical N         N          306       306      <fn>    <NULL>  <NULL> stat_2    
1641 TRT01A Total                AESOC  METABOLISM AND NUTRITION DISORDERS                                  AEDECOD                      DECREASED APPETITE                                                  hierarchical p         %            0.00654 0.7      <fn>    <NULL>  <NULL> stat_2    
1642 TRT01A Xanomeline High Dose AESOC  METABOLISM AND NUTRITION DISORDERS                                  AEDECOD                      DECREASED APPETITE                                                  hierarchical n         n            1       1        <fn>    <NULL>  <NULL> stat_3    
1643 TRT01A Xanomeline High Dose AESOC  METABOLISM AND NUTRITION DISORDERS                                  AEDECOD                      DECREASED APPETITE                                                  hierarchical N         N           72       72       <fn>    <NULL>  <NULL> stat_3    
1644 TRT01A Xanomeline High Dose AESOC  METABOLISM AND NUTRITION DISORDERS                                  AEDECOD                      DECREASED APPETITE                                                  hierarchical p         %            0.0139  1.4      <fn>    <NULL>  <NULL> stat_3    
1645 TRT01A Xanomeline Low Dose  AESOC  METABOLISM AND NUTRITION DISORDERS                                  AEDECOD                      DECREASED APPETITE                                                  hierarchical n         n            0       0        <fn>    <NULL>  <NULL> stat_4    
1646 TRT01A Xanomeline Low Dose  AESOC  METABOLISM AND NUTRITION DISORDERS                                  AEDECOD                      DECREASED APPETITE                                                  hierarchical N         N           96       96       <fn>    <NULL>  <NULL> stat_4    
1647 TRT01A Xanomeline Low Dose  AESOC  METABOLISM AND NUTRITION DISORDERS                                  AEDECOD                      DECREASED APPETITE                                                  hierarchical p         %            0       0        <fn>    <NULL>  <NULL> stat_4    
1648 TRT01A Placebo              AESOC  METABOLISM AND NUTRITION DISORDERS                                  AEDECOD                      DEHYDRATION                                                         hierarchical n         n            1       1        <fn>    <NULL>  <NULL> stat_1    
1649 TRT01A Placebo              AESOC  METABOLISM AND NUTRITION DISORDERS                                  AEDECOD                      DEHYDRATION                                                         hierarchical N         N           86       86       <fn>    <NULL>  <NULL> stat_1    
1650 TRT01A Placebo              AESOC  METABOLISM AND NUTRITION DISORDERS                                  AEDECOD                      DEHYDRATION                                                         hierarchical p         %            0.0116  1.2      <fn>    <NULL>  <NULL> stat_1    
1651 TRT01A Total                AESOC  METABOLISM AND NUTRITION DISORDERS                                  AEDECOD                      DEHYDRATION                                                         hierarchical n         n            1       1        <fn>    <NULL>  <NULL> stat_2    
1652 TRT01A Total                AESOC  METABOLISM AND NUTRITION DISORDERS                                  AEDECOD                      DEHYDRATION                                                         hierarchical N         N          306       306      <fn>    <NULL>  <NULL> stat_2    
1653 TRT01A Total                AESOC  METABOLISM AND NUTRITION DISORDERS                                  AEDECOD                      DEHYDRATION                                                         hierarchical p         %            0.00327 0.3      <fn>    <NULL>  <NULL> stat_2    
1654 TRT01A Xanomeline High Dose AESOC  METABOLISM AND NUTRITION DISORDERS                                  AEDECOD                      DEHYDRATION                                                         hierarchical n         n            0       0        <fn>    <NULL>  <NULL> stat_3    
1655 TRT01A Xanomeline High Dose AESOC  METABOLISM AND NUTRITION DISORDERS                                  AEDECOD                      DEHYDRATION                                                         hierarchical N         N           72       72       <fn>    <NULL>  <NULL> stat_3    
1656 TRT01A Xanomeline High Dose AESOC  METABOLISM AND NUTRITION DISORDERS                                  AEDECOD                      DEHYDRATION                                                         hierarchical p         %            0       0        <fn>    <NULL>  <NULL> stat_3    
1657 TRT01A Xanomeline Low Dose  AESOC  METABOLISM AND NUTRITION DISORDERS                                  AEDECOD                      DEHYDRATION                                                         hierarchical n         n            0       0        <fn>    <NULL>  <NULL> stat_4    
1658 TRT01A Xanomeline Low Dose  AESOC  METABOLISM AND NUTRITION DISORDERS                                  AEDECOD                      DEHYDRATION                                                         hierarchical N         N           96       96       <fn>    <NULL>  <NULL> stat_4    
1659 TRT01A Xanomeline Low Dose  AESOC  METABOLISM AND NUTRITION DISORDERS                                  AEDECOD                      DEHYDRATION                                                         hierarchical p         %            0       0        <fn>    <NULL>  <NULL> stat_4    
1660 TRT01A Placebo              AESOC  METABOLISM AND NUTRITION DISORDERS                                  AEDECOD                      DIABETES MELLITUS                                                   hierarchical n         n            1       1        <fn>    <NULL>  <NULL> stat_1    
1661 TRT01A Placebo              AESOC  METABOLISM AND NUTRITION DISORDERS                                  AEDECOD                      DIABETES MELLITUS                                                   hierarchical N         N           86       86       <fn>    <NULL>  <NULL> stat_1    
1662 TRT01A Placebo              AESOC  METABOLISM AND NUTRITION DISORDERS                                  AEDECOD                      DIABETES MELLITUS                                                   hierarchical p         %            0.0116  1.2      <fn>    <NULL>  <NULL> stat_1    
1663 TRT01A Total                AESOC  METABOLISM AND NUTRITION DISORDERS                                  AEDECOD                      DIABETES MELLITUS                                                   hierarchical n         n            1       1        <fn>    <NULL>  <NULL> stat_2    
1664 TRT01A Total                AESOC  METABOLISM AND NUTRITION DISORDERS                                  AEDECOD                      DIABETES MELLITUS                                                   hierarchical N         N          306       306      <fn>    <NULL>  <NULL> stat_2    
1665 TRT01A Total                AESOC  METABOLISM AND NUTRITION DISORDERS                                  AEDECOD                      DIABETES MELLITUS                                                   hierarchical p         %            0.00327 0.3      <fn>    <NULL>  <NULL> stat_2    
1666 TRT01A Xanomeline High Dose AESOC  METABOLISM AND NUTRITION DISORDERS                                  AEDECOD                      DIABETES MELLITUS                                                   hierarchical n         n            0       0        <fn>    <NULL>  <NULL> stat_3    
1667 TRT01A Xanomeline High Dose AESOC  METABOLISM AND NUTRITION DISORDERS                                  AEDECOD                      DIABETES MELLITUS                                                   hierarchical N         N           72       72       <fn>    <NULL>  <NULL> stat_3    
1668 TRT01A Xanomeline High Dose AESOC  METABOLISM AND NUTRITION DISORDERS                                  AEDECOD                      DIABETES MELLITUS                                                   hierarchical p         %            0       0        <fn>    <NULL>  <NULL> stat_3    
1669 TRT01A Xanomeline Low Dose  AESOC  METABOLISM AND NUTRITION DISORDERS                                  AEDECOD                      DIABETES MELLITUS                                                   hierarchical n         n            0       0        <fn>    <NULL>  <NULL> stat_4    
1670 TRT01A Xanomeline Low Dose  AESOC  METABOLISM AND NUTRITION DISORDERS                                  AEDECOD                      DIABETES MELLITUS                                                   hierarchical N         N           96       96       <fn>    <NULL>  <NULL> stat_4    
1671 TRT01A Xanomeline Low Dose  AESOC  METABOLISM AND NUTRITION DISORDERS                                  AEDECOD                      DIABETES MELLITUS                                                   hierarchical p         %            0       0        <fn>    <NULL>  <NULL> stat_4    
1672 TRT01A Placebo              AESOC  METABOLISM AND NUTRITION DISORDERS                                  AEDECOD                      FOOD CRAVING                                                        hierarchical n         n            1       1        <fn>    <NULL>  <NULL> stat_1    
1673 TRT01A Placebo              AESOC  METABOLISM AND NUTRITION DISORDERS                                  AEDECOD                      FOOD CRAVING                                                        hierarchical N         N           86       86       <fn>    <NULL>  <NULL> stat_1    
1674 TRT01A Placebo              AESOC  METABOLISM AND NUTRITION DISORDERS                                  AEDECOD                      FOOD CRAVING                                                        hierarchical p         %            0.0116  1.2      <fn>    <NULL>  <NULL> stat_1    
1675 TRT01A Total                AESOC  METABOLISM AND NUTRITION DISORDERS                                  AEDECOD                      FOOD CRAVING                                                        hierarchical n         n            2       2        <fn>    <NULL>  <NULL> stat_2    
1676 TRT01A Total                AESOC  METABOLISM AND NUTRITION DISORDERS                                  AEDECOD                      FOOD CRAVING                                                        hierarchical N         N          306       306      <fn>    <NULL>  <NULL> stat_2    
1677 TRT01A Total                AESOC  METABOLISM AND NUTRITION DISORDERS                                  AEDECOD                      FOOD CRAVING                                                        hierarchical p         %            0.00654 0.7      <fn>    <NULL>  <NULL> stat_2    
1678 TRT01A Xanomeline High Dose AESOC  METABOLISM AND NUTRITION DISORDERS                                  AEDECOD                      FOOD CRAVING                                                        hierarchical n         n            0       0        <fn>    <NULL>  <NULL> stat_3    
1679 TRT01A Xanomeline High Dose AESOC  METABOLISM AND NUTRITION DISORDERS                                  AEDECOD                      FOOD CRAVING                                                        hierarchical N         N           72       72       <fn>    <NULL>  <NULL> stat_3    
1680 TRT01A Xanomeline High Dose AESOC  METABOLISM AND NUTRITION DISORDERS                                  AEDECOD                      FOOD CRAVING                                                        hierarchical p         %            0       0        <fn>    <NULL>  <NULL> stat_3    
1681 TRT01A Xanomeline Low Dose  AESOC  METABOLISM AND NUTRITION DISORDERS                                  AEDECOD                      FOOD CRAVING                                                        hierarchical n         n            1       1        <fn>    <NULL>  <NULL> stat_4    
1682 TRT01A Xanomeline Low Dose  AESOC  METABOLISM AND NUTRITION DISORDERS                                  AEDECOD                      FOOD CRAVING                                                        hierarchical N         N           96       96       <fn>    <NULL>  <NULL> stat_4    
1683 TRT01A Xanomeline Low Dose  AESOC  METABOLISM AND NUTRITION DISORDERS                                  AEDECOD                      FOOD CRAVING                                                        hierarchical p         %            0.0104  1.0      <fn>    <NULL>  <NULL> stat_4    
1684 TRT01A Placebo              AESOC  METABOLISM AND NUTRITION DISORDERS                                  AEDECOD                      HYPONATRAEMIA                                                       hierarchical n         n            1       1        <fn>    <NULL>  <NULL> stat_1    
1685 TRT01A Placebo              AESOC  METABOLISM AND NUTRITION DISORDERS                                  AEDECOD                      HYPONATRAEMIA                                                       hierarchical N         N           86       86       <fn>    <NULL>  <NULL> stat_1    
1686 TRT01A Placebo              AESOC  METABOLISM AND NUTRITION DISORDERS                                  AEDECOD                      HYPONATRAEMIA                                                       hierarchical p         %            0.0116  1.2      <fn>    <NULL>  <NULL> stat_1    
1687 TRT01A Total                AESOC  METABOLISM AND NUTRITION DISORDERS                                  AEDECOD                      HYPONATRAEMIA                                                       hierarchical n         n            1       1        <fn>    <NULL>  <NULL> stat_2    
1688 TRT01A Total                AESOC  METABOLISM AND NUTRITION DISORDERS                                  AEDECOD                      HYPONATRAEMIA                                                       hierarchical N         N          306       306      <fn>    <NULL>  <NULL> stat_2    
1689 TRT01A Total                AESOC  METABOLISM AND NUTRITION DISORDERS                                  AEDECOD                      HYPONATRAEMIA                                                       hierarchical p         %            0.00327 0.3      <fn>    <NULL>  <NULL> stat_2    
1690 TRT01A Xanomeline High Dose AESOC  METABOLISM AND NUTRITION DISORDERS                                  AEDECOD                      HYPONATRAEMIA                                                       hierarchical n         n            0       0        <fn>    <NULL>  <NULL> stat_3    
1691 TRT01A Xanomeline High Dose AESOC  METABOLISM AND NUTRITION DISORDERS                                  AEDECOD                      HYPONATRAEMIA                                                       hierarchical N         N           72       72       <fn>    <NULL>  <NULL> stat_3    
1692 TRT01A Xanomeline High Dose AESOC  METABOLISM AND NUTRITION DISORDERS                                  AEDECOD                      HYPONATRAEMIA                                                       hierarchical p         %            0       0        <fn>    <NULL>  <NULL> stat_3    
1693 TRT01A Xanomeline Low Dose  AESOC  METABOLISM AND NUTRITION DISORDERS                                  AEDECOD                      HYPONATRAEMIA                                                       hierarchical n         n            0       0        <fn>    <NULL>  <NULL> stat_4    
1694 TRT01A Xanomeline Low Dose  AESOC  METABOLISM AND NUTRITION DISORDERS                                  AEDECOD                      HYPONATRAEMIA                                                       hierarchical N         N           96       96       <fn>    <NULL>  <NULL> stat_4    
1695 TRT01A Xanomeline Low Dose  AESOC  METABOLISM AND NUTRITION DISORDERS                                  AEDECOD                      HYPONATRAEMIA                                                       hierarchical p         %            0       0        <fn>    <NULL>  <NULL> stat_4    
1696 TRT01A Placebo              AESOC  METABOLISM AND NUTRITION DISORDERS                                  AEDECOD                      INCREASED APPETITE                                                  hierarchical n         n            1       1        <fn>    <NULL>  <NULL> stat_1    
1697 TRT01A Placebo              AESOC  METABOLISM AND NUTRITION DISORDERS                                  AEDECOD                      INCREASED APPETITE                                                  hierarchical N         N           86       86       <fn>    <NULL>  <NULL> stat_1    
1698 TRT01A Placebo              AESOC  METABOLISM AND NUTRITION DISORDERS                                  AEDECOD                      INCREASED APPETITE                                                  hierarchical p         %            0.0116  1.2      <fn>    <NULL>  <NULL> stat_1    
1699 TRT01A Total                AESOC  METABOLISM AND NUTRITION DISORDERS                                  AEDECOD                      INCREASED APPETITE                                                  hierarchical n         n            2       2        <fn>    <NULL>  <NULL> stat_2    
1700 TRT01A Total                AESOC  METABOLISM AND NUTRITION DISORDERS                                  AEDECOD                      INCREASED APPETITE                                                  hierarchical N         N          306       306      <fn>    <NULL>  <NULL> stat_2    
1701 TRT01A Total                AESOC  METABOLISM AND NUTRITION DISORDERS                                  AEDECOD                      INCREASED APPETITE                                                  hierarchical p         %            0.00654 0.7      <fn>    <NULL>  <NULL> stat_2    
1702 TRT01A Xanomeline High Dose AESOC  METABOLISM AND NUTRITION DISORDERS                                  AEDECOD                      INCREASED APPETITE                                                  hierarchical n         n            1       1        <fn>    <NULL>  <NULL> stat_3    
1703 TRT01A Xanomeline High Dose AESOC  METABOLISM AND NUTRITION DISORDERS                                  AEDECOD                      INCREASED APPETITE                                                  hierarchical N         N           72       72       <fn>    <NULL>  <NULL> stat_3    
1704 TRT01A Xanomeline High Dose AESOC  METABOLISM AND NUTRITION DISORDERS                                  AEDECOD                      INCREASED APPETITE                                                  hierarchical p         %            0.0139  1.4      <fn>    <NULL>  <NULL> stat_3    
1705 TRT01A Xanomeline Low Dose  AESOC  METABOLISM AND NUTRITION DISORDERS                                  AEDECOD                      INCREASED APPETITE                                                  hierarchical n         n            0       0        <fn>    <NULL>  <NULL> stat_4    
1706 TRT01A Xanomeline Low Dose  AESOC  METABOLISM AND NUTRITION DISORDERS                                  AEDECOD                      INCREASED APPETITE                                                  hierarchical N         N           96       96       <fn>    <NULL>  <NULL> stat_4    
1707 TRT01A Xanomeline Low Dose  AESOC  METABOLISM AND NUTRITION DISORDERS                                  AEDECOD                      INCREASED APPETITE                                                  hierarchical p         %            0       0        <fn>    <NULL>  <NULL> stat_4    
1708 TRT01A Placebo              <NA>   <NULL>                                                              AESOC                        MUSCULOSKELETAL AND CONNECTIVE TISSUE DISORDERS                     hierarchical n         n            4       4        <fn>    <NULL>  <NULL> stat_1    
1709 TRT01A Placebo              <NA>   <NULL>                                                              AESOC                        MUSCULOSKELETAL AND CONNECTIVE TISSUE DISORDERS                     hierarchical N         N           86       86       <fn>    <NULL>  <NULL> stat_1    
1710 TRT01A Placebo              <NA>   <NULL>                                                              AESOC                        MUSCULOSKELETAL AND CONNECTIVE TISSUE DISORDERS                     hierarchical p         %            0.0465  4.7      <fn>    <NULL>  <NULL> stat_1    
1711 TRT01A Total                <NA>   <NULL>                                                              AESOC                        MUSCULOSKELETAL AND CONNECTIVE TISSUE DISORDERS                     hierarchical n         n           18       18       <fn>    <NULL>  <NULL> stat_2    
1712 TRT01A Total                <NA>   <NULL>                                                              AESOC                        MUSCULOSKELETAL AND CONNECTIVE TISSUE DISORDERS                     hierarchical N         N          306       306      <fn>    <NULL>  <NULL> stat_2    
1713 TRT01A Total                <NA>   <NULL>                                                              AESOC                        MUSCULOSKELETAL AND CONNECTIVE TISSUE DISORDERS                     hierarchical p         %            0.0588  5.9      <fn>    <NULL>  <NULL> stat_2    
1714 TRT01A Xanomeline High Dose <NA>   <NULL>                                                              AESOC                        MUSCULOSKELETAL AND CONNECTIVE TISSUE DISORDERS                     hierarchical n         n            7       7        <fn>    <NULL>  <NULL> stat_3    
1715 TRT01A Xanomeline High Dose <NA>   <NULL>                                                              AESOC                        MUSCULOSKELETAL AND CONNECTIVE TISSUE DISORDERS                     hierarchical N         N           72       72       <fn>    <NULL>  <NULL> stat_3    
1716 TRT01A Xanomeline High Dose <NA>   <NULL>                                                              AESOC                        MUSCULOSKELETAL AND CONNECTIVE TISSUE DISORDERS                     hierarchical p         %            0.0972  9.7      <fn>    <NULL>  <NULL> stat_3    
1717 TRT01A Xanomeline Low Dose  <NA>   <NULL>                                                              AESOC                        MUSCULOSKELETAL AND CONNECTIVE TISSUE DISORDERS                     hierarchical n         n            7       7        <fn>    <NULL>  <NULL> stat_4    
1718 TRT01A Xanomeline Low Dose  <NA>   <NULL>                                                              AESOC                        MUSCULOSKELETAL AND CONNECTIVE TISSUE DISORDERS                     hierarchical N         N           96       96       <fn>    <NULL>  <NULL> stat_4    
1719 TRT01A Xanomeline Low Dose  <NA>   <NULL>                                                              AESOC                        MUSCULOSKELETAL AND CONNECTIVE TISSUE DISORDERS                     hierarchical p         %            0.0729  7.3      <fn>    <NULL>  <NULL> stat_4    
1720 TRT01A Placebo              AESOC  MUSCULOSKELETAL AND CONNECTIVE TISSUE DISORDERS                     AEDECOD                      ARTHRALGIA                                                          hierarchical n         n            1       1        <fn>    <NULL>  <NULL> stat_1    
1721 TRT01A Placebo              AESOC  MUSCULOSKELETAL AND CONNECTIVE TISSUE DISORDERS                     AEDECOD                      ARTHRALGIA                                                          hierarchical N         N           86       86       <fn>    <NULL>  <NULL> stat_1    
1722 TRT01A Placebo              AESOC  MUSCULOSKELETAL AND CONNECTIVE TISSUE DISORDERS                     AEDECOD                      ARTHRALGIA                                                          hierarchical p         %            0.0116  1.2      <fn>    <NULL>  <NULL> stat_1    
1723 TRT01A Total                AESOC  MUSCULOSKELETAL AND CONNECTIVE TISSUE DISORDERS                     AEDECOD                      ARTHRALGIA                                                          hierarchical n         n            4       4        <fn>    <NULL>  <NULL> stat_2    
1724 TRT01A Total                AESOC  MUSCULOSKELETAL AND CONNECTIVE TISSUE DISORDERS                     AEDECOD                      ARTHRALGIA                                                          hierarchical N         N          306       306      <fn>    <NULL>  <NULL> stat_2    
1725 TRT01A Total                AESOC  MUSCULOSKELETAL AND CONNECTIVE TISSUE DISORDERS                     AEDECOD                      ARTHRALGIA                                                          hierarchical p         %            0.0131  1.3      <fn>    <NULL>  <NULL> stat_2    
1726 TRT01A Xanomeline High Dose AESOC  MUSCULOSKELETAL AND CONNECTIVE TISSUE DISORDERS                     AEDECOD                      ARTHRALGIA                                                          hierarchical n         n            1       1        <fn>    <NULL>  <NULL> stat_3    
1727 TRT01A Xanomeline High Dose AESOC  MUSCULOSKELETAL AND CONNECTIVE TISSUE DISORDERS                     AEDECOD                      ARTHRALGIA                                                          hierarchical N         N           72       72       <fn>    <NULL>  <NULL> stat_3    
1728 TRT01A Xanomeline High Dose AESOC  MUSCULOSKELETAL AND CONNECTIVE TISSUE DISORDERS                     AEDECOD                      ARTHRALGIA                                                          hierarchical p         %            0.0139  1.4      <fn>    <NULL>  <NULL> stat_3    
1729 TRT01A Xanomeline Low Dose  AESOC  MUSCULOSKELETAL AND CONNECTIVE TISSUE DISORDERS                     AEDECOD                      ARTHRALGIA                                                          hierarchical n         n            2       2        <fn>    <NULL>  <NULL> stat_4    
1730 TRT01A Xanomeline Low Dose  AESOC  MUSCULOSKELETAL AND CONNECTIVE TISSUE DISORDERS                     AEDECOD                      ARTHRALGIA                                                          hierarchical N         N           96       96       <fn>    <NULL>  <NULL> stat_4    
1731 TRT01A Xanomeline Low Dose  AESOC  MUSCULOSKELETAL AND CONNECTIVE TISSUE DISORDERS                     AEDECOD                      ARTHRALGIA                                                          hierarchical p         %            0.0208  2.1      <fn>    <NULL>  <NULL> stat_4    
1732 TRT01A Placebo              AESOC  MUSCULOSKELETAL AND CONNECTIVE TISSUE DISORDERS                     AEDECOD                      ARTHRITIS                                                           hierarchical n         n            0       0        <fn>    <NULL>  <NULL> stat_1    
1733 TRT01A Placebo              AESOC  MUSCULOSKELETAL AND CONNECTIVE TISSUE DISORDERS                     AEDECOD                      ARTHRITIS                                                           hierarchical N         N           86       86       <fn>    <NULL>  <NULL> stat_1    
1734 TRT01A Placebo              AESOC  MUSCULOSKELETAL AND CONNECTIVE TISSUE DISORDERS                     AEDECOD                      ARTHRITIS                                                           hierarchical p         %            0       0        <fn>    <NULL>  <NULL> stat_1    
1735 TRT01A Total                AESOC  MUSCULOSKELETAL AND CONNECTIVE TISSUE DISORDERS                     AEDECOD                      ARTHRITIS                                                           hierarchical n         n            1       1        <fn>    <NULL>  <NULL> stat_2    
1736 TRT01A Total                AESOC  MUSCULOSKELETAL AND CONNECTIVE TISSUE DISORDERS                     AEDECOD                      ARTHRITIS                                                           hierarchical N         N          306       306      <fn>    <NULL>  <NULL> stat_2    
1737 TRT01A Total                AESOC  MUSCULOSKELETAL AND CONNECTIVE TISSUE DISORDERS                     AEDECOD                      ARTHRITIS                                                           hierarchical p         %            0.00327 0.3      <fn>    <NULL>  <NULL> stat_2    
1738 TRT01A Xanomeline High Dose AESOC  MUSCULOSKELETAL AND CONNECTIVE TISSUE DISORDERS                     AEDECOD                      ARTHRITIS                                                           hierarchical n         n            1       1        <fn>    <NULL>  <NULL> stat_3    
1739 TRT01A Xanomeline High Dose AESOC  MUSCULOSKELETAL AND CONNECTIVE TISSUE DISORDERS                     AEDECOD                      ARTHRITIS                                                           hierarchical N         N           72       72       <fn>    <NULL>  <NULL> stat_3    
1740 TRT01A Xanomeline High Dose AESOC  MUSCULOSKELETAL AND CONNECTIVE TISSUE DISORDERS                     AEDECOD                      ARTHRITIS                                                           hierarchical p         %            0.0139  1.4      <fn>    <NULL>  <NULL> stat_3    
1741 TRT01A Xanomeline Low Dose  AESOC  MUSCULOSKELETAL AND CONNECTIVE TISSUE DISORDERS                     AEDECOD                      ARTHRITIS                                                           hierarchical n         n            0       0        <fn>    <NULL>  <NULL> stat_4    
1742 TRT01A Xanomeline Low Dose  AESOC  MUSCULOSKELETAL AND CONNECTIVE TISSUE DISORDERS                     AEDECOD                      ARTHRITIS                                                           hierarchical N         N           96       96       <fn>    <NULL>  <NULL> stat_4    
1743 TRT01A Xanomeline Low Dose  AESOC  MUSCULOSKELETAL AND CONNECTIVE TISSUE DISORDERS                     AEDECOD                      ARTHRITIS                                                           hierarchical p         %            0       0        <fn>    <NULL>  <NULL> stat_4    
1744 TRT01A Placebo              AESOC  MUSCULOSKELETAL AND CONNECTIVE TISSUE DISORDERS                     AEDECOD                      BACK PAIN                                                           hierarchical n         n            1       1        <fn>    <NULL>  <NULL> stat_1    
1745 TRT01A Placebo              AESOC  MUSCULOSKELETAL AND CONNECTIVE TISSUE DISORDERS                     AEDECOD                      BACK PAIN                                                           hierarchical N         N           86       86       <fn>    <NULL>  <NULL> stat_1    
1746 TRT01A Placebo              AESOC  MUSCULOSKELETAL AND CONNECTIVE TISSUE DISORDERS                     AEDECOD                      BACK PAIN                                                           hierarchical p         %            0.0116  1.2      <fn>    <NULL>  <NULL> stat_1    
1747 TRT01A Total                AESOC  MUSCULOSKELETAL AND CONNECTIVE TISSUE DISORDERS                     AEDECOD                      BACK PAIN                                                           hierarchical n         n            5       5        <fn>    <NULL>  <NULL> stat_2    
1748 TRT01A Total                AESOC  MUSCULOSKELETAL AND CONNECTIVE TISSUE DISORDERS                     AEDECOD                      BACK PAIN                                                           hierarchical N         N          306       306      <fn>    <NULL>  <NULL> stat_2    
1749 TRT01A Total                AESOC  MUSCULOSKELETAL AND CONNECTIVE TISSUE DISORDERS                     AEDECOD                      BACK PAIN                                                           hierarchical p         %            0.0163  1.6      <fn>    <NULL>  <NULL> stat_2    
1750 TRT01A Xanomeline High Dose AESOC  MUSCULOSKELETAL AND CONNECTIVE TISSUE DISORDERS                     AEDECOD                      BACK PAIN                                                           hierarchical n         n            3       3        <fn>    <NULL>  <NULL> stat_3    
1751 TRT01A Xanomeline High Dose AESOC  MUSCULOSKELETAL AND CONNECTIVE TISSUE DISORDERS                     AEDECOD                      BACK PAIN                                                           hierarchical N         N           72       72       <fn>    <NULL>  <NULL> stat_3    
1752 TRT01A Xanomeline High Dose AESOC  MUSCULOSKELETAL AND CONNECTIVE TISSUE DISORDERS                     AEDECOD                      BACK PAIN                                                           hierarchical p         %            0.0417  4.2      <fn>    <NULL>  <NULL> stat_3    
1753 TRT01A Xanomeline Low Dose  AESOC  MUSCULOSKELETAL AND CONNECTIVE TISSUE DISORDERS                     AEDECOD                      BACK PAIN                                                           hierarchical n         n            1       1        <fn>    <NULL>  <NULL> stat_4    
1754 TRT01A Xanomeline Low Dose  AESOC  MUSCULOSKELETAL AND CONNECTIVE TISSUE DISORDERS                     AEDECOD                      BACK PAIN                                                           hierarchical N         N           96       96       <fn>    <NULL>  <NULL> stat_4    
1755 TRT01A Xanomeline Low Dose  AESOC  MUSCULOSKELETAL AND CONNECTIVE TISSUE DISORDERS                     AEDECOD                      BACK PAIN                                                           hierarchical p         %            0.0104  1.0      <fn>    <NULL>  <NULL> stat_4    
1756 TRT01A Placebo              AESOC  MUSCULOSKELETAL AND CONNECTIVE TISSUE DISORDERS                     AEDECOD                      FLANK PAIN                                                          hierarchical n         n            0       0        <fn>    <NULL>  <NULL> stat_1    
1757 TRT01A Placebo              AESOC  MUSCULOSKELETAL AND CONNECTIVE TISSUE DISORDERS                     AEDECOD                      FLANK PAIN                                                          hierarchical N         N           86       86       <fn>    <NULL>  <NULL> stat_1    
1758 TRT01A Placebo              AESOC  MUSCULOSKELETAL AND CONNECTIVE TISSUE DISORDERS                     AEDECOD                      FLANK PAIN                                                          hierarchical p         %            0       0        <fn>    <NULL>  <NULL> stat_1    
1759 TRT01A Total                AESOC  MUSCULOSKELETAL AND CONNECTIVE TISSUE DISORDERS                     AEDECOD                      FLANK PAIN                                                          hierarchical n         n            1       1        <fn>    <NULL>  <NULL> stat_2    
1760 TRT01A Total                AESOC  MUSCULOSKELETAL AND CONNECTIVE TISSUE DISORDERS                     AEDECOD                      FLANK PAIN                                                          hierarchical N         N          306       306      <fn>    <NULL>  <NULL> stat_2    
1761 TRT01A Total                AESOC  MUSCULOSKELETAL AND CONNECTIVE TISSUE DISORDERS                     AEDECOD                      FLANK PAIN                                                          hierarchical p         %            0.00327 0.3      <fn>    <NULL>  <NULL> stat_2    
1762 TRT01A Xanomeline High Dose AESOC  MUSCULOSKELETAL AND CONNECTIVE TISSUE DISORDERS                     AEDECOD                      FLANK PAIN                                                          hierarchical n         n            1       1        <fn>    <NULL>  <NULL> stat_3    
1763 TRT01A Xanomeline High Dose AESOC  MUSCULOSKELETAL AND CONNECTIVE TISSUE DISORDERS                     AEDECOD                      FLANK PAIN                                                          hierarchical N         N           72       72       <fn>    <NULL>  <NULL> stat_3    
1764 TRT01A Xanomeline High Dose AESOC  MUSCULOSKELETAL AND CONNECTIVE TISSUE DISORDERS                     AEDECOD                      FLANK PAIN                                                          hierarchical p         %            0.0139  1.4      <fn>    <NULL>  <NULL> stat_3    
1765 TRT01A Xanomeline Low Dose  AESOC  MUSCULOSKELETAL AND CONNECTIVE TISSUE DISORDERS                     AEDECOD                      FLANK PAIN                                                          hierarchical n         n            0       0        <fn>    <NULL>  <NULL> stat_4    
1766 TRT01A Xanomeline Low Dose  AESOC  MUSCULOSKELETAL AND CONNECTIVE TISSUE DISORDERS                     AEDECOD                      FLANK PAIN                                                          hierarchical N         N           96       96       <fn>    <NULL>  <NULL> stat_4    
1767 TRT01A Xanomeline Low Dose  AESOC  MUSCULOSKELETAL AND CONNECTIVE TISSUE DISORDERS                     AEDECOD                      FLANK PAIN                                                          hierarchical p         %            0       0        <fn>    <NULL>  <NULL> stat_4    
1768 TRT01A Placebo              AESOC  MUSCULOSKELETAL AND CONNECTIVE TISSUE DISORDERS                     AEDECOD                      MUSCLE SPASMS                                                       hierarchical n         n            0       0        <fn>    <NULL>  <NULL> stat_1    
1769 TRT01A Placebo              AESOC  MUSCULOSKELETAL AND CONNECTIVE TISSUE DISORDERS                     AEDECOD                      MUSCLE SPASMS                                                       hierarchical N         N           86       86       <fn>    <NULL>  <NULL> stat_1    
1770 TRT01A Placebo              AESOC  MUSCULOSKELETAL AND CONNECTIVE TISSUE DISORDERS                     AEDECOD                      MUSCLE SPASMS                                                       hierarchical p         %            0       0        <fn>    <NULL>  <NULL> stat_1    
1771 TRT01A Total                AESOC  MUSCULOSKELETAL AND CONNECTIVE TISSUE DISORDERS                     AEDECOD                      MUSCLE SPASMS                                                       hierarchical n         n            2       2        <fn>    <NULL>  <NULL> stat_2    
1772 TRT01A Total                AESOC  MUSCULOSKELETAL AND CONNECTIVE TISSUE DISORDERS                     AEDECOD                      MUSCLE SPASMS                                                       hierarchical N         N          306       306      <fn>    <NULL>  <NULL> stat_2    
1773 TRT01A Total                AESOC  MUSCULOSKELETAL AND CONNECTIVE TISSUE DISORDERS                     AEDECOD                      MUSCLE SPASMS                                                       hierarchical p         %            0.00654 0.7      <fn>    <NULL>  <NULL> stat_2    
1774 TRT01A Xanomeline High Dose AESOC  MUSCULOSKELETAL AND CONNECTIVE TISSUE DISORDERS                     AEDECOD                      MUSCLE SPASMS                                                       hierarchical n         n            1       1        <fn>    <NULL>  <NULL> stat_3    
1775 TRT01A Xanomeline High Dose AESOC  MUSCULOSKELETAL AND CONNECTIVE TISSUE DISORDERS                     AEDECOD                      MUSCLE SPASMS                                                       hierarchical N         N           72       72       <fn>    <NULL>  <NULL> stat_3    
1776 TRT01A Xanomeline High Dose AESOC  MUSCULOSKELETAL AND CONNECTIVE TISSUE DISORDERS                     AEDECOD                      MUSCLE SPASMS                                                       hierarchical p         %            0.0139  1.4      <fn>    <NULL>  <NULL> stat_3    
1777 TRT01A Xanomeline Low Dose  AESOC  MUSCULOSKELETAL AND CONNECTIVE TISSUE DISORDERS                     AEDECOD                      MUSCLE SPASMS                                                       hierarchical n         n            1       1        <fn>    <NULL>  <NULL> stat_4    
1778 TRT01A Xanomeline Low Dose  AESOC  MUSCULOSKELETAL AND CONNECTIVE TISSUE DISORDERS                     AEDECOD                      MUSCLE SPASMS                                                       hierarchical N         N           96       96       <fn>    <NULL>  <NULL> stat_4    
1779 TRT01A Xanomeline Low Dose  AESOC  MUSCULOSKELETAL AND CONNECTIVE TISSUE DISORDERS                     AEDECOD                      MUSCLE SPASMS                                                       hierarchical p         %            0.0104  1.0      <fn>    <NULL>  <NULL> stat_4    
1780 TRT01A Placebo              AESOC  MUSCULOSKELETAL AND CONNECTIVE TISSUE DISORDERS                     AEDECOD                      MUSCULAR WEAKNESS                                                   hierarchical n         n            0       0        <fn>    <NULL>  <NULL> stat_1    
1781 TRT01A Placebo              AESOC  MUSCULOSKELETAL AND CONNECTIVE TISSUE DISORDERS                     AEDECOD                      MUSCULAR WEAKNESS                                                   hierarchical N         N           86       86       <fn>    <NULL>  <NULL> stat_1    
1782 TRT01A Placebo              AESOC  MUSCULOSKELETAL AND CONNECTIVE TISSUE DISORDERS                     AEDECOD                      MUSCULAR WEAKNESS                                                   hierarchical p         %            0       0        <fn>    <NULL>  <NULL> stat_1    
1783 TRT01A Total                AESOC  MUSCULOSKELETAL AND CONNECTIVE TISSUE DISORDERS                     AEDECOD                      MUSCULAR WEAKNESS                                                   hierarchical n         n            1       1        <fn>    <NULL>  <NULL> stat_2    
1784 TRT01A Total                AESOC  MUSCULOSKELETAL AND CONNECTIVE TISSUE DISORDERS                     AEDECOD                      MUSCULAR WEAKNESS                                                   hierarchical N         N          306       306      <fn>    <NULL>  <NULL> stat_2    
1785 TRT01A Total                AESOC  MUSCULOSKELETAL AND CONNECTIVE TISSUE DISORDERS                     AEDECOD                      MUSCULAR WEAKNESS                                                   hierarchical p         %            0.00327 0.3      <fn>    <NULL>  <NULL> stat_2    
1786 TRT01A Xanomeline High Dose AESOC  MUSCULOSKELETAL AND CONNECTIVE TISSUE DISORDERS                     AEDECOD                      MUSCULAR WEAKNESS                                                   hierarchical n         n            0       0        <fn>    <NULL>  <NULL> stat_3    
1787 TRT01A Xanomeline High Dose AESOC  MUSCULOSKELETAL AND CONNECTIVE TISSUE DISORDERS                     AEDECOD                      MUSCULAR WEAKNESS                                                   hierarchical N         N           72       72       <fn>    <NULL>  <NULL> stat_3    
1788 TRT01A Xanomeline High Dose AESOC  MUSCULOSKELETAL AND CONNECTIVE TISSUE DISORDERS                     AEDECOD                      MUSCULAR WEAKNESS                                                   hierarchical p         %            0       0        <fn>    <NULL>  <NULL> stat_3    
1789 TRT01A Xanomeline Low Dose  AESOC  MUSCULOSKELETAL AND CONNECTIVE TISSUE DISORDERS                     AEDECOD                      MUSCULAR WEAKNESS                                                   hierarchical n         n            1       1        <fn>    <NULL>  <NULL> stat_4    
1790 TRT01A Xanomeline Low Dose  AESOC  MUSCULOSKELETAL AND CONNECTIVE TISSUE DISORDERS                     AEDECOD                      MUSCULAR WEAKNESS                                                   hierarchical N         N           96       96       <fn>    <NULL>  <NULL> stat_4    
1791 TRT01A Xanomeline Low Dose  AESOC  MUSCULOSKELETAL AND CONNECTIVE TISSUE DISORDERS                     AEDECOD                      MUSCULAR WEAKNESS                                                   hierarchical p         %            0.0104  1.0      <fn>    <NULL>  <NULL> stat_4    
1792 TRT01A Placebo              AESOC  MUSCULOSKELETAL AND CONNECTIVE TISSUE DISORDERS                     AEDECOD                      MYALGIA                                                             hierarchical n         n            0       0        <fn>    <NULL>  <NULL> stat_1    
1793 TRT01A Placebo              AESOC  MUSCULOSKELETAL AND CONNECTIVE TISSUE DISORDERS                     AEDECOD                      MYALGIA                                                             hierarchical N         N           86       86       <fn>    <NULL>  <NULL> stat_1    
1794 TRT01A Placebo              AESOC  MUSCULOSKELETAL AND CONNECTIVE TISSUE DISORDERS                     AEDECOD                      MYALGIA                                                             hierarchical p         %            0       0        <fn>    <NULL>  <NULL> stat_1    
1795 TRT01A Total                AESOC  MUSCULOSKELETAL AND CONNECTIVE TISSUE DISORDERS                     AEDECOD                      MYALGIA                                                             hierarchical n         n            1       1        <fn>    <NULL>  <NULL> stat_2    
1796 TRT01A Total                AESOC  MUSCULOSKELETAL AND CONNECTIVE TISSUE DISORDERS                     AEDECOD                      MYALGIA                                                             hierarchical N         N          306       306      <fn>    <NULL>  <NULL> stat_2    
1797 TRT01A Total                AESOC  MUSCULOSKELETAL AND CONNECTIVE TISSUE DISORDERS                     AEDECOD                      MYALGIA                                                             hierarchical p         %            0.00327 0.3      <fn>    <NULL>  <NULL> stat_2    
1798 TRT01A Xanomeline High Dose AESOC  MUSCULOSKELETAL AND CONNECTIVE TISSUE DISORDERS                     AEDECOD                      MYALGIA                                                             hierarchical n         n            1       1        <fn>    <NULL>  <NULL> stat_3    
1799 TRT01A Xanomeline High Dose AESOC  MUSCULOSKELETAL AND CONNECTIVE TISSUE DISORDERS                     AEDECOD                      MYALGIA                                                             hierarchical N         N           72       72       <fn>    <NULL>  <NULL> stat_3    
1800 TRT01A Xanomeline High Dose AESOC  MUSCULOSKELETAL AND CONNECTIVE TISSUE DISORDERS                     AEDECOD                      MYALGIA                                                             hierarchical p         %            0.0139  1.4      <fn>    <NULL>  <NULL> stat_3    
1801 TRT01A Xanomeline Low Dose  AESOC  MUSCULOSKELETAL AND CONNECTIVE TISSUE DISORDERS                     AEDECOD                      MYALGIA                                                             hierarchical n         n            0       0        <fn>    <NULL>  <NULL> stat_4    
1802 TRT01A Xanomeline Low Dose  AESOC  MUSCULOSKELETAL AND CONNECTIVE TISSUE DISORDERS                     AEDECOD                      MYALGIA                                                             hierarchical N         N           96       96       <fn>    <NULL>  <NULL> stat_4    
1803 TRT01A Xanomeline Low Dose  AESOC  MUSCULOSKELETAL AND CONNECTIVE TISSUE DISORDERS                     AEDECOD                      MYALGIA                                                             hierarchical p         %            0       0        <fn>    <NULL>  <NULL> stat_4    
1804 TRT01A Placebo              AESOC  MUSCULOSKELETAL AND CONNECTIVE TISSUE DISORDERS                     AEDECOD                      PAIN IN EXTREMITY                                                   hierarchical n         n            1       1        <fn>    <NULL>  <NULL> stat_1    
1805 TRT01A Placebo              AESOC  MUSCULOSKELETAL AND CONNECTIVE TISSUE DISORDERS                     AEDECOD                      PAIN IN EXTREMITY                                                   hierarchical N         N           86       86       <fn>    <NULL>  <NULL> stat_1    
1806 TRT01A Placebo              AESOC  MUSCULOSKELETAL AND CONNECTIVE TISSUE DISORDERS                     AEDECOD                      PAIN IN EXTREMITY                                                   hierarchical p         %            0.0116  1.2      <fn>    <NULL>  <NULL> stat_1    
1807 TRT01A Total                AESOC  MUSCULOSKELETAL AND CONNECTIVE TISSUE DISORDERS                     AEDECOD                      PAIN IN EXTREMITY                                                   hierarchical n         n            1       1        <fn>    <NULL>  <NULL> stat_2    
1808 TRT01A Total                AESOC  MUSCULOSKELETAL AND CONNECTIVE TISSUE DISORDERS                     AEDECOD                      PAIN IN EXTREMITY                                                   hierarchical N         N          306       306      <fn>    <NULL>  <NULL> stat_2    
1809 TRT01A Total                AESOC  MUSCULOSKELETAL AND CONNECTIVE TISSUE DISORDERS                     AEDECOD                      PAIN IN EXTREMITY                                                   hierarchical p         %            0.00327 0.3      <fn>    <NULL>  <NULL> stat_2    
1810 TRT01A Xanomeline High Dose AESOC  MUSCULOSKELETAL AND CONNECTIVE TISSUE DISORDERS                     AEDECOD                      PAIN IN EXTREMITY                                                   hierarchical n         n            0       0        <fn>    <NULL>  <NULL> stat_3    
1811 TRT01A Xanomeline High Dose AESOC  MUSCULOSKELETAL AND CONNECTIVE TISSUE DISORDERS                     AEDECOD                      PAIN IN EXTREMITY                                                   hierarchical N         N           72       72       <fn>    <NULL>  <NULL> stat_3    
1812 TRT01A Xanomeline High Dose AESOC  MUSCULOSKELETAL AND CONNECTIVE TISSUE DISORDERS                     AEDECOD                      PAIN IN EXTREMITY                                                   hierarchical p         %            0       0        <fn>    <NULL>  <NULL> stat_3    
1813 TRT01A Xanomeline Low Dose  AESOC  MUSCULOSKELETAL AND CONNECTIVE TISSUE DISORDERS                     AEDECOD                      PAIN IN EXTREMITY                                                   hierarchical n         n            0       0        <fn>    <NULL>  <NULL> stat_4    
1814 TRT01A Xanomeline Low Dose  AESOC  MUSCULOSKELETAL AND CONNECTIVE TISSUE DISORDERS                     AEDECOD                      PAIN IN EXTREMITY                                                   hierarchical N         N           96       96       <fn>    <NULL>  <NULL> stat_4    
1815 TRT01A Xanomeline Low Dose  AESOC  MUSCULOSKELETAL AND CONNECTIVE TISSUE DISORDERS                     AEDECOD                      PAIN IN EXTREMITY                                                   hierarchical p         %            0       0        <fn>    <NULL>  <NULL> stat_4    
1816 TRT01A Placebo              AESOC  MUSCULOSKELETAL AND CONNECTIVE TISSUE DISORDERS                     AEDECOD                      SHOULDER PAIN                                                       hierarchical n         n            1       1        <fn>    <NULL>  <NULL> stat_1    
1817 TRT01A Placebo              AESOC  MUSCULOSKELETAL AND CONNECTIVE TISSUE DISORDERS                     AEDECOD                      SHOULDER PAIN                                                       hierarchical N         N           86       86       <fn>    <NULL>  <NULL> stat_1    
1818 TRT01A Placebo              AESOC  MUSCULOSKELETAL AND CONNECTIVE TISSUE DISORDERS                     AEDECOD                      SHOULDER PAIN                                                       hierarchical p         %            0.0116  1.2      <fn>    <NULL>  <NULL> stat_1    
1819 TRT01A Total                AESOC  MUSCULOSKELETAL AND CONNECTIVE TISSUE DISORDERS                     AEDECOD                      SHOULDER PAIN                                                       hierarchical n         n            3       3        <fn>    <NULL>  <NULL> stat_2    
1820 TRT01A Total                AESOC  MUSCULOSKELETAL AND CONNECTIVE TISSUE DISORDERS                     AEDECOD                      SHOULDER PAIN                                                       hierarchical N         N          306       306      <fn>    <NULL>  <NULL> stat_2    
1821 TRT01A Total                AESOC  MUSCULOSKELETAL AND CONNECTIVE TISSUE DISORDERS                     AEDECOD                      SHOULDER PAIN                                                       hierarchical p         %            0.00980 1.0      <fn>    <NULL>  <NULL> stat_2    
1822 TRT01A Xanomeline High Dose AESOC  MUSCULOSKELETAL AND CONNECTIVE TISSUE DISORDERS                     AEDECOD                      SHOULDER PAIN                                                       hierarchical n         n            0       0        <fn>    <NULL>  <NULL> stat_3    
1823 TRT01A Xanomeline High Dose AESOC  MUSCULOSKELETAL AND CONNECTIVE TISSUE DISORDERS                     AEDECOD                      SHOULDER PAIN                                                       hierarchical N         N           72       72       <fn>    <NULL>  <NULL> stat_3    
1824 TRT01A Xanomeline High Dose AESOC  MUSCULOSKELETAL AND CONNECTIVE TISSUE DISORDERS                     AEDECOD                      SHOULDER PAIN                                                       hierarchical p         %            0       0        <fn>    <NULL>  <NULL> stat_3    
1825 TRT01A Xanomeline Low Dose  AESOC  MUSCULOSKELETAL AND CONNECTIVE TISSUE DISORDERS                     AEDECOD                      SHOULDER PAIN                                                       hierarchical n         n            2       2        <fn>    <NULL>  <NULL> stat_4    
1826 TRT01A Xanomeline Low Dose  AESOC  MUSCULOSKELETAL AND CONNECTIVE TISSUE DISORDERS                     AEDECOD                      SHOULDER PAIN                                                       hierarchical N         N           96       96       <fn>    <NULL>  <NULL> stat_4    
1827 TRT01A Xanomeline Low Dose  AESOC  MUSCULOSKELETAL AND CONNECTIVE TISSUE DISORDERS                     AEDECOD                      SHOULDER PAIN                                                       hierarchical p         %            0.0208  2.1      <fn>    <NULL>  <NULL> stat_4    
1828 TRT01A Placebo              <NA>   <NULL>                                                              AESOC                        NEOPLASMS BENIGN, MALIGNANT AND UNSPECIFIED (INCL CYSTS AND POLYPS) hierarchical n         n            0       0        <fn>    <NULL>  <NULL> stat_1    
1829 TRT01A Placebo              <NA>   <NULL>                                                              AESOC                        NEOPLASMS BENIGN, MALIGNANT AND UNSPECIFIED (INCL CYSTS AND POLYPS) hierarchical N         N           86       86       <fn>    <NULL>  <NULL> stat_1    
1830 TRT01A Placebo              <NA>   <NULL>                                                              AESOC                        NEOPLASMS BENIGN, MALIGNANT AND UNSPECIFIED (INCL CYSTS AND POLYPS) hierarchical p         %            0       0        <fn>    <NULL>  <NULL> stat_1    
1831 TRT01A Total                <NA>   <NULL>                                                              AESOC                        NEOPLASMS BENIGN, MALIGNANT AND UNSPECIFIED (INCL CYSTS AND POLYPS) hierarchical n         n            3       3        <fn>    <NULL>  <NULL> stat_2    
1832 TRT01A Total                <NA>   <NULL>                                                              AESOC                        NEOPLASMS BENIGN, MALIGNANT AND UNSPECIFIED (INCL CYSTS AND POLYPS) hierarchical N         N          306       306      <fn>    <NULL>  <NULL> stat_2    
1833 TRT01A Total                <NA>   <NULL>                                                              AESOC                        NEOPLASMS BENIGN, MALIGNANT AND UNSPECIFIED (INCL CYSTS AND POLYPS) hierarchical p         %            0.00980 1.0      <fn>    <NULL>  <NULL> stat_2    
1834 TRT01A Xanomeline High Dose <NA>   <NULL>                                                              AESOC                        NEOPLASMS BENIGN, MALIGNANT AND UNSPECIFIED (INCL CYSTS AND POLYPS) hierarchical n         n            1       1        <fn>    <NULL>  <NULL> stat_3    
1835 TRT01A Xanomeline High Dose <NA>   <NULL>                                                              AESOC                        NEOPLASMS BENIGN, MALIGNANT AND UNSPECIFIED (INCL CYSTS AND POLYPS) hierarchical N         N           72       72       <fn>    <NULL>  <NULL> stat_3    
1836 TRT01A Xanomeline High Dose <NA>   <NULL>                                                              AESOC                        NEOPLASMS BENIGN, MALIGNANT AND UNSPECIFIED (INCL CYSTS AND POLYPS) hierarchical p         %            0.0139  1.4      <fn>    <NULL>  <NULL> stat_3    
1837 TRT01A Xanomeline Low Dose  <NA>   <NULL>                                                              AESOC                        NEOPLASMS BENIGN, MALIGNANT AND UNSPECIFIED (INCL CYSTS AND POLYPS) hierarchical n         n            2       2        <fn>    <NULL>  <NULL> stat_4    
1838 TRT01A Xanomeline Low Dose  <NA>   <NULL>                                                              AESOC                        NEOPLASMS BENIGN, MALIGNANT AND UNSPECIFIED (INCL CYSTS AND POLYPS) hierarchical N         N           96       96       <fn>    <NULL>  <NULL> stat_4    
1839 TRT01A Xanomeline Low Dose  <NA>   <NULL>                                                              AESOC                        NEOPLASMS BENIGN, MALIGNANT AND UNSPECIFIED (INCL CYSTS AND POLYPS) hierarchical p         %            0.0208  2.1      <fn>    <NULL>  <NULL> stat_4    
1840 TRT01A Placebo              AESOC  NEOPLASMS BENIGN, MALIGNANT AND UNSPECIFIED (INCL CYSTS AND POLYPS) AEDECOD                      COLON CANCER                                                        hierarchical n         n            0       0        <fn>    <NULL>  <NULL> stat_1    
1841 TRT01A Placebo              AESOC  NEOPLASMS BENIGN, MALIGNANT AND UNSPECIFIED (INCL CYSTS AND POLYPS) AEDECOD                      COLON CANCER                                                        hierarchical N         N           86       86       <fn>    <NULL>  <NULL> stat_1    
1842 TRT01A Placebo              AESOC  NEOPLASMS BENIGN, MALIGNANT AND UNSPECIFIED (INCL CYSTS AND POLYPS) AEDECOD                      COLON CANCER                                                        hierarchical p         %            0       0        <fn>    <NULL>  <NULL> stat_1    
1843 TRT01A Total                AESOC  NEOPLASMS BENIGN, MALIGNANT AND UNSPECIFIED (INCL CYSTS AND POLYPS) AEDECOD                      COLON CANCER                                                        hierarchical n         n            1       1        <fn>    <NULL>  <NULL> stat_2    
1844 TRT01A Total                AESOC  NEOPLASMS BENIGN, MALIGNANT AND UNSPECIFIED (INCL CYSTS AND POLYPS) AEDECOD                      COLON CANCER                                                        hierarchical N         N          306       306      <fn>    <NULL>  <NULL> stat_2    
1845 TRT01A Total                AESOC  NEOPLASMS BENIGN, MALIGNANT AND UNSPECIFIED (INCL CYSTS AND POLYPS) AEDECOD                      COLON CANCER                                                        hierarchical p         %            0.00327 0.3      <fn>    <NULL>  <NULL> stat_2    
1846 TRT01A Xanomeline High Dose AESOC  NEOPLASMS BENIGN, MALIGNANT AND UNSPECIFIED (INCL CYSTS AND POLYPS) AEDECOD                      COLON CANCER                                                        hierarchical n         n            0       0        <fn>    <NULL>  <NULL> stat_3    
1847 TRT01A Xanomeline High Dose AESOC  NEOPLASMS BENIGN, MALIGNANT AND UNSPECIFIED (INCL CYSTS AND POLYPS) AEDECOD                      COLON CANCER                                                        hierarchical N         N           72       72       <fn>    <NULL>  <NULL> stat_3    
1848 TRT01A Xanomeline High Dose AESOC  NEOPLASMS BENIGN, MALIGNANT AND UNSPECIFIED (INCL CYSTS AND POLYPS) AEDECOD                      COLON CANCER                                                        hierarchical p         %            0       0        <fn>    <NULL>  <NULL> stat_3    
1849 TRT01A Xanomeline Low Dose  AESOC  NEOPLASMS BENIGN, MALIGNANT AND UNSPECIFIED (INCL CYSTS AND POLYPS) AEDECOD                      COLON CANCER                                                        hierarchical n         n            1       1        <fn>    <NULL>  <NULL> stat_4    
1850 TRT01A Xanomeline Low Dose  AESOC  NEOPLASMS BENIGN, MALIGNANT AND UNSPECIFIED (INCL CYSTS AND POLYPS) AEDECOD                      COLON CANCER                                                        hierarchical N         N           96       96       <fn>    <NULL>  <NULL> stat_4    
1851 TRT01A Xanomeline Low Dose  AESOC  NEOPLASMS BENIGN, MALIGNANT AND UNSPECIFIED (INCL CYSTS AND POLYPS) AEDECOD                      COLON CANCER                                                        hierarchical p         %            0.0104  1.0      <fn>    <NULL>  <NULL> stat_4    
1852 TRT01A Placebo              AESOC  NEOPLASMS BENIGN, MALIGNANT AND UNSPECIFIED (INCL CYSTS AND POLYPS) AEDECOD                      MALIGNANT FIBROUS HISTIOCYTOMA                                      hierarchical n         n            0       0        <fn>    <NULL>  <NULL> stat_1    
1853 TRT01A Placebo              AESOC  NEOPLASMS BENIGN, MALIGNANT AND UNSPECIFIED (INCL CYSTS AND POLYPS) AEDECOD                      MALIGNANT FIBROUS HISTIOCYTOMA                                      hierarchical N         N           86       86       <fn>    <NULL>  <NULL> stat_1    
1854 TRT01A Placebo              AESOC  NEOPLASMS BENIGN, MALIGNANT AND UNSPECIFIED (INCL CYSTS AND POLYPS) AEDECOD                      MALIGNANT FIBROUS HISTIOCYTOMA                                      hierarchical p         %            0       0        <fn>    <NULL>  <NULL> stat_1    
1855 TRT01A Total                AESOC  NEOPLASMS BENIGN, MALIGNANT AND UNSPECIFIED (INCL CYSTS AND POLYPS) AEDECOD                      MALIGNANT FIBROUS HISTIOCYTOMA                                      hierarchical n         n            1       1        <fn>    <NULL>  <NULL> stat_2    
1856 TRT01A Total                AESOC  NEOPLASMS BENIGN, MALIGNANT AND UNSPECIFIED (INCL CYSTS AND POLYPS) AEDECOD                      MALIGNANT FIBROUS HISTIOCYTOMA                                      hierarchical N         N          306       306      <fn>    <NULL>  <NULL> stat_2    
1857 TRT01A Total                AESOC  NEOPLASMS BENIGN, MALIGNANT AND UNSPECIFIED (INCL CYSTS AND POLYPS) AEDECOD                      MALIGNANT FIBROUS HISTIOCYTOMA                                      hierarchical p         %            0.00327 0.3      <fn>    <NULL>  <NULL> stat_2    
1858 TRT01A Xanomeline High Dose AESOC  NEOPLASMS BENIGN, MALIGNANT AND UNSPECIFIED (INCL CYSTS AND POLYPS) AEDECOD                      MALIGNANT FIBROUS HISTIOCYTOMA                                      hierarchical n         n            0       0        <fn>    <NULL>  <NULL> stat_3    
1859 TRT01A Xanomeline High Dose AESOC  NEOPLASMS BENIGN, MALIGNANT AND UNSPECIFIED (INCL CYSTS AND POLYPS) AEDECOD                      MALIGNANT FIBROUS HISTIOCYTOMA                                      hierarchical N         N           72       72       <fn>    <NULL>  <NULL> stat_3    
1860 TRT01A Xanomeline High Dose AESOC  NEOPLASMS BENIGN, MALIGNANT AND UNSPECIFIED (INCL CYSTS AND POLYPS) AEDECOD                      MALIGNANT FIBROUS HISTIOCYTOMA                                      hierarchical p         %            0       0        <fn>    <NULL>  <NULL> stat_3    
1861 TRT01A Xanomeline Low Dose  AESOC  NEOPLASMS BENIGN, MALIGNANT AND UNSPECIFIED (INCL CYSTS AND POLYPS) AEDECOD                      MALIGNANT FIBROUS HISTIOCYTOMA                                      hierarchical n         n            1       1        <fn>    <NULL>  <NULL> stat_4    
1862 TRT01A Xanomeline Low Dose  AESOC  NEOPLASMS BENIGN, MALIGNANT AND UNSPECIFIED (INCL CYSTS AND POLYPS) AEDECOD                      MALIGNANT FIBROUS HISTIOCYTOMA                                      hierarchical N         N           96       96       <fn>    <NULL>  <NULL> stat_4    
1863 TRT01A Xanomeline Low Dose  AESOC  NEOPLASMS BENIGN, MALIGNANT AND UNSPECIFIED (INCL CYSTS AND POLYPS) AEDECOD                      MALIGNANT FIBROUS HISTIOCYTOMA                                      hierarchical p         %            0.0104  1.0      <fn>    <NULL>  <NULL> stat_4    
1864 TRT01A Placebo              AESOC  NEOPLASMS BENIGN, MALIGNANT AND UNSPECIFIED (INCL CYSTS AND POLYPS) AEDECOD                      PROSTATE CANCER                                                     hierarchical n         n            0       0        <fn>    <NULL>  <NULL> stat_1    
1865 TRT01A Placebo              AESOC  NEOPLASMS BENIGN, MALIGNANT AND UNSPECIFIED (INCL CYSTS AND POLYPS) AEDECOD                      PROSTATE CANCER                                                     hierarchical N         N           86       86       <fn>    <NULL>  <NULL> stat_1    
1866 TRT01A Placebo              AESOC  NEOPLASMS BENIGN, MALIGNANT AND UNSPECIFIED (INCL CYSTS AND POLYPS) AEDECOD                      PROSTATE CANCER                                                     hierarchical p         %            0       0        <fn>    <NULL>  <NULL> stat_1    
1867 TRT01A Total                AESOC  NEOPLASMS BENIGN, MALIGNANT AND UNSPECIFIED (INCL CYSTS AND POLYPS) AEDECOD                      PROSTATE CANCER                                                     hierarchical n         n            1       1        <fn>    <NULL>  <NULL> stat_2    
1868 TRT01A Total                AESOC  NEOPLASMS BENIGN, MALIGNANT AND UNSPECIFIED (INCL CYSTS AND POLYPS) AEDECOD                      PROSTATE CANCER                                                     hierarchical N         N          306       306      <fn>    <NULL>  <NULL> stat_2    
1869 TRT01A Total                AESOC  NEOPLASMS BENIGN, MALIGNANT AND UNSPECIFIED (INCL CYSTS AND POLYPS) AEDECOD                      PROSTATE CANCER                                                     hierarchical p         %            0.00327 0.3      <fn>    <NULL>  <NULL> stat_2    
1870 TRT01A Xanomeline High Dose AESOC  NEOPLASMS BENIGN, MALIGNANT AND UNSPECIFIED (INCL CYSTS AND POLYPS) AEDECOD                      PROSTATE CANCER                                                     hierarchical n         n            1       1        <fn>    <NULL>  <NULL> stat_3    
1871 TRT01A Xanomeline High Dose AESOC  NEOPLASMS BENIGN, MALIGNANT AND UNSPECIFIED (INCL CYSTS AND POLYPS) AEDECOD                      PROSTATE CANCER                                                     hierarchical N         N           72       72       <fn>    <NULL>  <NULL> stat_3    
1872 TRT01A Xanomeline High Dose AESOC  NEOPLASMS BENIGN, MALIGNANT AND UNSPECIFIED (INCL CYSTS AND POLYPS) AEDECOD                      PROSTATE CANCER                                                     hierarchical p         %            0.0139  1.4      <fn>    <NULL>  <NULL> stat_3    
1873 TRT01A Xanomeline Low Dose  AESOC  NEOPLASMS BENIGN, MALIGNANT AND UNSPECIFIED (INCL CYSTS AND POLYPS) AEDECOD                      PROSTATE CANCER                                                     hierarchical n         n            0       0        <fn>    <NULL>  <NULL> stat_4    
1874 TRT01A Xanomeline Low Dose  AESOC  NEOPLASMS BENIGN, MALIGNANT AND UNSPECIFIED (INCL CYSTS AND POLYPS) AEDECOD                      PROSTATE CANCER                                                     hierarchical N         N           96       96       <fn>    <NULL>  <NULL> stat_4    
1875 TRT01A Xanomeline Low Dose  AESOC  NEOPLASMS BENIGN, MALIGNANT AND UNSPECIFIED (INCL CYSTS AND POLYPS) AEDECOD                      PROSTATE CANCER                                                     hierarchical p         %            0       0        <fn>    <NULL>  <NULL> stat_4    
1876 TRT01A Placebo              <NA>   <NULL>                                                              AESOC                        NERVOUS SYSTEM DISORDERS                                            hierarchical n         n            8       8        <fn>    <NULL>  <NULL> stat_1    
1877 TRT01A Placebo              <NA>   <NULL>                                                              AESOC                        NERVOUS SYSTEM DISORDERS                                            hierarchical N         N           86       86       <fn>    <NULL>  <NULL> stat_1    
1878 TRT01A Placebo              <NA>   <NULL>                                                              AESOC                        NERVOUS SYSTEM DISORDERS                                            hierarchical p         %            0.0930  9.3      <fn>    <NULL>  <NULL> stat_1    
1879 TRT01A Total                <NA>   <NULL>                                                              AESOC                        NERVOUS SYSTEM DISORDERS                                            hierarchical n         n           53       53       <fn>    <NULL>  <NULL> stat_2    
1880 TRT01A Total                <NA>   <NULL>                                                              AESOC                        NERVOUS SYSTEM DISORDERS                                            hierarchical N         N          306       306      <fn>    <NULL>  <NULL> stat_2    
1881 TRT01A Total                <NA>   <NULL>                                                              AESOC                        NERVOUS SYSTEM DISORDERS                                            hierarchical p         %            0.173   17       <fn>    <NULL>  <NULL> stat_2    
1882 TRT01A Xanomeline High Dose <NA>   <NULL>                                                              AESOC                        NERVOUS SYSTEM DISORDERS                                            hierarchical n         n           23       23       <fn>    <NULL>  <NULL> stat_3    
1883 TRT01A Xanomeline High Dose <NA>   <NULL>                                                              AESOC                        NERVOUS SYSTEM DISORDERS                                            hierarchical N         N           72       72       <fn>    <NULL>  <NULL> stat_3    
1884 TRT01A Xanomeline High Dose <NA>   <NULL>                                                              AESOC                        NERVOUS SYSTEM DISORDERS                                            hierarchical p         %            0.319   32       <fn>    <NULL>  <NULL> stat_3    
1885 TRT01A Xanomeline Low Dose  <NA>   <NULL>                                                              AESOC                        NERVOUS SYSTEM DISORDERS                                            hierarchical n         n           22       22       <fn>    <NULL>  <NULL> stat_4    
1886 TRT01A Xanomeline Low Dose  <NA>   <NULL>                                                              AESOC                        NERVOUS SYSTEM DISORDERS                                            hierarchical N         N           96       96       <fn>    <NULL>  <NULL> stat_4    
1887 TRT01A Xanomeline Low Dose  <NA>   <NULL>                                                              AESOC                        NERVOUS SYSTEM DISORDERS                                            hierarchical p         %            0.229   23       <fn>    <NULL>  <NULL> stat_4    
1888 TRT01A Placebo              AESOC  NERVOUS SYSTEM DISORDERS                                            AEDECOD                      AMNESIA                                                             hierarchical n         n            0       0        <fn>    <NULL>  <NULL> stat_1    
1889 TRT01A Placebo              AESOC  NERVOUS SYSTEM DISORDERS                                            AEDECOD                      AMNESIA                                                             hierarchical N         N           86       86       <fn>    <NULL>  <NULL> stat_1    
1890 TRT01A Placebo              AESOC  NERVOUS SYSTEM DISORDERS                                            AEDECOD                      AMNESIA                                                             hierarchical p         %            0       0        <fn>    <NULL>  <NULL> stat_1    
1891 TRT01A Total                AESOC  NERVOUS SYSTEM DISORDERS                                            AEDECOD                      AMNESIA                                                             hierarchical n         n            1       1        <fn>    <NULL>  <NULL> stat_2    
1892 TRT01A Total                AESOC  NERVOUS SYSTEM DISORDERS                                            AEDECOD                      AMNESIA                                                             hierarchical N         N          306       306      <fn>    <NULL>  <NULL> stat_2    
1893 TRT01A Total                AESOC  NERVOUS SYSTEM DISORDERS                                            AEDECOD                      AMNESIA                                                             hierarchical p         %            0.00327 0.3      <fn>    <NULL>  <NULL> stat_2    
1894 TRT01A Xanomeline High Dose AESOC  NERVOUS SYSTEM DISORDERS                                            AEDECOD                      AMNESIA                                                             hierarchical n         n            1       1        <fn>    <NULL>  <NULL> stat_3    
1895 TRT01A Xanomeline High Dose AESOC  NERVOUS SYSTEM DISORDERS                                            AEDECOD                      AMNESIA                                                             hierarchical N         N           72       72       <fn>    <NULL>  <NULL> stat_3    
1896 TRT01A Xanomeline High Dose AESOC  NERVOUS SYSTEM DISORDERS                                            AEDECOD                      AMNESIA                                                             hierarchical p         %            0.0139  1.4      <fn>    <NULL>  <NULL> stat_3    
1897 TRT01A Xanomeline Low Dose  AESOC  NERVOUS SYSTEM DISORDERS                                            AEDECOD                      AMNESIA                                                             hierarchical n         n            0       0        <fn>    <NULL>  <NULL> stat_4    
1898 TRT01A Xanomeline Low Dose  AESOC  NERVOUS SYSTEM DISORDERS                                            AEDECOD                      AMNESIA                                                             hierarchical N         N           96       96       <fn>    <NULL>  <NULL> stat_4    
1899 TRT01A Xanomeline Low Dose  AESOC  NERVOUS SYSTEM DISORDERS                                            AEDECOD                      AMNESIA                                                             hierarchical p         %            0       0        <fn>    <NULL>  <NULL> stat_4    
1900 TRT01A Placebo              AESOC  NERVOUS SYSTEM DISORDERS                                            AEDECOD                      BALANCE DISORDER                                                    hierarchical n         n            0       0        <fn>    <NULL>  <NULL> stat_1    
1901 TRT01A Placebo              AESOC  NERVOUS SYSTEM DISORDERS                                            AEDECOD                      BALANCE DISORDER                                                    hierarchical N         N           86       86       <fn>    <NULL>  <NULL> stat_1    
1902 TRT01A Placebo              AESOC  NERVOUS SYSTEM DISORDERS                                            AEDECOD                      BALANCE DISORDER                                                    hierarchical p         %            0       0        <fn>    <NULL>  <NULL> stat_1    
1903 TRT01A Total                AESOC  NERVOUS SYSTEM DISORDERS                                            AEDECOD                      BALANCE DISORDER                                                    hierarchical n         n            1       1        <fn>    <NULL>  <NULL> stat_2    
1904 TRT01A Total                AESOC  NERVOUS SYSTEM DISORDERS                                            AEDECOD                      BALANCE DISORDER                                                    hierarchical N         N          306       306      <fn>    <NULL>  <NULL> stat_2    
1905 TRT01A Total                AESOC  NERVOUS SYSTEM DISORDERS                                            AEDECOD                      BALANCE DISORDER                                                    hierarchical p         %            0.00327 0.3      <fn>    <NULL>  <NULL> stat_2    
1906 TRT01A Xanomeline High Dose AESOC  NERVOUS SYSTEM DISORDERS                                            AEDECOD                      BALANCE DISORDER                                                    hierarchical n         n            0       0        <fn>    <NULL>  <NULL> stat_3    
1907 TRT01A Xanomeline High Dose AESOC  NERVOUS SYSTEM DISORDERS                                            AEDECOD                      BALANCE DISORDER                                                    hierarchical N         N           72       72       <fn>    <NULL>  <NULL> stat_3    
1908 TRT01A Xanomeline High Dose AESOC  NERVOUS SYSTEM DISORDERS                                            AEDECOD                      BALANCE DISORDER                                                    hierarchical p         %            0       0        <fn>    <NULL>  <NULL> stat_3    
1909 TRT01A Xanomeline Low Dose  AESOC  NERVOUS SYSTEM DISORDERS                                            AEDECOD                      BALANCE DISORDER                                                    hierarchical n         n            1       1        <fn>    <NULL>  <NULL> stat_4    
1910 TRT01A Xanomeline Low Dose  AESOC  NERVOUS SYSTEM DISORDERS                                            AEDECOD                      BALANCE DISORDER                                                    hierarchical N         N           96       96       <fn>    <NULL>  <NULL> stat_4    
1911 TRT01A Xanomeline Low Dose  AESOC  NERVOUS SYSTEM DISORDERS                                            AEDECOD                      BALANCE DISORDER                                                    hierarchical p         %            0.0104  1.0      <fn>    <NULL>  <NULL> stat_4    
1912 TRT01A Placebo              AESOC  NERVOUS SYSTEM DISORDERS                                            AEDECOD                      BURNING SENSATION                                                   hierarchical n         n            0       0        <fn>    <NULL>  <NULL> stat_1    
1913 TRT01A Placebo              AESOC  NERVOUS SYSTEM DISORDERS                                            AEDECOD                      BURNING SENSATION                                                   hierarchical N         N           86       86       <fn>    <NULL>  <NULL> stat_1    
1914 TRT01A Placebo              AESOC  NERVOUS SYSTEM DISORDERS                                            AEDECOD                      BURNING SENSATION                                                   hierarchical p         %            0       0        <fn>    <NULL>  <NULL> stat_1    
1915 TRT01A Total                AESOC  NERVOUS SYSTEM DISORDERS                                            AEDECOD                      BURNING SENSATION                                                   hierarchical n         n            2       2        <fn>    <NULL>  <NULL> stat_2    
1916 TRT01A Total                AESOC  NERVOUS SYSTEM DISORDERS                                            AEDECOD                      BURNING SENSATION                                                   hierarchical N         N          306       306      <fn>    <NULL>  <NULL> stat_2    
1917 TRT01A Total                AESOC  NERVOUS SYSTEM DISORDERS                                            AEDECOD                      BURNING SENSATION                                                   hierarchical p         %            0.00654 0.7      <fn>    <NULL>  <NULL> stat_2    
1918 TRT01A Xanomeline High Dose AESOC  NERVOUS SYSTEM DISORDERS                                            AEDECOD                      BURNING SENSATION                                                   hierarchical n         n            2       2        <fn>    <NULL>  <NULL> stat_3    
1919 TRT01A Xanomeline High Dose AESOC  NERVOUS SYSTEM DISORDERS                                            AEDECOD                      BURNING SENSATION                                                   hierarchical N         N           72       72       <fn>    <NULL>  <NULL> stat_3    
1920 TRT01A Xanomeline High Dose AESOC  NERVOUS SYSTEM DISORDERS                                            AEDECOD                      BURNING SENSATION                                                   hierarchical p         %            0.0278  2.8      <fn>    <NULL>  <NULL> stat_3    
1921 TRT01A Xanomeline Low Dose  AESOC  NERVOUS SYSTEM DISORDERS                                            AEDECOD                      BURNING SENSATION                                                   hierarchical n         n            0       0        <fn>    <NULL>  <NULL> stat_4    
1922 TRT01A Xanomeline Low Dose  AESOC  NERVOUS SYSTEM DISORDERS                                            AEDECOD                      BURNING SENSATION                                                   hierarchical N         N           96       96       <fn>    <NULL>  <NULL> stat_4    
1923 TRT01A Xanomeline Low Dose  AESOC  NERVOUS SYSTEM DISORDERS                                            AEDECOD                      BURNING SENSATION                                                   hierarchical p         %            0       0        <fn>    <NULL>  <NULL> stat_4    
1924 TRT01A Placebo              AESOC  NERVOUS SYSTEM DISORDERS                                            AEDECOD                      COGNITIVE DISORDER                                                  hierarchical n         n            0       0        <fn>    <NULL>  <NULL> stat_1    
1925 TRT01A Placebo              AESOC  NERVOUS SYSTEM DISORDERS                                            AEDECOD                      COGNITIVE DISORDER                                                  hierarchical N         N           86       86       <fn>    <NULL>  <NULL> stat_1    
1926 TRT01A Placebo              AESOC  NERVOUS SYSTEM DISORDERS                                            AEDECOD                      COGNITIVE DISORDER                                                  hierarchical p         %            0       0        <fn>    <NULL>  <NULL> stat_1    
1927 TRT01A Total                AESOC  NERVOUS SYSTEM DISORDERS                                            AEDECOD                      COGNITIVE DISORDER                                                  hierarchical n         n            1       1        <fn>    <NULL>  <NULL> stat_2    
1928 TRT01A Total                AESOC  NERVOUS SYSTEM DISORDERS                                            AEDECOD                      COGNITIVE DISORDER                                                  hierarchical N         N          306       306      <fn>    <NULL>  <NULL> stat_2    
1929 TRT01A Total                AESOC  NERVOUS SYSTEM DISORDERS                                            AEDECOD                      COGNITIVE DISORDER                                                  hierarchical p         %            0.00327 0.3      <fn>    <NULL>  <NULL> stat_2    
1930 TRT01A Xanomeline High Dose AESOC  NERVOUS SYSTEM DISORDERS                                            AEDECOD                      COGNITIVE DISORDER                                                  hierarchical n         n            1       1        <fn>    <NULL>  <NULL> stat_3    
1931 TRT01A Xanomeline High Dose AESOC  NERVOUS SYSTEM DISORDERS                                            AEDECOD                      COGNITIVE DISORDER                                                  hierarchical N         N           72       72       <fn>    <NULL>  <NULL> stat_3    
1932 TRT01A Xanomeline High Dose AESOC  NERVOUS SYSTEM DISORDERS                                            AEDECOD                      COGNITIVE DISORDER                                                  hierarchical p         %            0.0139  1.4      <fn>    <NULL>  <NULL> stat_3    
1933 TRT01A Xanomeline Low Dose  AESOC  NERVOUS SYSTEM DISORDERS                                            AEDECOD                      COGNITIVE DISORDER                                                  hierarchical n         n            0       0        <fn>    <NULL>  <NULL> stat_4    
1934 TRT01A Xanomeline Low Dose  AESOC  NERVOUS SYSTEM DISORDERS                                            AEDECOD                      COGNITIVE DISORDER                                                  hierarchical N         N           96       96       <fn>    <NULL>  <NULL> stat_4    
1935 TRT01A Xanomeline Low Dose  AESOC  NERVOUS SYSTEM DISORDERS                                            AEDECOD                      COGNITIVE DISORDER                                                  hierarchical p         %            0       0        <fn>    <NULL>  <NULL> stat_4    
1936 TRT01A Placebo              AESOC  NERVOUS SYSTEM DISORDERS                                            AEDECOD                      COMPLEX PARTIAL SEIZURES                                            hierarchical n         n            0       0        <fn>    <NULL>  <NULL> stat_1    
1937 TRT01A Placebo              AESOC  NERVOUS SYSTEM DISORDERS                                            AEDECOD                      COMPLEX PARTIAL SEIZURES                                            hierarchical N         N           86       86       <fn>    <NULL>  <NULL> stat_1    
1938 TRT01A Placebo              AESOC  NERVOUS SYSTEM DISORDERS                                            AEDECOD                      COMPLEX PARTIAL SEIZURES                                            hierarchical p         %            0       0        <fn>    <NULL>  <NULL> stat_1    
1939 TRT01A Total                AESOC  NERVOUS SYSTEM DISORDERS                                            AEDECOD                      COMPLEX PARTIAL SEIZURES                                            hierarchical n         n            1       1        <fn>    <NULL>  <NULL> stat_2    
1940 TRT01A Total                AESOC  NERVOUS SYSTEM DISORDERS                                            AEDECOD                      COMPLEX PARTIAL SEIZURES                                            hierarchical N         N          306       306      <fn>    <NULL>  <NULL> stat_2    
1941 TRT01A Total                AESOC  NERVOUS SYSTEM DISORDERS                                            AEDECOD                      COMPLEX PARTIAL SEIZURES                                            hierarchical p         %            0.00327 0.3      <fn>    <NULL>  <NULL> stat_2    
1942 TRT01A Xanomeline High Dose AESOC  NERVOUS SYSTEM DISORDERS                                            AEDECOD                      COMPLEX PARTIAL SEIZURES                                            hierarchical n         n            0       0        <fn>    <NULL>  <NULL> stat_3    
1943 TRT01A Xanomeline High Dose AESOC  NERVOUS SYSTEM DISORDERS                                            AEDECOD                      COMPLEX PARTIAL SEIZURES                                            hierarchical N         N           72       72       <fn>    <NULL>  <NULL> stat_3    
1944 TRT01A Xanomeline High Dose AESOC  NERVOUS SYSTEM DISORDERS                                            AEDECOD                      COMPLEX PARTIAL SEIZURES                                            hierarchical p         %            0       0        <fn>    <NULL>  <NULL> stat_3    
1945 TRT01A Xanomeline Low Dose  AESOC  NERVOUS SYSTEM DISORDERS                                            AEDECOD                      COMPLEX PARTIAL SEIZURES                                            hierarchical n         n            1       1        <fn>    <NULL>  <NULL> stat_4    
1946 TRT01A Xanomeline Low Dose  AESOC  NERVOUS SYSTEM DISORDERS                                            AEDECOD                      COMPLEX PARTIAL SEIZURES                                            hierarchical N         N           96       96       <fn>    <NULL>  <NULL> stat_4    
1947 TRT01A Xanomeline Low Dose  AESOC  NERVOUS SYSTEM DISORDERS                                            AEDECOD                      COMPLEX PARTIAL SEIZURES                                            hierarchical p         %            0.0104  1.0      <fn>    <NULL>  <NULL> stat_4    
1948 TRT01A Placebo              AESOC  NERVOUS SYSTEM DISORDERS                                            AEDECOD                      COORDINATION ABNORMAL                                               hierarchical n         n            0       0        <fn>    <NULL>  <NULL> stat_1    
1949 TRT01A Placebo              AESOC  NERVOUS SYSTEM DISORDERS                                            AEDECOD                      COORDINATION ABNORMAL                                               hierarchical N         N           86       86       <fn>    <NULL>  <NULL> stat_1    
1950 TRT01A Placebo              AESOC  NERVOUS SYSTEM DISORDERS                                            AEDECOD                      COORDINATION ABNORMAL                                               hierarchical p         %            0       0        <fn>    <NULL>  <NULL> stat_1    
1951 TRT01A Total                AESOC  NERVOUS SYSTEM DISORDERS                                            AEDECOD                      COORDINATION ABNORMAL                                               hierarchical n         n            1       1        <fn>    <NULL>  <NULL> stat_2    
1952 TRT01A Total                AESOC  NERVOUS SYSTEM DISORDERS                                            AEDECOD                      COORDINATION ABNORMAL                                               hierarchical N         N          306       306      <fn>    <NULL>  <NULL> stat_2    
1953 TRT01A Total                AESOC  NERVOUS SYSTEM DISORDERS                                            AEDECOD                      COORDINATION ABNORMAL                                               hierarchical p         %            0.00327 0.3      <fn>    <NULL>  <NULL> stat_2    
1954 TRT01A Xanomeline High Dose AESOC  NERVOUS SYSTEM DISORDERS                                            AEDECOD                      COORDINATION ABNORMAL                                               hierarchical n         n            0       0        <fn>    <NULL>  <NULL> stat_3    
1955 TRT01A Xanomeline High Dose AESOC  NERVOUS SYSTEM DISORDERS                                            AEDECOD                      COORDINATION ABNORMAL                                               hierarchical N         N           72       72       <fn>    <NULL>  <NULL> stat_3    
1956 TRT01A Xanomeline High Dose AESOC  NERVOUS SYSTEM DISORDERS                                            AEDECOD                      COORDINATION ABNORMAL                                               hierarchical p         %            0       0        <fn>    <NULL>  <NULL> stat_3    
1957 TRT01A Xanomeline Low Dose  AESOC  NERVOUS SYSTEM DISORDERS                                            AEDECOD                      COORDINATION ABNORMAL                                               hierarchical n         n            1       1        <fn>    <NULL>  <NULL> stat_4    
1958 TRT01A Xanomeline Low Dose  AESOC  NERVOUS SYSTEM DISORDERS                                            AEDECOD                      COORDINATION ABNORMAL                                               hierarchical N         N           96       96       <fn>    <NULL>  <NULL> stat_4    
1959 TRT01A Xanomeline Low Dose  AESOC  NERVOUS SYSTEM DISORDERS                                            AEDECOD                      COORDINATION ABNORMAL                                               hierarchical p         %            0.0104  1.0      <fn>    <NULL>  <NULL> stat_4    
1960 TRT01A Placebo              AESOC  NERVOUS SYSTEM DISORDERS                                            AEDECOD                      DIZZINESS                                                           hierarchical n         n            2       2        <fn>    <NULL>  <NULL> stat_1    
1961 TRT01A Placebo              AESOC  NERVOUS SYSTEM DISORDERS                                            AEDECOD                      DIZZINESS                                                           hierarchical N         N           86       86       <fn>    <NULL>  <NULL> stat_1    
1962 TRT01A Placebo              AESOC  NERVOUS SYSTEM DISORDERS                                            AEDECOD                      DIZZINESS                                                           hierarchical p         %            0.0233  2.3      <fn>    <NULL>  <NULL> stat_1    
1963 TRT01A Total                AESOC  NERVOUS SYSTEM DISORDERS                                            AEDECOD                      DIZZINESS                                                           hierarchical n         n           21       21       <fn>    <NULL>  <NULL> stat_2    
1964 TRT01A Total                AESOC  NERVOUS SYSTEM DISORDERS                                            AEDECOD                      DIZZINESS                                                           hierarchical N         N          306       306      <fn>    <NULL>  <NULL> stat_2    
1965 TRT01A Total                AESOC  NERVOUS SYSTEM DISORDERS                                            AEDECOD                      DIZZINESS                                                           hierarchical p         %            0.0686  6.9      <fn>    <NULL>  <NULL> stat_2    
1966 TRT01A Xanomeline High Dose AESOC  NERVOUS SYSTEM DISORDERS                                            AEDECOD                      DIZZINESS                                                           hierarchical n         n           10       10       <fn>    <NULL>  <NULL> stat_3    
1967 TRT01A Xanomeline High Dose AESOC  NERVOUS SYSTEM DISORDERS                                            AEDECOD                      DIZZINESS                                                           hierarchical N         N           72       72       <fn>    <NULL>  <NULL> stat_3    
1968 TRT01A Xanomeline High Dose AESOC  NERVOUS SYSTEM DISORDERS                                            AEDECOD                      DIZZINESS                                                           hierarchical p         %            0.139   14       <fn>    <NULL>  <NULL> stat_3    
1969 TRT01A Xanomeline Low Dose  AESOC  NERVOUS SYSTEM DISORDERS                                            AEDECOD                      DIZZINESS                                                           hierarchical n         n            9       9        <fn>    <NULL>  <NULL> stat_4    
1970 TRT01A Xanomeline Low Dose  AESOC  NERVOUS SYSTEM DISORDERS                                            AEDECOD                      DIZZINESS                                                           hierarchical N         N           96       96       <fn>    <NULL>  <NULL> stat_4    
1971 TRT01A Xanomeline Low Dose  AESOC  NERVOUS SYSTEM DISORDERS                                            AEDECOD                      DIZZINESS                                                           hierarchical p         %            0.0938  9.4      <fn>    <NULL>  <NULL> stat_4    
1972 TRT01A Placebo              AESOC  NERVOUS SYSTEM DISORDERS                                            AEDECOD                      HEADACHE                                                            hierarchical n         n            3       3        <fn>    <NULL>  <NULL> stat_1    
1973 TRT01A Placebo              AESOC  NERVOUS SYSTEM DISORDERS                                            AEDECOD                      HEADACHE                                                            hierarchical N         N           86       86       <fn>    <NULL>  <NULL> stat_1    
1974 TRT01A Placebo              AESOC  NERVOUS SYSTEM DISORDERS                                            AEDECOD                      HEADACHE                                                            hierarchical p         %            0.0349  3.5      <fn>    <NULL>  <NULL> stat_1    
1975 TRT01A Total                AESOC  NERVOUS SYSTEM DISORDERS                                            AEDECOD                      HEADACHE                                                            hierarchical n         n           11       11       <fn>    <NULL>  <NULL> stat_2    
1976 TRT01A Total                AESOC  NERVOUS SYSTEM DISORDERS                                            AEDECOD                      HEADACHE                                                            hierarchical N         N          306       306      <fn>    <NULL>  <NULL> stat_2    
1977 TRT01A Total                AESOC  NERVOUS SYSTEM DISORDERS                                            AEDECOD                      HEADACHE                                                            hierarchical p         %            0.0359  3.6      <fn>    <NULL>  <NULL> stat_2    
1978 TRT01A Xanomeline High Dose AESOC  NERVOUS SYSTEM DISORDERS                                            AEDECOD                      HEADACHE                                                            hierarchical n         n            5       5        <fn>    <NULL>  <NULL> stat_3    
1979 TRT01A Xanomeline High Dose AESOC  NERVOUS SYSTEM DISORDERS                                            AEDECOD                      HEADACHE                                                            hierarchical N         N           72       72       <fn>    <NULL>  <NULL> stat_3    
1980 TRT01A Xanomeline High Dose AESOC  NERVOUS SYSTEM DISORDERS                                            AEDECOD                      HEADACHE                                                            hierarchical p         %            0.0694  6.9      <fn>    <NULL>  <NULL> stat_3    
1981 TRT01A Xanomeline Low Dose  AESOC  NERVOUS SYSTEM DISORDERS                                            AEDECOD                      HEADACHE                                                            hierarchical n         n            3       3        <fn>    <NULL>  <NULL> stat_4    
1982 TRT01A Xanomeline Low Dose  AESOC  NERVOUS SYSTEM DISORDERS                                            AEDECOD                      HEADACHE                                                            hierarchical N         N           96       96       <fn>    <NULL>  <NULL> stat_4    
1983 TRT01A Xanomeline Low Dose  AESOC  NERVOUS SYSTEM DISORDERS                                            AEDECOD                      HEADACHE                                                            hierarchical p         %            0.0312  3.1      <fn>    <NULL>  <NULL> stat_4    
1984 TRT01A Placebo              AESOC  NERVOUS SYSTEM DISORDERS                                            AEDECOD                      HEMIANOPIA HOMONYMOUS                                               hierarchical n         n            0       0        <fn>    <NULL>  <NULL> stat_1    
1985 TRT01A Placebo              AESOC  NERVOUS SYSTEM DISORDERS                                            AEDECOD                      HEMIANOPIA HOMONYMOUS                                               hierarchical N         N           86       86       <fn>    <NULL>  <NULL> stat_1    
1986 TRT01A Placebo              AESOC  NERVOUS SYSTEM DISORDERS                                            AEDECOD                      HEMIANOPIA HOMONYMOUS                                               hierarchical p         %            0       0        <fn>    <NULL>  <NULL> stat_1    
1987 TRT01A Total                AESOC  NERVOUS SYSTEM DISORDERS                                            AEDECOD                      HEMIANOPIA HOMONYMOUS                                               hierarchical n         n            1       1        <fn>    <NULL>  <NULL> stat_2    
1988 TRT01A Total                AESOC  NERVOUS SYSTEM DISORDERS                                            AEDECOD                      HEMIANOPIA HOMONYMOUS                                               hierarchical N         N          306       306      <fn>    <NULL>  <NULL> stat_2    
1989 TRT01A Total                AESOC  NERVOUS SYSTEM DISORDERS                                            AEDECOD                      HEMIANOPIA HOMONYMOUS                                               hierarchical p         %            0.00327 0.3      <fn>    <NULL>  <NULL> stat_2    
1990 TRT01A Xanomeline High Dose AESOC  NERVOUS SYSTEM DISORDERS                                            AEDECOD                      HEMIANOPIA HOMONYMOUS                                               hierarchical n         n            0       0        <fn>    <NULL>  <NULL> stat_3    
1991 TRT01A Xanomeline High Dose AESOC  NERVOUS SYSTEM DISORDERS                                            AEDECOD                      HEMIANOPIA HOMONYMOUS                                               hierarchical N         N           72       72       <fn>    <NULL>  <NULL> stat_3    
1992 TRT01A Xanomeline High Dose AESOC  NERVOUS SYSTEM DISORDERS                                            AEDECOD                      HEMIANOPIA HOMONYMOUS                                               hierarchical p         %            0       0        <fn>    <NULL>  <NULL> stat_3    
1993 TRT01A Xanomeline Low Dose  AESOC  NERVOUS SYSTEM DISORDERS                                            AEDECOD                      HEMIANOPIA HOMONYMOUS                                               hierarchical n         n            1       1        <fn>    <NULL>  <NULL> stat_4    
1994 TRT01A Xanomeline Low Dose  AESOC  NERVOUS SYSTEM DISORDERS                                            AEDECOD                      HEMIANOPIA HOMONYMOUS                                               hierarchical N         N           96       96       <fn>    <NULL>  <NULL> stat_4    
1995 TRT01A Xanomeline Low Dose  AESOC  NERVOUS SYSTEM DISORDERS                                            AEDECOD                      HEMIANOPIA HOMONYMOUS                                               hierarchical p         %            0.0104  1.0      <fn>    <NULL>  <NULL> stat_4    
1996 TRT01A Placebo              AESOC  NERVOUS SYSTEM DISORDERS                                            AEDECOD                      HYPERSOMNIA                                                         hierarchical n         n            0       0        <fn>    <NULL>  <NULL> stat_1    
1997 TRT01A Placebo              AESOC  NERVOUS SYSTEM DISORDERS                                            AEDECOD                      HYPERSOMNIA                                                         hierarchical N         N           86       86       <fn>    <NULL>  <NULL> stat_1    
1998 TRT01A Placebo              AESOC  NERVOUS SYSTEM DISORDERS                                            AEDECOD                      HYPERSOMNIA                                                         hierarchical p         %            0       0        <fn>    <NULL>  <NULL> stat_1    
1999 TRT01A Total                AESOC  NERVOUS SYSTEM DISORDERS                                            AEDECOD                      HYPERSOMNIA                                                         hierarchical n         n            1       1        <fn>    <NULL>  <NULL> stat_2    
2000 TRT01A Total                AESOC  NERVOUS SYSTEM DISORDERS                                            AEDECOD                      HYPERSOMNIA                                                         hierarchical N         N          306       306      <fn>    <NULL>  <NULL> stat_2    
2001 TRT01A Total                AESOC  NERVOUS SYSTEM DISORDERS                                            AEDECOD                      HYPERSOMNIA                                                         hierarchical p         %            0.00327 0.3      <fn>    <NULL>  <NULL> stat_2    
2002 TRT01A Xanomeline High Dose AESOC  NERVOUS SYSTEM DISORDERS                                            AEDECOD                      HYPERSOMNIA                                                         hierarchical n         n            1       1        <fn>    <NULL>  <NULL> stat_3    
2003 TRT01A Xanomeline High Dose AESOC  NERVOUS SYSTEM DISORDERS                                            AEDECOD                      HYPERSOMNIA                                                         hierarchical N         N           72       72       <fn>    <NULL>  <NULL> stat_3    
2004 TRT01A Xanomeline High Dose AESOC  NERVOUS SYSTEM DISORDERS                                            AEDECOD                      HYPERSOMNIA                                                         hierarchical p         %            0.0139  1.4      <fn>    <NULL>  <NULL> stat_3    
2005 TRT01A Xanomeline Low Dose  AESOC  NERVOUS SYSTEM DISORDERS                                            AEDECOD                      HYPERSOMNIA                                                         hierarchical n         n            0       0        <fn>    <NULL>  <NULL> stat_4    
2006 TRT01A Xanomeline Low Dose  AESOC  NERVOUS SYSTEM DISORDERS                                            AEDECOD                      HYPERSOMNIA                                                         hierarchical N         N           96       96       <fn>    <NULL>  <NULL> stat_4    
2007 TRT01A Xanomeline Low Dose  AESOC  NERVOUS SYSTEM DISORDERS                                            AEDECOD                      HYPERSOMNIA                                                         hierarchical p         %            0       0        <fn>    <NULL>  <NULL> stat_4    
2008 TRT01A Placebo              AESOC  NERVOUS SYSTEM DISORDERS                                            AEDECOD                      LETHARGY                                                            hierarchical n         n            0       0        <fn>    <NULL>  <NULL> stat_1    
2009 TRT01A Placebo              AESOC  NERVOUS SYSTEM DISORDERS                                            AEDECOD                      LETHARGY                                                            hierarchical N         N           86       86       <fn>    <NULL>  <NULL> stat_1    
2010 TRT01A Placebo              AESOC  NERVOUS SYSTEM DISORDERS                                            AEDECOD                      LETHARGY                                                            hierarchical p         %            0       0        <fn>    <NULL>  <NULL> stat_1    
2011 TRT01A Total                AESOC  NERVOUS SYSTEM DISORDERS                                            AEDECOD                      LETHARGY                                                            hierarchical n         n            2       2        <fn>    <NULL>  <NULL> stat_2    
2012 TRT01A Total                AESOC  NERVOUS SYSTEM DISORDERS                                            AEDECOD                      LETHARGY                                                            hierarchical N         N          306       306      <fn>    <NULL>  <NULL> stat_2    
2013 TRT01A Total                AESOC  NERVOUS SYSTEM DISORDERS                                            AEDECOD                      LETHARGY                                                            hierarchical p         %            0.00654 0.7      <fn>    <NULL>  <NULL> stat_2    
2014 TRT01A Xanomeline High Dose AESOC  NERVOUS SYSTEM DISORDERS                                            AEDECOD                      LETHARGY                                                            hierarchical n         n            1       1        <fn>    <NULL>  <NULL> stat_3    
2015 TRT01A Xanomeline High Dose AESOC  NERVOUS SYSTEM DISORDERS                                            AEDECOD                      LETHARGY                                                            hierarchical N         N           72       72       <fn>    <NULL>  <NULL> stat_3    
2016 TRT01A Xanomeline High Dose AESOC  NERVOUS SYSTEM DISORDERS                                            AEDECOD                      LETHARGY                                                            hierarchical p         %            0.0139  1.4      <fn>    <NULL>  <NULL> stat_3    
2017 TRT01A Xanomeline Low Dose  AESOC  NERVOUS SYSTEM DISORDERS                                            AEDECOD                      LETHARGY                                                            hierarchical n         n            1       1        <fn>    <NULL>  <NULL> stat_4    
2018 TRT01A Xanomeline Low Dose  AESOC  NERVOUS SYSTEM DISORDERS                                            AEDECOD                      LETHARGY                                                            hierarchical N         N           96       96       <fn>    <NULL>  <NULL> stat_4    
2019 TRT01A Xanomeline Low Dose  AESOC  NERVOUS SYSTEM DISORDERS                                            AEDECOD                      LETHARGY                                                            hierarchical p         %            0.0104  1.0      <fn>    <NULL>  <NULL> stat_4    
2020 TRT01A Placebo              AESOC  NERVOUS SYSTEM DISORDERS                                            AEDECOD                      PARAESTHESIA                                                        hierarchical n         n            0       0        <fn>    <NULL>  <NULL> stat_1    
2021 TRT01A Placebo              AESOC  NERVOUS SYSTEM DISORDERS                                            AEDECOD                      PARAESTHESIA                                                        hierarchical N         N           86       86       <fn>    <NULL>  <NULL> stat_1    
2022 TRT01A Placebo              AESOC  NERVOUS SYSTEM DISORDERS                                            AEDECOD                      PARAESTHESIA                                                        hierarchical p         %            0       0        <fn>    <NULL>  <NULL> stat_1    
2023 TRT01A Total                AESOC  NERVOUS SYSTEM DISORDERS                                            AEDECOD                      PARAESTHESIA                                                        hierarchical n         n            1       1        <fn>    <NULL>  <NULL> stat_2    
2024 TRT01A Total                AESOC  NERVOUS SYSTEM DISORDERS                                            AEDECOD                      PARAESTHESIA                                                        hierarchical N         N          306       306      <fn>    <NULL>  <NULL> stat_2    
2025 TRT01A Total                AESOC  NERVOUS SYSTEM DISORDERS                                            AEDECOD                      PARAESTHESIA                                                        hierarchical p         %            0.00327 0.3      <fn>    <NULL>  <NULL> stat_2    
2026 TRT01A Xanomeline High Dose AESOC  NERVOUS SYSTEM DISORDERS                                            AEDECOD                      PARAESTHESIA                                                        hierarchical n         n            1       1        <fn>    <NULL>  <NULL> stat_3    
2027 TRT01A Xanomeline High Dose AESOC  NERVOUS SYSTEM DISORDERS                                            AEDECOD                      PARAESTHESIA                                                        hierarchical N         N           72       72       <fn>    <NULL>  <NULL> stat_3    
2028 TRT01A Xanomeline High Dose AESOC  NERVOUS SYSTEM DISORDERS                                            AEDECOD                      PARAESTHESIA                                                        hierarchical p         %            0.0139  1.4      <fn>    <NULL>  <NULL> stat_3    
2029 TRT01A Xanomeline Low Dose  AESOC  NERVOUS SYSTEM DISORDERS                                            AEDECOD                      PARAESTHESIA                                                        hierarchical n         n            0       0        <fn>    <NULL>  <NULL> stat_4    
2030 TRT01A Xanomeline Low Dose  AESOC  NERVOUS SYSTEM DISORDERS                                            AEDECOD                      PARAESTHESIA                                                        hierarchical N         N           96       96       <fn>    <NULL>  <NULL> stat_4    
2031 TRT01A Xanomeline Low Dose  AESOC  NERVOUS SYSTEM DISORDERS                                            AEDECOD                      PARAESTHESIA                                                        hierarchical p         %            0       0        <fn>    <NULL>  <NULL> stat_4    
2032 TRT01A Placebo              AESOC  NERVOUS SYSTEM DISORDERS                                            AEDECOD                      PARAESTHESIA ORAL                                                   hierarchical n         n            0       0        <fn>    <NULL>  <NULL> stat_1    
2033 TRT01A Placebo              AESOC  NERVOUS SYSTEM DISORDERS                                            AEDECOD                      PARAESTHESIA ORAL                                                   hierarchical N         N           86       86       <fn>    <NULL>  <NULL> stat_1    
2034 TRT01A Placebo              AESOC  NERVOUS SYSTEM DISORDERS                                            AEDECOD                      PARAESTHESIA ORAL                                                   hierarchical p         %            0       0        <fn>    <NULL>  <NULL> stat_1    
2035 TRT01A Total                AESOC  NERVOUS SYSTEM DISORDERS                                            AEDECOD                      PARAESTHESIA ORAL                                                   hierarchical n         n            1       1        <fn>    <NULL>  <NULL> stat_2    
2036 TRT01A Total                AESOC  NERVOUS SYSTEM DISORDERS                                            AEDECOD                      PARAESTHESIA ORAL                                                   hierarchical N         N          306       306      <fn>    <NULL>  <NULL> stat_2    
2037 TRT01A Total                AESOC  NERVOUS SYSTEM DISORDERS                                            AEDECOD                      PARAESTHESIA ORAL                                                   hierarchical p         %            0.00327 0.3      <fn>    <NULL>  <NULL> stat_2    
2038 TRT01A Xanomeline High Dose AESOC  NERVOUS SYSTEM DISORDERS                                            AEDECOD                      PARAESTHESIA ORAL                                                   hierarchical n         n            0       0        <fn>    <NULL>  <NULL> stat_3    
2039 TRT01A Xanomeline High Dose AESOC  NERVOUS SYSTEM DISORDERS                                            AEDECOD                      PARAESTHESIA ORAL                                                   hierarchical N         N           72       72       <fn>    <NULL>  <NULL> stat_3    
2040 TRT01A Xanomeline High Dose AESOC  NERVOUS SYSTEM DISORDERS                                            AEDECOD                      PARAESTHESIA ORAL                                                   hierarchical p         %            0       0        <fn>    <NULL>  <NULL> stat_3    
2041 TRT01A Xanomeline Low Dose  AESOC  NERVOUS SYSTEM DISORDERS                                            AEDECOD                      PARAESTHESIA ORAL                                                   hierarchical n         n            1       1        <fn>    <NULL>  <NULL> stat_4    
2042 TRT01A Xanomeline Low Dose  AESOC  NERVOUS SYSTEM DISORDERS                                            AEDECOD                      PARAESTHESIA ORAL                                                   hierarchical N         N           96       96       <fn>    <NULL>  <NULL> stat_4    
2043 TRT01A Xanomeline Low Dose  AESOC  NERVOUS SYSTEM DISORDERS                                            AEDECOD                      PARAESTHESIA ORAL                                                   hierarchical p         %            0.0104  1.0      <fn>    <NULL>  <NULL> stat_4    
2044 TRT01A Placebo              AESOC  NERVOUS SYSTEM DISORDERS                                            AEDECOD                      PARKINSON'S DISEASE                                                 hierarchical n         n            1       1        <fn>    <NULL>  <NULL> stat_1    
2045 TRT01A Placebo              AESOC  NERVOUS SYSTEM DISORDERS                                            AEDECOD                      PARKINSON'S DISEASE                                                 hierarchical N         N           86       86       <fn>    <NULL>  <NULL> stat_1    
2046 TRT01A Placebo              AESOC  NERVOUS SYSTEM DISORDERS                                            AEDECOD                      PARKINSON'S DISEASE                                                 hierarchical p         %            0.0116  1.2      <fn>    <NULL>  <NULL> stat_1    
2047 TRT01A Total                AESOC  NERVOUS SYSTEM DISORDERS                                            AEDECOD                      PARKINSON'S DISEASE                                                 hierarchical n         n            1       1        <fn>    <NULL>  <NULL> stat_2    
2048 TRT01A Total                AESOC  NERVOUS SYSTEM DISORDERS                                            AEDECOD                      PARKINSON'S DISEASE                                                 hierarchical N         N          306       306      <fn>    <NULL>  <NULL> stat_2    
2049 TRT01A Total                AESOC  NERVOUS SYSTEM DISORDERS                                            AEDECOD                      PARKINSON'S DISEASE                                                 hierarchical p         %            0.00327 0.3      <fn>    <NULL>  <NULL> stat_2    
2050 TRT01A Xanomeline High Dose AESOC  NERVOUS SYSTEM DISORDERS                                            AEDECOD                      PARKINSON'S DISEASE                                                 hierarchical n         n            0       0        <fn>    <NULL>  <NULL> stat_3    
2051 TRT01A Xanomeline High Dose AESOC  NERVOUS SYSTEM DISORDERS                                            AEDECOD                      PARKINSON'S DISEASE                                                 hierarchical N         N           72       72       <fn>    <NULL>  <NULL> stat_3    
2052 TRT01A Xanomeline High Dose AESOC  NERVOUS SYSTEM DISORDERS                                            AEDECOD                      PARKINSON'S DISEASE                                                 hierarchical p         %            0       0        <fn>    <NULL>  <NULL> stat_3    
2053 TRT01A Xanomeline Low Dose  AESOC  NERVOUS SYSTEM DISORDERS                                            AEDECOD                      PARKINSON'S DISEASE                                                 hierarchical n         n            0       0        <fn>    <NULL>  <NULL> stat_4    
2054 TRT01A Xanomeline Low Dose  AESOC  NERVOUS SYSTEM DISORDERS                                            AEDECOD                      PARKINSON'S DISEASE                                                 hierarchical N         N           96       96       <fn>    <NULL>  <NULL> stat_4    
2055 TRT01A Xanomeline Low Dose  AESOC  NERVOUS SYSTEM DISORDERS                                            AEDECOD                      PARKINSON'S DISEASE                                                 hierarchical p         %            0       0        <fn>    <NULL>  <NULL> stat_4    
2056 TRT01A Placebo              AESOC  NERVOUS SYSTEM DISORDERS                                            AEDECOD                      PAROSMIA                                                            hierarchical n         n            0       0        <fn>    <NULL>  <NULL> stat_1    
2057 TRT01A Placebo              AESOC  NERVOUS SYSTEM DISORDERS                                            AEDECOD                      PAROSMIA                                                            hierarchical N         N           86       86       <fn>    <NULL>  <NULL> stat_1    
2058 TRT01A Placebo              AESOC  NERVOUS SYSTEM DISORDERS                                            AEDECOD                      PAROSMIA                                                            hierarchical p         %            0       0        <fn>    <NULL>  <NULL> stat_1    
2059 TRT01A Total                AESOC  NERVOUS SYSTEM DISORDERS                                            AEDECOD                      PAROSMIA                                                            hierarchical n         n            1       1        <fn>    <NULL>  <NULL> stat_2    
2060 TRT01A Total                AESOC  NERVOUS SYSTEM DISORDERS                                            AEDECOD                      PAROSMIA                                                            hierarchical N         N          306       306      <fn>    <NULL>  <NULL> stat_2    
2061 TRT01A Total                AESOC  NERVOUS SYSTEM DISORDERS                                            AEDECOD                      PAROSMIA                                                            hierarchical p         %            0.00327 0.3      <fn>    <NULL>  <NULL> stat_2    
2062 TRT01A Xanomeline High Dose AESOC  NERVOUS SYSTEM DISORDERS                                            AEDECOD                      PAROSMIA                                                            hierarchical n         n            1       1        <fn>    <NULL>  <NULL> stat_3    
2063 TRT01A Xanomeline High Dose AESOC  NERVOUS SYSTEM DISORDERS                                            AEDECOD                      PAROSMIA                                                            hierarchical N         N           72       72       <fn>    <NULL>  <NULL> stat_3    
2064 TRT01A Xanomeline High Dose AESOC  NERVOUS SYSTEM DISORDERS                                            AEDECOD                      PAROSMIA                                                            hierarchical p         %            0.0139  1.4      <fn>    <NULL>  <NULL> stat_3    
2065 TRT01A Xanomeline Low Dose  AESOC  NERVOUS SYSTEM DISORDERS                                            AEDECOD                      PAROSMIA                                                            hierarchical n         n            0       0        <fn>    <NULL>  <NULL> stat_4    
2066 TRT01A Xanomeline Low Dose  AESOC  NERVOUS SYSTEM DISORDERS                                            AEDECOD                      PAROSMIA                                                            hierarchical N         N           96       96       <fn>    <NULL>  <NULL> stat_4    
2067 TRT01A Xanomeline Low Dose  AESOC  NERVOUS SYSTEM DISORDERS                                            AEDECOD                      PAROSMIA                                                            hierarchical p         %            0       0        <fn>    <NULL>  <NULL> stat_4    
2068 TRT01A Placebo              AESOC  NERVOUS SYSTEM DISORDERS                                            AEDECOD                      PARTIAL SEIZURES WITH SECONDARY GENERALISATION                      hierarchical n         n            0       0        <fn>    <NULL>  <NULL> stat_1    
2069 TRT01A Placebo              AESOC  NERVOUS SYSTEM DISORDERS                                            AEDECOD                      PARTIAL SEIZURES WITH SECONDARY GENERALISATION                      hierarchical N         N           86       86       <fn>    <NULL>  <NULL> stat_1    
2070 TRT01A Placebo              AESOC  NERVOUS SYSTEM DISORDERS                                            AEDECOD                      PARTIAL SEIZURES WITH SECONDARY GENERALISATION                      hierarchical p         %            0       0        <fn>    <NULL>  <NULL> stat_1    
2071 TRT01A Total                AESOC  NERVOUS SYSTEM DISORDERS                                            AEDECOD                      PARTIAL SEIZURES WITH SECONDARY GENERALISATION                      hierarchical n         n            1       1        <fn>    <NULL>  <NULL> stat_2    
2072 TRT01A Total                AESOC  NERVOUS SYSTEM DISORDERS                                            AEDECOD                      PARTIAL SEIZURES WITH SECONDARY GENERALISATION                      hierarchical N         N          306       306      <fn>    <NULL>  <NULL> stat_2    
2073 TRT01A Total                AESOC  NERVOUS SYSTEM DISORDERS                                            AEDECOD                      PARTIAL SEIZURES WITH SECONDARY GENERALISATION                      hierarchical p         %            0.00327 0.3      <fn>    <NULL>  <NULL> stat_2    
2074 TRT01A Xanomeline High Dose AESOC  NERVOUS SYSTEM DISORDERS                                            AEDECOD                      PARTIAL SEIZURES WITH SECONDARY GENERALISATION                      hierarchical n         n            1       1        <fn>    <NULL>  <NULL> stat_3    
2075 TRT01A Xanomeline High Dose AESOC  NERVOUS SYSTEM DISORDERS                                            AEDECOD                      PARTIAL SEIZURES WITH SECONDARY GENERALISATION                      hierarchical N         N           72       72       <fn>    <NULL>  <NULL> stat_3    
2076 TRT01A Xanomeline High Dose AESOC  NERVOUS SYSTEM DISORDERS                                            AEDECOD                      PARTIAL SEIZURES WITH SECONDARY GENERALISATION                      hierarchical p         %            0.0139  1.4      <fn>    <NULL>  <NULL> stat_3    
2077 TRT01A Xanomeline Low Dose  AESOC  NERVOUS SYSTEM DISORDERS                                            AEDECOD                      PARTIAL SEIZURES WITH SECONDARY GENERALISATION                      hierarchical n         n            0       0        <fn>    <NULL>  <NULL> stat_4    
2078 TRT01A Xanomeline Low Dose  AESOC  NERVOUS SYSTEM DISORDERS                                            AEDECOD                      PARTIAL SEIZURES WITH SECONDARY GENERALISATION                      hierarchical N         N           96       96       <fn>    <NULL>  <NULL> stat_4    
2079 TRT01A Xanomeline Low Dose  AESOC  NERVOUS SYSTEM DISORDERS                                            AEDECOD                      PARTIAL SEIZURES WITH SECONDARY GENERALISATION                      hierarchical p         %            0       0        <fn>    <NULL>  <NULL> stat_4    
2080 TRT01A Placebo              AESOC  NERVOUS SYSTEM DISORDERS                                            AEDECOD                      PSYCHOMOTOR HYPERACTIVITY                                           hierarchical n         n            1       1        <fn>    <NULL>  <NULL> stat_1    
2081 TRT01A Placebo              AESOC  NERVOUS SYSTEM DISORDERS                                            AEDECOD                      PSYCHOMOTOR HYPERACTIVITY                                           hierarchical N         N           86       86       <fn>    <NULL>  <NULL> stat_1    
2082 TRT01A Placebo              AESOC  NERVOUS SYSTEM DISORDERS                                            AEDECOD                      PSYCHOMOTOR HYPERACTIVITY                                           hierarchical p         %            0.0116  1.2      <fn>    <NULL>  <NULL> stat_1    
2083 TRT01A Total                AESOC  NERVOUS SYSTEM DISORDERS                                            AEDECOD                      PSYCHOMOTOR HYPERACTIVITY                                           hierarchical n         n            1       1        <fn>    <NULL>  <NULL> stat_2    
2084 TRT01A Total                AESOC  NERVOUS SYSTEM DISORDERS                                            AEDECOD                      PSYCHOMOTOR HYPERACTIVITY                                           hierarchical N         N          306       306      <fn>    <NULL>  <NULL> stat_2    
2085 TRT01A Total                AESOC  NERVOUS SYSTEM DISORDERS                                            AEDECOD                      PSYCHOMOTOR HYPERACTIVITY                                           hierarchical p         %            0.00327 0.3      <fn>    <NULL>  <NULL> stat_2    
2086 TRT01A Xanomeline High Dose AESOC  NERVOUS SYSTEM DISORDERS                                            AEDECOD                      PSYCHOMOTOR HYPERACTIVITY                                           hierarchical n         n            0       0        <fn>    <NULL>  <NULL> stat_3    
2087 TRT01A Xanomeline High Dose AESOC  NERVOUS SYSTEM DISORDERS                                            AEDECOD                      PSYCHOMOTOR HYPERACTIVITY                                           hierarchical N         N           72       72       <fn>    <NULL>  <NULL> stat_3    
2088 TRT01A Xanomeline High Dose AESOC  NERVOUS SYSTEM DISORDERS                                            AEDECOD                      PSYCHOMOTOR HYPERACTIVITY                                           hierarchical p         %            0       0        <fn>    <NULL>  <NULL> stat_3    
2089 TRT01A Xanomeline Low Dose  AESOC  NERVOUS SYSTEM DISORDERS                                            AEDECOD                      PSYCHOMOTOR HYPERACTIVITY                                           hierarchical n         n            0       0        <fn>    <NULL>  <NULL> stat_4    
2090 TRT01A Xanomeline Low Dose  AESOC  NERVOUS SYSTEM DISORDERS                                            AEDECOD                      PSYCHOMOTOR HYPERACTIVITY                                           hierarchical N         N           96       96       <fn>    <NULL>  <NULL> stat_4    
2091 TRT01A Xanomeline Low Dose  AESOC  NERVOUS SYSTEM DISORDERS                                            AEDECOD                      PSYCHOMOTOR HYPERACTIVITY                                           hierarchical p         %            0       0        <fn>    <NULL>  <NULL> stat_4    
2092 TRT01A Placebo              AESOC  NERVOUS SYSTEM DISORDERS                                            AEDECOD                      SOMNOLENCE                                                          hierarchical n         n            2       2        <fn>    <NULL>  <NULL> stat_1    
2093 TRT01A Placebo              AESOC  NERVOUS SYSTEM DISORDERS                                            AEDECOD                      SOMNOLENCE                                                          hierarchical N         N           86       86       <fn>    <NULL>  <NULL> stat_1    
2094 TRT01A Placebo              AESOC  NERVOUS SYSTEM DISORDERS                                            AEDECOD                      SOMNOLENCE                                                          hierarchical p         %            0.0233  2.3      <fn>    <NULL>  <NULL> stat_1    
2095 TRT01A Total                AESOC  NERVOUS SYSTEM DISORDERS                                            AEDECOD                      SOMNOLENCE                                                          hierarchical n         n            6       6        <fn>    <NULL>  <NULL> stat_2    
2096 TRT01A Total                AESOC  NERVOUS SYSTEM DISORDERS                                            AEDECOD                      SOMNOLENCE                                                          hierarchical N         N          306       306      <fn>    <NULL>  <NULL> stat_2    
2097 TRT01A Total                AESOC  NERVOUS SYSTEM DISORDERS                                            AEDECOD                      SOMNOLENCE                                                          hierarchical p         %            0.0196  2.0      <fn>    <NULL>  <NULL> stat_2    
2098 TRT01A Xanomeline High Dose AESOC  NERVOUS SYSTEM DISORDERS                                            AEDECOD                      SOMNOLENCE                                                          hierarchical n         n            1       1        <fn>    <NULL>  <NULL> stat_3    
2099 TRT01A Xanomeline High Dose AESOC  NERVOUS SYSTEM DISORDERS                                            AEDECOD                      SOMNOLENCE                                                          hierarchical N         N           72       72       <fn>    <NULL>  <NULL> stat_3    
2100 TRT01A Xanomeline High Dose AESOC  NERVOUS SYSTEM DISORDERS                                            AEDECOD                      SOMNOLENCE                                                          hierarchical p         %            0.0139  1.4      <fn>    <NULL>  <NULL> stat_3    
2101 TRT01A Xanomeline Low Dose  AESOC  NERVOUS SYSTEM DISORDERS                                            AEDECOD                      SOMNOLENCE                                                          hierarchical n         n            3       3        <fn>    <NULL>  <NULL> stat_4    
2102 TRT01A Xanomeline Low Dose  AESOC  NERVOUS SYSTEM DISORDERS                                            AEDECOD                      SOMNOLENCE                                                          hierarchical N         N           96       96       <fn>    <NULL>  <NULL> stat_4    
2103 TRT01A Xanomeline Low Dose  AESOC  NERVOUS SYSTEM DISORDERS                                            AEDECOD                      SOMNOLENCE                                                          hierarchical p         %            0.0312  3.1      <fn>    <NULL>  <NULL> stat_4    
2104 TRT01A Placebo              AESOC  NERVOUS SYSTEM DISORDERS                                            AEDECOD                      STUPOR                                                              hierarchical n         n            0       0        <fn>    <NULL>  <NULL> stat_1    
2105 TRT01A Placebo              AESOC  NERVOUS SYSTEM DISORDERS                                            AEDECOD                      STUPOR                                                              hierarchical N         N           86       86       <fn>    <NULL>  <NULL> stat_1    
2106 TRT01A Placebo              AESOC  NERVOUS SYSTEM DISORDERS                                            AEDECOD                      STUPOR                                                              hierarchical p         %            0       0        <fn>    <NULL>  <NULL> stat_1    
2107 TRT01A Total                AESOC  NERVOUS SYSTEM DISORDERS                                            AEDECOD                      STUPOR                                                              hierarchical n         n            1       1        <fn>    <NULL>  <NULL> stat_2    
2108 TRT01A Total                AESOC  NERVOUS SYSTEM DISORDERS                                            AEDECOD                      STUPOR                                                              hierarchical N         N          306       306      <fn>    <NULL>  <NULL> stat_2    
2109 TRT01A Total                AESOC  NERVOUS SYSTEM DISORDERS                                            AEDECOD                      STUPOR                                                              hierarchical p         %            0.00327 0.3      <fn>    <NULL>  <NULL> stat_2    
2110 TRT01A Xanomeline High Dose AESOC  NERVOUS SYSTEM DISORDERS                                            AEDECOD                      STUPOR                                                              hierarchical n         n            0       0        <fn>    <NULL>  <NULL> stat_3    
2111 TRT01A Xanomeline High Dose AESOC  NERVOUS SYSTEM DISORDERS                                            AEDECOD                      STUPOR                                                              hierarchical N         N           72       72       <fn>    <NULL>  <NULL> stat_3    
2112 TRT01A Xanomeline High Dose AESOC  NERVOUS SYSTEM DISORDERS                                            AEDECOD                      STUPOR                                                              hierarchical p         %            0       0        <fn>    <NULL>  <NULL> stat_3    
2113 TRT01A Xanomeline Low Dose  AESOC  NERVOUS SYSTEM DISORDERS                                            AEDECOD                      STUPOR                                                              hierarchical n         n            1       1        <fn>    <NULL>  <NULL> stat_4    
2114 TRT01A Xanomeline Low Dose  AESOC  NERVOUS SYSTEM DISORDERS                                            AEDECOD                      STUPOR                                                              hierarchical N         N           96       96       <fn>    <NULL>  <NULL> stat_4    
2115 TRT01A Xanomeline Low Dose  AESOC  NERVOUS SYSTEM DISORDERS                                            AEDECOD                      STUPOR                                                              hierarchical p         %            0.0104  1.0      <fn>    <NULL>  <NULL> stat_4    
2116 TRT01A Placebo              AESOC  NERVOUS SYSTEM DISORDERS                                            AEDECOD                      SYNCOPE                                                             hierarchical n         n            0       0        <fn>    <NULL>  <NULL> stat_1    
2117 TRT01A Placebo              AESOC  NERVOUS SYSTEM DISORDERS                                            AEDECOD                      SYNCOPE                                                             hierarchical N         N           86       86       <fn>    <NULL>  <NULL> stat_1    
2118 TRT01A Placebo              AESOC  NERVOUS SYSTEM DISORDERS                                            AEDECOD                      SYNCOPE                                                             hierarchical p         %            0       0        <fn>    <NULL>  <NULL> stat_1    
2119 TRT01A Total                AESOC  NERVOUS SYSTEM DISORDERS                                            AEDECOD                      SYNCOPE                                                             hierarchical n         n            7       7        <fn>    <NULL>  <NULL> stat_2    
2120 TRT01A Total                AESOC  NERVOUS SYSTEM DISORDERS                                            AEDECOD                      SYNCOPE                                                             hierarchical N         N          306       306      <fn>    <NULL>  <NULL> stat_2    
2121 TRT01A Total                AESOC  NERVOUS SYSTEM DISORDERS                                            AEDECOD                      SYNCOPE                                                             hierarchical p         %            0.0229  2.3      <fn>    <NULL>  <NULL> stat_2    
2122 TRT01A Xanomeline High Dose AESOC  NERVOUS SYSTEM DISORDERS                                            AEDECOD                      SYNCOPE                                                             hierarchical n         n            2       2        <fn>    <NULL>  <NULL> stat_3    
2123 TRT01A Xanomeline High Dose AESOC  NERVOUS SYSTEM DISORDERS                                            AEDECOD                      SYNCOPE                                                             hierarchical N         N           72       72       <fn>    <NULL>  <NULL> stat_3    
2124 TRT01A Xanomeline High Dose AESOC  NERVOUS SYSTEM DISORDERS                                            AEDECOD                      SYNCOPE                                                             hierarchical p         %            0.0278  2.8      <fn>    <NULL>  <NULL> stat_3    
2125 TRT01A Xanomeline Low Dose  AESOC  NERVOUS SYSTEM DISORDERS                                            AEDECOD                      SYNCOPE                                                             hierarchical n         n            5       5        <fn>    <NULL>  <NULL> stat_4    
2126 TRT01A Xanomeline Low Dose  AESOC  NERVOUS SYSTEM DISORDERS                                            AEDECOD                      SYNCOPE                                                             hierarchical N         N           96       96       <fn>    <NULL>  <NULL> stat_4    
2127 TRT01A Xanomeline Low Dose  AESOC  NERVOUS SYSTEM DISORDERS                                            AEDECOD                      SYNCOPE                                                             hierarchical p         %            0.0521  5.2      <fn>    <NULL>  <NULL> stat_4    
2128 TRT01A Placebo              AESOC  NERVOUS SYSTEM DISORDERS                                            AEDECOD                      SYNCOPE VASOVAGAL                                                   hierarchical n         n            0       0        <fn>    <NULL>  <NULL> stat_1    
2129 TRT01A Placebo              AESOC  NERVOUS SYSTEM DISORDERS                                            AEDECOD                      SYNCOPE VASOVAGAL                                                   hierarchical N         N           86       86       <fn>    <NULL>  <NULL> stat_1    
2130 TRT01A Placebo              AESOC  NERVOUS SYSTEM DISORDERS                                            AEDECOD                      SYNCOPE VASOVAGAL                                                   hierarchical p         %            0       0        <fn>    <NULL>  <NULL> stat_1    
2131 TRT01A Total                AESOC  NERVOUS SYSTEM DISORDERS                                            AEDECOD                      SYNCOPE VASOVAGAL                                                   hierarchical n         n            1       1        <fn>    <NULL>  <NULL> stat_2    
2132 TRT01A Total                AESOC  NERVOUS SYSTEM DISORDERS                                            AEDECOD                      SYNCOPE VASOVAGAL                                                   hierarchical N         N          306       306      <fn>    <NULL>  <NULL> stat_2    
2133 TRT01A Total                AESOC  NERVOUS SYSTEM DISORDERS                                            AEDECOD                      SYNCOPE VASOVAGAL                                                   hierarchical p         %            0.00327 0.3      <fn>    <NULL>  <NULL> stat_2    
2134 TRT01A Xanomeline High Dose AESOC  NERVOUS SYSTEM DISORDERS                                            AEDECOD                      SYNCOPE VASOVAGAL                                                   hierarchical n         n            1       1        <fn>    <NULL>  <NULL> stat_3    
2135 TRT01A Xanomeline High Dose AESOC  NERVOUS SYSTEM DISORDERS                                            AEDECOD                      SYNCOPE VASOVAGAL                                                   hierarchical N         N           72       72       <fn>    <NULL>  <NULL> stat_3    
2136 TRT01A Xanomeline High Dose AESOC  NERVOUS SYSTEM DISORDERS                                            AEDECOD                      SYNCOPE VASOVAGAL                                                   hierarchical p         %            0.0139  1.4      <fn>    <NULL>  <NULL> stat_3    
2137 TRT01A Xanomeline Low Dose  AESOC  NERVOUS SYSTEM DISORDERS                                            AEDECOD                      SYNCOPE VASOVAGAL                                                   hierarchical n         n            0       0        <fn>    <NULL>  <NULL> stat_4    
2138 TRT01A Xanomeline Low Dose  AESOC  NERVOUS SYSTEM DISORDERS                                            AEDECOD                      SYNCOPE VASOVAGAL                                                   hierarchical N         N           96       96       <fn>    <NULL>  <NULL> stat_4    
2139 TRT01A Xanomeline Low Dose  AESOC  NERVOUS SYSTEM DISORDERS                                            AEDECOD                      SYNCOPE VASOVAGAL                                                   hierarchical p         %            0       0        <fn>    <NULL>  <NULL> stat_4    
2140 TRT01A Placebo              AESOC  NERVOUS SYSTEM DISORDERS                                            AEDECOD                      TRANSIENT ISCHAEMIC ATTACK                                          hierarchical n         n            0       0        <fn>    <NULL>  <NULL> stat_1    
2141 TRT01A Placebo              AESOC  NERVOUS SYSTEM DISORDERS                                            AEDECOD                      TRANSIENT ISCHAEMIC ATTACK                                          hierarchical N         N           86       86       <fn>    <NULL>  <NULL> stat_1    
2142 TRT01A Placebo              AESOC  NERVOUS SYSTEM DISORDERS                                            AEDECOD                      TRANSIENT ISCHAEMIC ATTACK                                          hierarchical p         %            0       0        <fn>    <NULL>  <NULL> stat_1    
2143 TRT01A Total                AESOC  NERVOUS SYSTEM DISORDERS                                            AEDECOD                      TRANSIENT ISCHAEMIC ATTACK                                          hierarchical n         n            3       3        <fn>    <NULL>  <NULL> stat_2    
2144 TRT01A Total                AESOC  NERVOUS SYSTEM DISORDERS                                            AEDECOD                      TRANSIENT ISCHAEMIC ATTACK                                          hierarchical N         N          306       306      <fn>    <NULL>  <NULL> stat_2    
2145 TRT01A Total                AESOC  NERVOUS SYSTEM DISORDERS                                            AEDECOD                      TRANSIENT ISCHAEMIC ATTACK                                          hierarchical p         %            0.00980 1.0      <fn>    <NULL>  <NULL> stat_2    
2146 TRT01A Xanomeline High Dose AESOC  NERVOUS SYSTEM DISORDERS                                            AEDECOD                      TRANSIENT ISCHAEMIC ATTACK                                          hierarchical n         n            1       1        <fn>    <NULL>  <NULL> stat_3    
2147 TRT01A Xanomeline High Dose AESOC  NERVOUS SYSTEM DISORDERS                                            AEDECOD                      TRANSIENT ISCHAEMIC ATTACK                                          hierarchical N         N           72       72       <fn>    <NULL>  <NULL> stat_3    
2148 TRT01A Xanomeline High Dose AESOC  NERVOUS SYSTEM DISORDERS                                            AEDECOD                      TRANSIENT ISCHAEMIC ATTACK                                          hierarchical p         %            0.0139  1.4      <fn>    <NULL>  <NULL> stat_3    
2149 TRT01A Xanomeline Low Dose  AESOC  NERVOUS SYSTEM DISORDERS                                            AEDECOD                      TRANSIENT ISCHAEMIC ATTACK                                          hierarchical n         n            2       2        <fn>    <NULL>  <NULL> stat_4    
2150 TRT01A Xanomeline Low Dose  AESOC  NERVOUS SYSTEM DISORDERS                                            AEDECOD                      TRANSIENT ISCHAEMIC ATTACK                                          hierarchical N         N           96       96       <fn>    <NULL>  <NULL> stat_4    
2151 TRT01A Xanomeline Low Dose  AESOC  NERVOUS SYSTEM DISORDERS                                            AEDECOD                      TRANSIENT ISCHAEMIC ATTACK                                          hierarchical p         %            0.0208  2.1      <fn>    <NULL>  <NULL> stat_4    
2152 TRT01A Placebo              <NA>   <NULL>                                                              AESOC                        PSYCHIATRIC DISORDERS                                               hierarchical n         n           10       10       <fn>    <NULL>  <NULL> stat_1    
2153 TRT01A Placebo              <NA>   <NULL>                                                              AESOC                        PSYCHIATRIC DISORDERS                                               hierarchical N         N           86       86       <fn>    <NULL>  <NULL> stat_1    
2154 TRT01A Placebo              <NA>   <NULL>                                                              AESOC                        PSYCHIATRIC DISORDERS                                               hierarchical p         %            0.116   12       <fn>    <NULL>  <NULL> stat_1    
2155 TRT01A Total                <NA>   <NULL>                                                              AESOC                        PSYCHIATRIC DISORDERS                                               hierarchical n         n           28       28       <fn>    <NULL>  <NULL> stat_2    
2156 TRT01A Total                <NA>   <NULL>                                                              AESOC                        PSYCHIATRIC DISORDERS                                               hierarchical N         N          306       306      <fn>    <NULL>  <NULL> stat_2    
2157 TRT01A Total                <NA>   <NULL>                                                              AESOC                        PSYCHIATRIC DISORDERS                                               hierarchical p         %            0.0915  9.2      <fn>    <NULL>  <NULL> stat_2    
2158 TRT01A Xanomeline High Dose <NA>   <NULL>                                                              AESOC                        PSYCHIATRIC DISORDERS                                               hierarchical n         n            7       7        <fn>    <NULL>  <NULL> stat_3    
2159 TRT01A Xanomeline High Dose <NA>   <NULL>                                                              AESOC                        PSYCHIATRIC DISORDERS                                               hierarchical N         N           72       72       <fn>    <NULL>  <NULL> stat_3    
2160 TRT01A Xanomeline High Dose <NA>   <NULL>                                                              AESOC                        PSYCHIATRIC DISORDERS                                               hierarchical p         %            0.0972  9.7      <fn>    <NULL>  <NULL> stat_3    
2161 TRT01A Xanomeline Low Dose  <NA>   <NULL>                                                              AESOC                        PSYCHIATRIC DISORDERS                                               hierarchical n         n           11       11       <fn>    <NULL>  <NULL> stat_4    
2162 TRT01A Xanomeline Low Dose  <NA>   <NULL>                                                              AESOC                        PSYCHIATRIC DISORDERS                                               hierarchical N         N           96       96       <fn>    <NULL>  <NULL> stat_4    
2163 TRT01A Xanomeline Low Dose  <NA>   <NULL>                                                              AESOC                        PSYCHIATRIC DISORDERS                                               hierarchical p         %            0.115   11       <fn>    <NULL>  <NULL> stat_4    
2164 TRT01A Placebo              AESOC  PSYCHIATRIC DISORDERS                                               AEDECOD                      AGITATION                                                           hierarchical n         n            2       2        <fn>    <NULL>  <NULL> stat_1    
2165 TRT01A Placebo              AESOC  PSYCHIATRIC DISORDERS                                               AEDECOD                      AGITATION                                                           hierarchical N         N           86       86       <fn>    <NULL>  <NULL> stat_1    
2166 TRT01A Placebo              AESOC  PSYCHIATRIC DISORDERS                                               AEDECOD                      AGITATION                                                           hierarchical p         %            0.0233  2.3      <fn>    <NULL>  <NULL> stat_1    
2167 TRT01A Total                AESOC  PSYCHIATRIC DISORDERS                                               AEDECOD                      AGITATION                                                           hierarchical n         n            5       5        <fn>    <NULL>  <NULL> stat_2    
2168 TRT01A Total                AESOC  PSYCHIATRIC DISORDERS                                               AEDECOD                      AGITATION                                                           hierarchical N         N          306       306      <fn>    <NULL>  <NULL> stat_2    
2169 TRT01A Total                AESOC  PSYCHIATRIC DISORDERS                                               AEDECOD                      AGITATION                                                           hierarchical p         %            0.0163  1.6      <fn>    <NULL>  <NULL> stat_2    
2170 TRT01A Xanomeline High Dose AESOC  PSYCHIATRIC DISORDERS                                               AEDECOD                      AGITATION                                                           hierarchical n         n            0       0        <fn>    <NULL>  <NULL> stat_3    
2171 TRT01A Xanomeline High Dose AESOC  PSYCHIATRIC DISORDERS                                               AEDECOD                      AGITATION                                                           hierarchical N         N           72       72       <fn>    <NULL>  <NULL> stat_3    
2172 TRT01A Xanomeline High Dose AESOC  PSYCHIATRIC DISORDERS                                               AEDECOD                      AGITATION                                                           hierarchical p         %            0       0        <fn>    <NULL>  <NULL> stat_3    
2173 TRT01A Xanomeline Low Dose  AESOC  PSYCHIATRIC DISORDERS                                               AEDECOD                      AGITATION                                                           hierarchical n         n            3       3        <fn>    <NULL>  <NULL> stat_4    
2174 TRT01A Xanomeline Low Dose  AESOC  PSYCHIATRIC DISORDERS                                               AEDECOD                      AGITATION                                                           hierarchical N         N           96       96       <fn>    <NULL>  <NULL> stat_4    
2175 TRT01A Xanomeline Low Dose  AESOC  PSYCHIATRIC DISORDERS                                               AEDECOD                      AGITATION                                                           hierarchical p         %            0.0312  3.1      <fn>    <NULL>  <NULL> stat_4    
2176 TRT01A Placebo              AESOC  PSYCHIATRIC DISORDERS                                               AEDECOD                      ANXIETY                                                             hierarchical n         n            0       0        <fn>    <NULL>  <NULL> stat_1    
2177 TRT01A Placebo              AESOC  PSYCHIATRIC DISORDERS                                               AEDECOD                      ANXIETY                                                             hierarchical N         N           86       86       <fn>    <NULL>  <NULL> stat_1    
2178 TRT01A Placebo              AESOC  PSYCHIATRIC DISORDERS                                               AEDECOD                      ANXIETY                                                             hierarchical p         %            0       0        <fn>    <NULL>  <NULL> stat_1    
2179 TRT01A Total                AESOC  PSYCHIATRIC DISORDERS                                               AEDECOD                      ANXIETY                                                             hierarchical n         n            3       3        <fn>    <NULL>  <NULL> stat_2    
2180 TRT01A Total                AESOC  PSYCHIATRIC DISORDERS                                               AEDECOD                      ANXIETY                                                             hierarchical N         N          306       306      <fn>    <NULL>  <NULL> stat_2    
2181 TRT01A Total                AESOC  PSYCHIATRIC DISORDERS                                               AEDECOD                      ANXIETY                                                             hierarchical p         %            0.00980 1.0      <fn>    <NULL>  <NULL> stat_2    
2182 TRT01A Xanomeline High Dose AESOC  PSYCHIATRIC DISORDERS                                               AEDECOD                      ANXIETY                                                             hierarchical n         n            0       0        <fn>    <NULL>  <NULL> stat_3    
2183 TRT01A Xanomeline High Dose AESOC  PSYCHIATRIC DISORDERS                                               AEDECOD                      ANXIETY                                                             hierarchical N         N           72       72       <fn>    <NULL>  <NULL> stat_3    
2184 TRT01A Xanomeline High Dose AESOC  PSYCHIATRIC DISORDERS                                               AEDECOD                      ANXIETY                                                             hierarchical p         %            0       0        <fn>    <NULL>  <NULL> stat_3    
2185 TRT01A Xanomeline Low Dose  AESOC  PSYCHIATRIC DISORDERS                                               AEDECOD                      ANXIETY                                                             hierarchical n         n            3       3        <fn>    <NULL>  <NULL> stat_4    
2186 TRT01A Xanomeline Low Dose  AESOC  PSYCHIATRIC DISORDERS                                               AEDECOD                      ANXIETY                                                             hierarchical N         N           96       96       <fn>    <NULL>  <NULL> stat_4    
2187 TRT01A Xanomeline Low Dose  AESOC  PSYCHIATRIC DISORDERS                                               AEDECOD                      ANXIETY                                                             hierarchical p         %            0.0312  3.1      <fn>    <NULL>  <NULL> stat_4    
2188 TRT01A Placebo              AESOC  PSYCHIATRIC DISORDERS                                               AEDECOD                      COMPLETED SUICIDE                                                   hierarchical n         n            1       1        <fn>    <NULL>  <NULL> stat_1    
2189 TRT01A Placebo              AESOC  PSYCHIATRIC DISORDERS                                               AEDECOD                      COMPLETED SUICIDE                                                   hierarchical N         N           86       86       <fn>    <NULL>  <NULL> stat_1    
2190 TRT01A Placebo              AESOC  PSYCHIATRIC DISORDERS                                               AEDECOD                      COMPLETED SUICIDE                                                   hierarchical p         %            0.0116  1.2      <fn>    <NULL>  <NULL> stat_1    
2191 TRT01A Total                AESOC  PSYCHIATRIC DISORDERS                                               AEDECOD                      COMPLETED SUICIDE                                                   hierarchical n         n            1       1        <fn>    <NULL>  <NULL> stat_2    
2192 TRT01A Total                AESOC  PSYCHIATRIC DISORDERS                                               AEDECOD                      COMPLETED SUICIDE                                                   hierarchical N         N          306       306      <fn>    <NULL>  <NULL> stat_2    
2193 TRT01A Total                AESOC  PSYCHIATRIC DISORDERS                                               AEDECOD                      COMPLETED SUICIDE                                                   hierarchical p         %            0.00327 0.3      <fn>    <NULL>  <NULL> stat_2    
2194 TRT01A Xanomeline High Dose AESOC  PSYCHIATRIC DISORDERS                                               AEDECOD                      COMPLETED SUICIDE                                                   hierarchical n         n            0       0        <fn>    <NULL>  <NULL> stat_3    
2195 TRT01A Xanomeline High Dose AESOC  PSYCHIATRIC DISORDERS                                               AEDECOD                      COMPLETED SUICIDE                                                   hierarchical N         N           72       72       <fn>    <NULL>  <NULL> stat_3    
2196 TRT01A Xanomeline High Dose AESOC  PSYCHIATRIC DISORDERS                                               AEDECOD                      COMPLETED SUICIDE                                                   hierarchical p         %            0       0        <fn>    <NULL>  <NULL> stat_3    
2197 TRT01A Xanomeline Low Dose  AESOC  PSYCHIATRIC DISORDERS                                               AEDECOD                      COMPLETED SUICIDE                                                   hierarchical n         n            0       0        <fn>    <NULL>  <NULL> stat_4    
2198 TRT01A Xanomeline Low Dose  AESOC  PSYCHIATRIC DISORDERS                                               AEDECOD                      COMPLETED SUICIDE                                                   hierarchical N         N           96       96       <fn>    <NULL>  <NULL> stat_4    
2199 TRT01A Xanomeline Low Dose  AESOC  PSYCHIATRIC DISORDERS                                               AEDECOD                      COMPLETED SUICIDE                                                   hierarchical p         %            0       0        <fn>    <NULL>  <NULL> stat_4    
2200 TRT01A Placebo              AESOC  PSYCHIATRIC DISORDERS                                               AEDECOD                      CONFUSIONAL STATE                                                   hierarchical n         n            2       2        <fn>    <NULL>  <NULL> stat_1    
2201 TRT01A Placebo              AESOC  PSYCHIATRIC DISORDERS                                               AEDECOD                      CONFUSIONAL STATE                                                   hierarchical N         N           86       86       <fn>    <NULL>  <NULL> stat_1    
2202 TRT01A Placebo              AESOC  PSYCHIATRIC DISORDERS                                               AEDECOD                      CONFUSIONAL STATE                                                   hierarchical p         %            0.0233  2.3      <fn>    <NULL>  <NULL> stat_1    
2203 TRT01A Total                AESOC  PSYCHIATRIC DISORDERS                                               AEDECOD                      CONFUSIONAL STATE                                                   hierarchical n         n            6       6        <fn>    <NULL>  <NULL> stat_2    
2204 TRT01A Total                AESOC  PSYCHIATRIC DISORDERS                                               AEDECOD                      CONFUSIONAL STATE                                                   hierarchical N         N          306       306      <fn>    <NULL>  <NULL> stat_2    
2205 TRT01A Total                AESOC  PSYCHIATRIC DISORDERS                                               AEDECOD                      CONFUSIONAL STATE                                                   hierarchical p         %            0.0196  2.0      <fn>    <NULL>  <NULL> stat_2    
2206 TRT01A Xanomeline High Dose AESOC  PSYCHIATRIC DISORDERS                                               AEDECOD                      CONFUSIONAL STATE                                                   hierarchical n         n            1       1        <fn>    <NULL>  <NULL> stat_3    
2207 TRT01A Xanomeline High Dose AESOC  PSYCHIATRIC DISORDERS                                               AEDECOD                      CONFUSIONAL STATE                                                   hierarchical N         N           72       72       <fn>    <NULL>  <NULL> stat_3    
2208 TRT01A Xanomeline High Dose AESOC  PSYCHIATRIC DISORDERS                                               AEDECOD                      CONFUSIONAL STATE                                                   hierarchical p         %            0.0139  1.4      <fn>    <NULL>  <NULL> stat_3    
2209 TRT01A Xanomeline Low Dose  AESOC  PSYCHIATRIC DISORDERS                                               AEDECOD                      CONFUSIONAL STATE                                                   hierarchical n         n            3       3        <fn>    <NULL>  <NULL> stat_4    
2210 TRT01A Xanomeline Low Dose  AESOC  PSYCHIATRIC DISORDERS                                               AEDECOD                      CONFUSIONAL STATE                                                   hierarchical N         N           96       96       <fn>    <NULL>  <NULL> stat_4    
2211 TRT01A Xanomeline Low Dose  AESOC  PSYCHIATRIC DISORDERS                                               AEDECOD                      CONFUSIONAL STATE                                                   hierarchical p         %            0.0312  3.1      <fn>    <NULL>  <NULL> stat_4    
2212 TRT01A Placebo              AESOC  PSYCHIATRIC DISORDERS                                               AEDECOD                      DELIRIUM                                                            hierarchical n         n            0       0        <fn>    <NULL>  <NULL> stat_1    
2213 TRT01A Placebo              AESOC  PSYCHIATRIC DISORDERS                                               AEDECOD                      DELIRIUM                                                            hierarchical N         N           86       86       <fn>    <NULL>  <NULL> stat_1    
2214 TRT01A Placebo              AESOC  PSYCHIATRIC DISORDERS                                               AEDECOD                      DELIRIUM                                                            hierarchical p         %            0       0        <fn>    <NULL>  <NULL> stat_1    
2215 TRT01A Total                AESOC  PSYCHIATRIC DISORDERS                                               AEDECOD                      DELIRIUM                                                            hierarchical n         n            1       1        <fn>    <NULL>  <NULL> stat_2    
2216 TRT01A Total                AESOC  PSYCHIATRIC DISORDERS                                               AEDECOD                      DELIRIUM                                                            hierarchical N         N          306       306      <fn>    <NULL>  <NULL> stat_2    
2217 TRT01A Total                AESOC  PSYCHIATRIC DISORDERS                                               AEDECOD                      DELIRIUM                                                            hierarchical p         %            0.00327 0.3      <fn>    <NULL>  <NULL> stat_2    
2218 TRT01A Xanomeline High Dose AESOC  PSYCHIATRIC DISORDERS                                               AEDECOD                      DELIRIUM                                                            hierarchical n         n            1       1        <fn>    <NULL>  <NULL> stat_3    
2219 TRT01A Xanomeline High Dose AESOC  PSYCHIATRIC DISORDERS                                               AEDECOD                      DELIRIUM                                                            hierarchical N         N           72       72       <fn>    <NULL>  <NULL> stat_3    
2220 TRT01A Xanomeline High Dose AESOC  PSYCHIATRIC DISORDERS                                               AEDECOD                      DELIRIUM                                                            hierarchical p         %            0.0139  1.4      <fn>    <NULL>  <NULL> stat_3    
2221 TRT01A Xanomeline Low Dose  AESOC  PSYCHIATRIC DISORDERS                                               AEDECOD                      DELIRIUM                                                            hierarchical n         n            0       0        <fn>    <NULL>  <NULL> stat_4    
2222 TRT01A Xanomeline Low Dose  AESOC  PSYCHIATRIC DISORDERS                                               AEDECOD                      DELIRIUM                                                            hierarchical N         N           96       96       <fn>    <NULL>  <NULL> stat_4    
2223 TRT01A Xanomeline Low Dose  AESOC  PSYCHIATRIC DISORDERS                                               AEDECOD                      DELIRIUM                                                            hierarchical p         %            0       0        <fn>    <NULL>  <NULL> stat_4    
2224 TRT01A Placebo              AESOC  PSYCHIATRIC DISORDERS                                               AEDECOD                      DELUSION                                                            hierarchical n         n            1       1        <fn>    <NULL>  <NULL> stat_1    
2225 TRT01A Placebo              AESOC  PSYCHIATRIC DISORDERS                                               AEDECOD                      DELUSION                                                            hierarchical N         N           86       86       <fn>    <NULL>  <NULL> stat_1    
2226 TRT01A Placebo              AESOC  PSYCHIATRIC DISORDERS                                               AEDECOD                      DELUSION                                                            hierarchical p         %            0.0116  1.2      <fn>    <NULL>  <NULL> stat_1    
2227 TRT01A Total                AESOC  PSYCHIATRIC DISORDERS                                               AEDECOD                      DELUSION                                                            hierarchical n         n            2       2        <fn>    <NULL>  <NULL> stat_2    
2228 TRT01A Total                AESOC  PSYCHIATRIC DISORDERS                                               AEDECOD                      DELUSION                                                            hierarchical N         N          306       306      <fn>    <NULL>  <NULL> stat_2    
2229 TRT01A Total                AESOC  PSYCHIATRIC DISORDERS                                               AEDECOD                      DELUSION                                                            hierarchical p         %            0.00654 0.7      <fn>    <NULL>  <NULL> stat_2    
2230 TRT01A Xanomeline High Dose AESOC  PSYCHIATRIC DISORDERS                                               AEDECOD                      DELUSION                                                            hierarchical n         n            1       1        <fn>    <NULL>  <NULL> stat_3    
2231 TRT01A Xanomeline High Dose AESOC  PSYCHIATRIC DISORDERS                                               AEDECOD                      DELUSION                                                            hierarchical N         N           72       72       <fn>    <NULL>  <NULL> stat_3    
2232 TRT01A Xanomeline High Dose AESOC  PSYCHIATRIC DISORDERS                                               AEDECOD                      DELUSION                                                            hierarchical p         %            0.0139  1.4      <fn>    <NULL>  <NULL> stat_3    
2233 TRT01A Xanomeline Low Dose  AESOC  PSYCHIATRIC DISORDERS                                               AEDECOD                      DELUSION                                                            hierarchical n         n            0       0        <fn>    <NULL>  <NULL> stat_4    
2234 TRT01A Xanomeline Low Dose  AESOC  PSYCHIATRIC DISORDERS                                               AEDECOD                      DELUSION                                                            hierarchical N         N           96       96       <fn>    <NULL>  <NULL> stat_4    
2235 TRT01A Xanomeline Low Dose  AESOC  PSYCHIATRIC DISORDERS                                               AEDECOD                      DELUSION                                                            hierarchical p         %            0       0        <fn>    <NULL>  <NULL> stat_4    
2236 TRT01A Placebo              AESOC  PSYCHIATRIC DISORDERS                                               AEDECOD                      DEPRESSED MOOD                                                      hierarchical n         n            0       0        <fn>    <NULL>  <NULL> stat_1    
2237 TRT01A Placebo              AESOC  PSYCHIATRIC DISORDERS                                               AEDECOD                      DEPRESSED MOOD                                                      hierarchical N         N           86       86       <fn>    <NULL>  <NULL> stat_1    
2238 TRT01A Placebo              AESOC  PSYCHIATRIC DISORDERS                                               AEDECOD                      DEPRESSED MOOD                                                      hierarchical p         %            0       0        <fn>    <NULL>  <NULL> stat_1    
2239 TRT01A Total                AESOC  PSYCHIATRIC DISORDERS                                               AEDECOD                      DEPRESSED MOOD                                                      hierarchical n         n            1       1        <fn>    <NULL>  <NULL> stat_2    
2240 TRT01A Total                AESOC  PSYCHIATRIC DISORDERS                                               AEDECOD                      DEPRESSED MOOD                                                      hierarchical N         N          306       306      <fn>    <NULL>  <NULL> stat_2    
2241 TRT01A Total                AESOC  PSYCHIATRIC DISORDERS                                               AEDECOD                      DEPRESSED MOOD                                                      hierarchical p         %            0.00327 0.3      <fn>    <NULL>  <NULL> stat_2    
2242 TRT01A Xanomeline High Dose AESOC  PSYCHIATRIC DISORDERS                                               AEDECOD                      DEPRESSED MOOD                                                      hierarchical n         n            0       0        <fn>    <NULL>  <NULL> stat_3    
2243 TRT01A Xanomeline High Dose AESOC  PSYCHIATRIC DISORDERS                                               AEDECOD                      DEPRESSED MOOD                                                      hierarchical N         N           72       72       <fn>    <NULL>  <NULL> stat_3    
2244 TRT01A Xanomeline High Dose AESOC  PSYCHIATRIC DISORDERS                                               AEDECOD                      DEPRESSED MOOD                                                      hierarchical p         %            0       0        <fn>    <NULL>  <NULL> stat_3    
2245 TRT01A Xanomeline Low Dose  AESOC  PSYCHIATRIC DISORDERS                                               AEDECOD                      DEPRESSED MOOD                                                      hierarchical n         n            1       1        <fn>    <NULL>  <NULL> stat_4    
2246 TRT01A Xanomeline Low Dose  AESOC  PSYCHIATRIC DISORDERS                                               AEDECOD                      DEPRESSED MOOD                                                      hierarchical N         N           96       96       <fn>    <NULL>  <NULL> stat_4    
2247 TRT01A Xanomeline Low Dose  AESOC  PSYCHIATRIC DISORDERS                                               AEDECOD                      DEPRESSED MOOD                                                      hierarchical p         %            0.0104  1.0      <fn>    <NULL>  <NULL> stat_4    
2248 TRT01A Placebo              AESOC  PSYCHIATRIC DISORDERS                                               AEDECOD                      DISORIENTATION                                                      hierarchical n         n            1       1        <fn>    <NULL>  <NULL> stat_1    
2249 TRT01A Placebo              AESOC  PSYCHIATRIC DISORDERS                                               AEDECOD                      DISORIENTATION                                                      hierarchical N         N           86       86       <fn>    <NULL>  <NULL> stat_1    
2250 TRT01A Placebo              AESOC  PSYCHIATRIC DISORDERS                                               AEDECOD                      DISORIENTATION                                                      hierarchical p         %            0.0116  1.2      <fn>    <NULL>  <NULL> stat_1    
2251 TRT01A Total                AESOC  PSYCHIATRIC DISORDERS                                               AEDECOD                      DISORIENTATION                                                      hierarchical n         n            1       1        <fn>    <NULL>  <NULL> stat_2    
2252 TRT01A Total                AESOC  PSYCHIATRIC DISORDERS                                               AEDECOD                      DISORIENTATION                                                      hierarchical N         N          306       306      <fn>    <NULL>  <NULL> stat_2    
2253 TRT01A Total                AESOC  PSYCHIATRIC DISORDERS                                               AEDECOD                      DISORIENTATION                                                      hierarchical p         %            0.00327 0.3      <fn>    <NULL>  <NULL> stat_2    
2254 TRT01A Xanomeline High Dose AESOC  PSYCHIATRIC DISORDERS                                               AEDECOD                      DISORIENTATION                                                      hierarchical n         n            0       0        <fn>    <NULL>  <NULL> stat_3    
2255 TRT01A Xanomeline High Dose AESOC  PSYCHIATRIC DISORDERS                                               AEDECOD                      DISORIENTATION                                                      hierarchical N         N           72       72       <fn>    <NULL>  <NULL> stat_3    
2256 TRT01A Xanomeline High Dose AESOC  PSYCHIATRIC DISORDERS                                               AEDECOD                      DISORIENTATION                                                      hierarchical p         %            0       0        <fn>    <NULL>  <NULL> stat_3    
2257 TRT01A Xanomeline Low Dose  AESOC  PSYCHIATRIC DISORDERS                                               AEDECOD                      DISORIENTATION                                                      hierarchical n         n            0       0        <fn>    <NULL>  <NULL> stat_4    
2258 TRT01A Xanomeline Low Dose  AESOC  PSYCHIATRIC DISORDERS                                               AEDECOD                      DISORIENTATION                                                      hierarchical N         N           96       96       <fn>    <NULL>  <NULL> stat_4    
2259 TRT01A Xanomeline Low Dose  AESOC  PSYCHIATRIC DISORDERS                                               AEDECOD                      DISORIENTATION                                                      hierarchical p         %            0       0        <fn>    <NULL>  <NULL> stat_4    
2260 TRT01A Placebo              AESOC  PSYCHIATRIC DISORDERS                                               AEDECOD                      HALLUCINATION                                                       hierarchical n         n            0       0        <fn>    <NULL>  <NULL> stat_1    
2261 TRT01A Placebo              AESOC  PSYCHIATRIC DISORDERS                                               AEDECOD                      HALLUCINATION                                                       hierarchical N         N           86       86       <fn>    <NULL>  <NULL> stat_1    
2262 TRT01A Placebo              AESOC  PSYCHIATRIC DISORDERS                                               AEDECOD                      HALLUCINATION                                                       hierarchical p         %            0       0        <fn>    <NULL>  <NULL> stat_1    
2263 TRT01A Total                AESOC  PSYCHIATRIC DISORDERS                                               AEDECOD                      HALLUCINATION                                                       hierarchical n         n            1       1        <fn>    <NULL>  <NULL> stat_2    
2264 TRT01A Total                AESOC  PSYCHIATRIC DISORDERS                                               AEDECOD                      HALLUCINATION                                                       hierarchical N         N          306       306      <fn>    <NULL>  <NULL> stat_2    
2265 TRT01A Total                AESOC  PSYCHIATRIC DISORDERS                                               AEDECOD                      HALLUCINATION                                                       hierarchical p         %            0.00327 0.3      <fn>    <NULL>  <NULL> stat_2    
2266 TRT01A Xanomeline High Dose AESOC  PSYCHIATRIC DISORDERS                                               AEDECOD                      HALLUCINATION                                                       hierarchical n         n            1       1        <fn>    <NULL>  <NULL> stat_3    
2267 TRT01A Xanomeline High Dose AESOC  PSYCHIATRIC DISORDERS                                               AEDECOD                      HALLUCINATION                                                       hierarchical N         N           72       72       <fn>    <NULL>  <NULL> stat_3    
2268 TRT01A Xanomeline High Dose AESOC  PSYCHIATRIC DISORDERS                                               AEDECOD                      HALLUCINATION                                                       hierarchical p         %            0.0139  1.4      <fn>    <NULL>  <NULL> stat_3    
2269 TRT01A Xanomeline Low Dose  AESOC  PSYCHIATRIC DISORDERS                                               AEDECOD                      HALLUCINATION                                                       hierarchical n         n            0       0        <fn>    <NULL>  <NULL> stat_4    
2270 TRT01A Xanomeline Low Dose  AESOC  PSYCHIATRIC DISORDERS                                               AEDECOD                      HALLUCINATION                                                       hierarchical N         N           96       96       <fn>    <NULL>  <NULL> stat_4    
2271 TRT01A Xanomeline Low Dose  AESOC  PSYCHIATRIC DISORDERS                                               AEDECOD                      HALLUCINATION                                                       hierarchical p         %            0       0        <fn>    <NULL>  <NULL> stat_4    
2272 TRT01A Placebo              AESOC  PSYCHIATRIC DISORDERS                                               AEDECOD                      HALLUCINATION, VISUAL                                               hierarchical n         n            0       0        <fn>    <NULL>  <NULL> stat_1    
2273 TRT01A Placebo              AESOC  PSYCHIATRIC DISORDERS                                               AEDECOD                      HALLUCINATION, VISUAL                                               hierarchical N         N           86       86       <fn>    <NULL>  <NULL> stat_1    
2274 TRT01A Placebo              AESOC  PSYCHIATRIC DISORDERS                                               AEDECOD                      HALLUCINATION, VISUAL                                               hierarchical p         %            0       0        <fn>    <NULL>  <NULL> stat_1    
2275 TRT01A Total                AESOC  PSYCHIATRIC DISORDERS                                               AEDECOD                      HALLUCINATION, VISUAL                                               hierarchical n         n            1       1        <fn>    <NULL>  <NULL> stat_2    
2276 TRT01A Total                AESOC  PSYCHIATRIC DISORDERS                                               AEDECOD                      HALLUCINATION, VISUAL                                               hierarchical N         N          306       306      <fn>    <NULL>  <NULL> stat_2    
2277 TRT01A Total                AESOC  PSYCHIATRIC DISORDERS                                               AEDECOD                      HALLUCINATION, VISUAL                                               hierarchical p         %            0.00327 0.3      <fn>    <NULL>  <NULL> stat_2    
2278 TRT01A Xanomeline High Dose AESOC  PSYCHIATRIC DISORDERS                                               AEDECOD                      HALLUCINATION, VISUAL                                               hierarchical n         n            1       1        <fn>    <NULL>  <NULL> stat_3    
2279 TRT01A Xanomeline High Dose AESOC  PSYCHIATRIC DISORDERS                                               AEDECOD                      HALLUCINATION, VISUAL                                               hierarchical N         N           72       72       <fn>    <NULL>  <NULL> stat_3    
2280 TRT01A Xanomeline High Dose AESOC  PSYCHIATRIC DISORDERS                                               AEDECOD                      HALLUCINATION, VISUAL                                               hierarchical p         %            0.0139  1.4      <fn>    <NULL>  <NULL> stat_3    
2281 TRT01A Xanomeline Low Dose  AESOC  PSYCHIATRIC DISORDERS                                               AEDECOD                      HALLUCINATION, VISUAL                                               hierarchical n         n            0       0        <fn>    <NULL>  <NULL> stat_4    
2282 TRT01A Xanomeline Low Dose  AESOC  PSYCHIATRIC DISORDERS                                               AEDECOD                      HALLUCINATION, VISUAL                                               hierarchical N         N           96       96       <fn>    <NULL>  <NULL> stat_4    
2283 TRT01A Xanomeline Low Dose  AESOC  PSYCHIATRIC DISORDERS                                               AEDECOD                      HALLUCINATION, VISUAL                                               hierarchical p         %            0       0        <fn>    <NULL>  <NULL> stat_4    
2284 TRT01A Placebo              AESOC  PSYCHIATRIC DISORDERS                                               AEDECOD                      INSOMNIA                                                            hierarchical n         n            2       2        <fn>    <NULL>  <NULL> stat_1    
2285 TRT01A Placebo              AESOC  PSYCHIATRIC DISORDERS                                               AEDECOD                      INSOMNIA                                                            hierarchical N         N           86       86       <fn>    <NULL>  <NULL> stat_1    
2286 TRT01A Placebo              AESOC  PSYCHIATRIC DISORDERS                                               AEDECOD                      INSOMNIA                                                            hierarchical p         %            0.0233  2.3      <fn>    <NULL>  <NULL> stat_1    
2287 TRT01A Total                AESOC  PSYCHIATRIC DISORDERS                                               AEDECOD                      INSOMNIA                                                            hierarchical n         n            4       4        <fn>    <NULL>  <NULL> stat_2    
2288 TRT01A Total                AESOC  PSYCHIATRIC DISORDERS                                               AEDECOD                      INSOMNIA                                                            hierarchical N         N          306       306      <fn>    <NULL>  <NULL> stat_2    
2289 TRT01A Total                AESOC  PSYCHIATRIC DISORDERS                                               AEDECOD                      INSOMNIA                                                            hierarchical p         %            0.0131  1.3      <fn>    <NULL>  <NULL> stat_2    
2290 TRT01A Xanomeline High Dose AESOC  PSYCHIATRIC DISORDERS                                               AEDECOD                      INSOMNIA                                                            hierarchical n         n            2       2        <fn>    <NULL>  <NULL> stat_3    
2291 TRT01A Xanomeline High Dose AESOC  PSYCHIATRIC DISORDERS                                               AEDECOD                      INSOMNIA                                                            hierarchical N         N           72       72       <fn>    <NULL>  <NULL> stat_3    
2292 TRT01A Xanomeline High Dose AESOC  PSYCHIATRIC DISORDERS                                               AEDECOD                      INSOMNIA                                                            hierarchical p         %            0.0278  2.8      <fn>    <NULL>  <NULL> stat_3    
2293 TRT01A Xanomeline Low Dose  AESOC  PSYCHIATRIC DISORDERS                                               AEDECOD                      INSOMNIA                                                            hierarchical n         n            0       0        <fn>    <NULL>  <NULL> stat_4    
2294 TRT01A Xanomeline Low Dose  AESOC  PSYCHIATRIC DISORDERS                                               AEDECOD                      INSOMNIA                                                            hierarchical N         N           96       96       <fn>    <NULL>  <NULL> stat_4    
2295 TRT01A Xanomeline Low Dose  AESOC  PSYCHIATRIC DISORDERS                                               AEDECOD                      INSOMNIA                                                            hierarchical p         %            0       0        <fn>    <NULL>  <NULL> stat_4    
2296 TRT01A Placebo              AESOC  PSYCHIATRIC DISORDERS                                               AEDECOD                      IRRITABILITY                                                        hierarchical n         n            1       1        <fn>    <NULL>  <NULL> stat_1    
2297 TRT01A Placebo              AESOC  PSYCHIATRIC DISORDERS                                               AEDECOD                      IRRITABILITY                                                        hierarchical N         N           86       86       <fn>    <NULL>  <NULL> stat_1    
2298 TRT01A Placebo              AESOC  PSYCHIATRIC DISORDERS                                               AEDECOD                      IRRITABILITY                                                        hierarchical p         %            0.0116  1.2      <fn>    <NULL>  <NULL> stat_1    
2299 TRT01A Total                AESOC  PSYCHIATRIC DISORDERS                                               AEDECOD                      IRRITABILITY                                                        hierarchical n         n            2       2        <fn>    <NULL>  <NULL> stat_2    
2300 TRT01A Total                AESOC  PSYCHIATRIC DISORDERS                                               AEDECOD                      IRRITABILITY                                                        hierarchical N         N          306       306      <fn>    <NULL>  <NULL> stat_2    
2301 TRT01A Total                AESOC  PSYCHIATRIC DISORDERS                                               AEDECOD                      IRRITABILITY                                                        hierarchical p         %            0.00654 0.7      <fn>    <NULL>  <NULL> stat_2    
2302 TRT01A Xanomeline High Dose AESOC  PSYCHIATRIC DISORDERS                                               AEDECOD                      IRRITABILITY                                                        hierarchical n         n            0       0        <fn>    <NULL>  <NULL> stat_3    
2303 TRT01A Xanomeline High Dose AESOC  PSYCHIATRIC DISORDERS                                               AEDECOD                      IRRITABILITY                                                        hierarchical N         N           72       72       <fn>    <NULL>  <NULL> stat_3    
2304 TRT01A Xanomeline High Dose AESOC  PSYCHIATRIC DISORDERS                                               AEDECOD                      IRRITABILITY                                                        hierarchical p         %            0       0        <fn>    <NULL>  <NULL> stat_3    
2305 TRT01A Xanomeline Low Dose  AESOC  PSYCHIATRIC DISORDERS                                               AEDECOD                      IRRITABILITY                                                        hierarchical n         n            1       1        <fn>    <NULL>  <NULL> stat_4    
2306 TRT01A Xanomeline Low Dose  AESOC  PSYCHIATRIC DISORDERS                                               AEDECOD                      IRRITABILITY                                                        hierarchical N         N           96       96       <fn>    <NULL>  <NULL> stat_4    
2307 TRT01A Xanomeline Low Dose  AESOC  PSYCHIATRIC DISORDERS                                               AEDECOD                      IRRITABILITY                                                        hierarchical p         %            0.0104  1.0      <fn>    <NULL>  <NULL> stat_4    
2308 TRT01A Placebo              AESOC  PSYCHIATRIC DISORDERS                                               AEDECOD                      LIBIDO DECREASED                                                    hierarchical n         n            0       0        <fn>    <NULL>  <NULL> stat_1    
2309 TRT01A Placebo              AESOC  PSYCHIATRIC DISORDERS                                               AEDECOD                      LIBIDO DECREASED                                                    hierarchical N         N           86       86       <fn>    <NULL>  <NULL> stat_1    
2310 TRT01A Placebo              AESOC  PSYCHIATRIC DISORDERS                                               AEDECOD                      LIBIDO DECREASED                                                    hierarchical p         %            0       0        <fn>    <NULL>  <NULL> stat_1    
2311 TRT01A Total                AESOC  PSYCHIATRIC DISORDERS                                               AEDECOD                      LIBIDO DECREASED                                                    hierarchical n         n            1       1        <fn>    <NULL>  <NULL> stat_2    
2312 TRT01A Total                AESOC  PSYCHIATRIC DISORDERS                                               AEDECOD                      LIBIDO DECREASED                                                    hierarchical N         N          306       306      <fn>    <NULL>  <NULL> stat_2    
2313 TRT01A Total                AESOC  PSYCHIATRIC DISORDERS                                               AEDECOD                      LIBIDO DECREASED                                                    hierarchical p         %            0.00327 0.3      <fn>    <NULL>  <NULL> stat_2    
2314 TRT01A Xanomeline High Dose AESOC  PSYCHIATRIC DISORDERS                                               AEDECOD                      LIBIDO DECREASED                                                    hierarchical n         n            1       1        <fn>    <NULL>  <NULL> stat_3    
2315 TRT01A Xanomeline High Dose AESOC  PSYCHIATRIC DISORDERS                                               AEDECOD                      LIBIDO DECREASED                                                    hierarchical N         N           72       72       <fn>    <NULL>  <NULL> stat_3    
2316 TRT01A Xanomeline High Dose AESOC  PSYCHIATRIC DISORDERS                                               AEDECOD                      LIBIDO DECREASED                                                    hierarchical p         %            0.0139  1.4      <fn>    <NULL>  <NULL> stat_3    
2317 TRT01A Xanomeline Low Dose  AESOC  PSYCHIATRIC DISORDERS                                               AEDECOD                      LIBIDO DECREASED                                                    hierarchical n         n            0       0        <fn>    <NULL>  <NULL> stat_4    
2318 TRT01A Xanomeline Low Dose  AESOC  PSYCHIATRIC DISORDERS                                               AEDECOD                      LIBIDO DECREASED                                                    hierarchical N         N           96       96       <fn>    <NULL>  <NULL> stat_4    
2319 TRT01A Xanomeline Low Dose  AESOC  PSYCHIATRIC DISORDERS                                               AEDECOD                      LIBIDO DECREASED                                                    hierarchical p         %            0       0        <fn>    <NULL>  <NULL> stat_4    
2320 TRT01A Placebo              AESOC  PSYCHIATRIC DISORDERS                                               AEDECOD                      LISTLESS                                                            hierarchical n         n            0       0        <fn>    <NULL>  <NULL> stat_1    
2321 TRT01A Placebo              AESOC  PSYCHIATRIC DISORDERS                                               AEDECOD                      LISTLESS                                                            hierarchical N         N           86       86       <fn>    <NULL>  <NULL> stat_1    
2322 TRT01A Placebo              AESOC  PSYCHIATRIC DISORDERS                                               AEDECOD                      LISTLESS                                                            hierarchical p         %            0       0        <fn>    <NULL>  <NULL> stat_1    
2323 TRT01A Total                AESOC  PSYCHIATRIC DISORDERS                                               AEDECOD                      LISTLESS                                                            hierarchical n         n            1       1        <fn>    <NULL>  <NULL> stat_2    
2324 TRT01A Total                AESOC  PSYCHIATRIC DISORDERS                                               AEDECOD                      LISTLESS                                                            hierarchical N         N          306       306      <fn>    <NULL>  <NULL> stat_2    
2325 TRT01A Total                AESOC  PSYCHIATRIC DISORDERS                                               AEDECOD                      LISTLESS                                                            hierarchical p         %            0.00327 0.3      <fn>    <NULL>  <NULL> stat_2    
2326 TRT01A Xanomeline High Dose AESOC  PSYCHIATRIC DISORDERS                                               AEDECOD                      LISTLESS                                                            hierarchical n         n            1       1        <fn>    <NULL>  <NULL> stat_3    
2327 TRT01A Xanomeline High Dose AESOC  PSYCHIATRIC DISORDERS                                               AEDECOD                      LISTLESS                                                            hierarchical N         N           72       72       <fn>    <NULL>  <NULL> stat_3    
2328 TRT01A Xanomeline High Dose AESOC  PSYCHIATRIC DISORDERS                                               AEDECOD                      LISTLESS                                                            hierarchical p         %            0.0139  1.4      <fn>    <NULL>  <NULL> stat_3    
2329 TRT01A Xanomeline Low Dose  AESOC  PSYCHIATRIC DISORDERS                                               AEDECOD                      LISTLESS                                                            hierarchical n         n            0       0        <fn>    <NULL>  <NULL> stat_4    
2330 TRT01A Xanomeline Low Dose  AESOC  PSYCHIATRIC DISORDERS                                               AEDECOD                      LISTLESS                                                            hierarchical N         N           96       96       <fn>    <NULL>  <NULL> stat_4    
2331 TRT01A Xanomeline Low Dose  AESOC  PSYCHIATRIC DISORDERS                                               AEDECOD                      LISTLESS                                                            hierarchical p         %            0       0        <fn>    <NULL>  <NULL> stat_4    
2332 TRT01A Placebo              AESOC  PSYCHIATRIC DISORDERS                                               AEDECOD                      NIGHTMARE                                                           hierarchical n         n            0       0        <fn>    <NULL>  <NULL> stat_1    
2333 TRT01A Placebo              AESOC  PSYCHIATRIC DISORDERS                                               AEDECOD                      NIGHTMARE                                                           hierarchical N         N           86       86       <fn>    <NULL>  <NULL> stat_1    
2334 TRT01A Placebo              AESOC  PSYCHIATRIC DISORDERS                                               AEDECOD                      NIGHTMARE                                                           hierarchical p         %            0       0        <fn>    <NULL>  <NULL> stat_1    
2335 TRT01A Total                AESOC  PSYCHIATRIC DISORDERS                                               AEDECOD                      NIGHTMARE                                                           hierarchical n         n            1       1        <fn>    <NULL>  <NULL> stat_2    
2336 TRT01A Total                AESOC  PSYCHIATRIC DISORDERS                                               AEDECOD                      NIGHTMARE                                                           hierarchical N         N          306       306      <fn>    <NULL>  <NULL> stat_2    
2337 TRT01A Total                AESOC  PSYCHIATRIC DISORDERS                                               AEDECOD                      NIGHTMARE                                                           hierarchical p         %            0.00327 0.3      <fn>    <NULL>  <NULL> stat_2    
2338 TRT01A Xanomeline High Dose AESOC  PSYCHIATRIC DISORDERS                                               AEDECOD                      NIGHTMARE                                                           hierarchical n         n            1       1        <fn>    <NULL>  <NULL> stat_3    
2339 TRT01A Xanomeline High Dose AESOC  PSYCHIATRIC DISORDERS                                               AEDECOD                      NIGHTMARE                                                           hierarchical N         N           72       72       <fn>    <NULL>  <NULL> stat_3    
2340 TRT01A Xanomeline High Dose AESOC  PSYCHIATRIC DISORDERS                                               AEDECOD                      NIGHTMARE                                                           hierarchical p         %            0.0139  1.4      <fn>    <NULL>  <NULL> stat_3    
2341 TRT01A Xanomeline Low Dose  AESOC  PSYCHIATRIC DISORDERS                                               AEDECOD                      NIGHTMARE                                                           hierarchical n         n            0       0        <fn>    <NULL>  <NULL> stat_4    
2342 TRT01A Xanomeline Low Dose  AESOC  PSYCHIATRIC DISORDERS                                               AEDECOD                      NIGHTMARE                                                           hierarchical N         N           96       96       <fn>    <NULL>  <NULL> stat_4    
2343 TRT01A Xanomeline Low Dose  AESOC  PSYCHIATRIC DISORDERS                                               AEDECOD                      NIGHTMARE                                                           hierarchical p         %            0       0        <fn>    <NULL>  <NULL> stat_4    
2344 TRT01A Placebo              AESOC  PSYCHIATRIC DISORDERS                                               AEDECOD                      RESTLESSNESS                                                        hierarchical n         n            0       0        <fn>    <NULL>  <NULL> stat_1    
2345 TRT01A Placebo              AESOC  PSYCHIATRIC DISORDERS                                               AEDECOD                      RESTLESSNESS                                                        hierarchical N         N           86       86       <fn>    <NULL>  <NULL> stat_1    
2346 TRT01A Placebo              AESOC  PSYCHIATRIC DISORDERS                                               AEDECOD                      RESTLESSNESS                                                        hierarchical p         %            0       0        <fn>    <NULL>  <NULL> stat_1    
2347 TRT01A Total                AESOC  PSYCHIATRIC DISORDERS                                               AEDECOD                      RESTLESSNESS                                                        hierarchical n         n            1       1        <fn>    <NULL>  <NULL> stat_2    
2348 TRT01A Total                AESOC  PSYCHIATRIC DISORDERS                                               AEDECOD                      RESTLESSNESS                                                        hierarchical N         N          306       306      <fn>    <NULL>  <NULL> stat_2    
2349 TRT01A Total                AESOC  PSYCHIATRIC DISORDERS                                               AEDECOD                      RESTLESSNESS                                                        hierarchical p         %            0.00327 0.3      <fn>    <NULL>  <NULL> stat_2    
2350 TRT01A Xanomeline High Dose AESOC  PSYCHIATRIC DISORDERS                                               AEDECOD                      RESTLESSNESS                                                        hierarchical n         n            0       0        <fn>    <NULL>  <NULL> stat_3    
2351 TRT01A Xanomeline High Dose AESOC  PSYCHIATRIC DISORDERS                                               AEDECOD                      RESTLESSNESS                                                        hierarchical N         N           72       72       <fn>    <NULL>  <NULL> stat_3    
2352 TRT01A Xanomeline High Dose AESOC  PSYCHIATRIC DISORDERS                                               AEDECOD                      RESTLESSNESS                                                        hierarchical p         %            0       0        <fn>    <NULL>  <NULL> stat_3    
2353 TRT01A Xanomeline Low Dose  AESOC  PSYCHIATRIC DISORDERS                                               AEDECOD                      RESTLESSNESS                                                        hierarchical n         n            1       1        <fn>    <NULL>  <NULL> stat_4    
2354 TRT01A Xanomeline Low Dose  AESOC  PSYCHIATRIC DISORDERS                                               AEDECOD                      RESTLESSNESS                                                        hierarchical N         N           96       96       <fn>    <NULL>  <NULL> stat_4    
2355 TRT01A Xanomeline Low Dose  AESOC  PSYCHIATRIC DISORDERS                                               AEDECOD                      RESTLESSNESS                                                        hierarchical p         %            0.0104  1.0      <fn>    <NULL>  <NULL> stat_4    
2356 TRT01A Placebo              <NA>   <NULL>                                                              AESOC                        RENAL AND URINARY DISORDERS                                         hierarchical n         n            4       4        <fn>    <NULL>  <NULL> stat_1    
2357 TRT01A Placebo              <NA>   <NULL>                                                              AESOC                        RENAL AND URINARY DISORDERS                                         hierarchical N         N           86       86       <fn>    <NULL>  <NULL> stat_1    
2358 TRT01A Placebo              <NA>   <NULL>                                                              AESOC                        RENAL AND URINARY DISORDERS                                         hierarchical p         %            0.0465  4.7      <fn>    <NULL>  <NULL> stat_1    
2359 TRT01A Total                <NA>   <NULL>                                                              AESOC                        RENAL AND URINARY DISORDERS                                         hierarchical n         n           10       10       <fn>    <NULL>  <NULL> stat_2    
2360 TRT01A Total                <NA>   <NULL>                                                              AESOC                        RENAL AND URINARY DISORDERS                                         hierarchical N         N          306       306      <fn>    <NULL>  <NULL> stat_2    
2361 TRT01A Total                <NA>   <NULL>                                                              AESOC                        RENAL AND URINARY DISORDERS                                         hierarchical p         %            0.0327  3.3      <fn>    <NULL>  <NULL> stat_2    
2362 TRT01A Xanomeline High Dose <NA>   <NULL>                                                              AESOC                        RENAL AND URINARY DISORDERS                                         hierarchical n         n            3       3        <fn>    <NULL>  <NULL> stat_3    
2363 TRT01A Xanomeline High Dose <NA>   <NULL>                                                              AESOC                        RENAL AND URINARY DISORDERS                                         hierarchical N         N           72       72       <fn>    <NULL>  <NULL> stat_3    
2364 TRT01A Xanomeline High Dose <NA>   <NULL>                                                              AESOC                        RENAL AND URINARY DISORDERS                                         hierarchical p         %            0.0417  4.2      <fn>    <NULL>  <NULL> stat_3    
2365 TRT01A Xanomeline Low Dose  <NA>   <NULL>                                                              AESOC                        RENAL AND URINARY DISORDERS                                         hierarchical n         n            3       3        <fn>    <NULL>  <NULL> stat_4    
2366 TRT01A Xanomeline Low Dose  <NA>   <NULL>                                                              AESOC                        RENAL AND URINARY DISORDERS                                         hierarchical N         N           96       96       <fn>    <NULL>  <NULL> stat_4    
2367 TRT01A Xanomeline Low Dose  <NA>   <NULL>                                                              AESOC                        RENAL AND URINARY DISORDERS                                         hierarchical p         %            0.0312  3.1      <fn>    <NULL>  <NULL> stat_4    
2368 TRT01A Placebo              AESOC  RENAL AND URINARY DISORDERS                                         AEDECOD                      CALCULUS URETHRAL                                                   hierarchical n         n            0       0        <fn>    <NULL>  <NULL> stat_1    
2369 TRT01A Placebo              AESOC  RENAL AND URINARY DISORDERS                                         AEDECOD                      CALCULUS URETHRAL                                                   hierarchical N         N           86       86       <fn>    <NULL>  <NULL> stat_1    
2370 TRT01A Placebo              AESOC  RENAL AND URINARY DISORDERS                                         AEDECOD                      CALCULUS URETHRAL                                                   hierarchical p         %            0       0        <fn>    <NULL>  <NULL> stat_1    
2371 TRT01A Total                AESOC  RENAL AND URINARY DISORDERS                                         AEDECOD                      CALCULUS URETHRAL                                                   hierarchical n         n            1       1        <fn>    <NULL>  <NULL> stat_2    
2372 TRT01A Total                AESOC  RENAL AND URINARY DISORDERS                                         AEDECOD                      CALCULUS URETHRAL                                                   hierarchical N         N          306       306      <fn>    <NULL>  <NULL> stat_2    
2373 TRT01A Total                AESOC  RENAL AND URINARY DISORDERS                                         AEDECOD                      CALCULUS URETHRAL                                                   hierarchical p         %            0.00327 0.3      <fn>    <NULL>  <NULL> stat_2    
2374 TRT01A Xanomeline High Dose AESOC  RENAL AND URINARY DISORDERS                                         AEDECOD                      CALCULUS URETHRAL                                                   hierarchical n         n            1       1        <fn>    <NULL>  <NULL> stat_3    
2375 TRT01A Xanomeline High Dose AESOC  RENAL AND URINARY DISORDERS                                         AEDECOD                      CALCULUS URETHRAL                                                   hierarchical N         N           72       72       <fn>    <NULL>  <NULL> stat_3    
2376 TRT01A Xanomeline High Dose AESOC  RENAL AND URINARY DISORDERS                                         AEDECOD                      CALCULUS URETHRAL                                                   hierarchical p         %            0.0139  1.4      <fn>    <NULL>  <NULL> stat_3    
2377 TRT01A Xanomeline Low Dose  AESOC  RENAL AND URINARY DISORDERS                                         AEDECOD                      CALCULUS URETHRAL                                                   hierarchical n         n            0       0        <fn>    <NULL>  <NULL> stat_4    
2378 TRT01A Xanomeline Low Dose  AESOC  RENAL AND URINARY DISORDERS                                         AEDECOD                      CALCULUS URETHRAL                                                   hierarchical N         N           96       96       <fn>    <NULL>  <NULL> stat_4    
2379 TRT01A Xanomeline Low Dose  AESOC  RENAL AND URINARY DISORDERS                                         AEDECOD                      CALCULUS URETHRAL                                                   hierarchical p         %            0       0        <fn>    <NULL>  <NULL> stat_4    
2380 TRT01A Placebo              AESOC  RENAL AND URINARY DISORDERS                                         AEDECOD                      DYSURIA                                                             hierarchical n         n            1       1        <fn>    <NULL>  <NULL> stat_1    
2381 TRT01A Placebo              AESOC  RENAL AND URINARY DISORDERS                                         AEDECOD                      DYSURIA                                                             hierarchical N         N           86       86       <fn>    <NULL>  <NULL> stat_1    
2382 TRT01A Placebo              AESOC  RENAL AND URINARY DISORDERS                                         AEDECOD                      DYSURIA                                                             hierarchical p         %            0.0116  1.2      <fn>    <NULL>  <NULL> stat_1    
2383 TRT01A Total                AESOC  RENAL AND URINARY DISORDERS                                         AEDECOD                      DYSURIA                                                             hierarchical n         n            2       2        <fn>    <NULL>  <NULL> stat_2    
2384 TRT01A Total                AESOC  RENAL AND URINARY DISORDERS                                         AEDECOD                      DYSURIA                                                             hierarchical N         N          306       306      <fn>    <NULL>  <NULL> stat_2    
2385 TRT01A Total                AESOC  RENAL AND URINARY DISORDERS                                         AEDECOD                      DYSURIA                                                             hierarchical p         %            0.00654 0.7      <fn>    <NULL>  <NULL> stat_2    
2386 TRT01A Xanomeline High Dose AESOC  RENAL AND URINARY DISORDERS                                         AEDECOD                      DYSURIA                                                             hierarchical n         n            0       0        <fn>    <NULL>  <NULL> stat_3    
2387 TRT01A Xanomeline High Dose AESOC  RENAL AND URINARY DISORDERS                                         AEDECOD                      DYSURIA                                                             hierarchical N         N           72       72       <fn>    <NULL>  <NULL> stat_3    
2388 TRT01A Xanomeline High Dose AESOC  RENAL AND URINARY DISORDERS                                         AEDECOD                      DYSURIA                                                             hierarchical p         %            0       0        <fn>    <NULL>  <NULL> stat_3    
2389 TRT01A Xanomeline Low Dose  AESOC  RENAL AND URINARY DISORDERS                                         AEDECOD                      DYSURIA                                                             hierarchical n         n            1       1        <fn>    <NULL>  <NULL> stat_4    
2390 TRT01A Xanomeline Low Dose  AESOC  RENAL AND URINARY DISORDERS                                         AEDECOD                      DYSURIA                                                             hierarchical N         N           96       96       <fn>    <NULL>  <NULL> stat_4    
2391 TRT01A Xanomeline Low Dose  AESOC  RENAL AND URINARY DISORDERS                                         AEDECOD                      DYSURIA                                                             hierarchical p         %            0.0104  1.0      <fn>    <NULL>  <NULL> stat_4    
2392 TRT01A Placebo              AESOC  RENAL AND URINARY DISORDERS                                         AEDECOD                      INCONTINENCE                                                        hierarchical n         n            0       0        <fn>    <NULL>  <NULL> stat_1    
2393 TRT01A Placebo              AESOC  RENAL AND URINARY DISORDERS                                         AEDECOD                      INCONTINENCE                                                        hierarchical N         N           86       86       <fn>    <NULL>  <NULL> stat_1    
2394 TRT01A Placebo              AESOC  RENAL AND URINARY DISORDERS                                         AEDECOD                      INCONTINENCE                                                        hierarchical p         %            0       0        <fn>    <NULL>  <NULL> stat_1    
2395 TRT01A Total                AESOC  RENAL AND URINARY DISORDERS                                         AEDECOD                      INCONTINENCE                                                        hierarchical n         n            1       1        <fn>    <NULL>  <NULL> stat_2    
2396 TRT01A Total                AESOC  RENAL AND URINARY DISORDERS                                         AEDECOD                      INCONTINENCE                                                        hierarchical N         N          306       306      <fn>    <NULL>  <NULL> stat_2    
2397 TRT01A Total                AESOC  RENAL AND URINARY DISORDERS                                         AEDECOD                      INCONTINENCE                                                        hierarchical p         %            0.00327 0.3      <fn>    <NULL>  <NULL> stat_2    
2398 TRT01A Xanomeline High Dose AESOC  RENAL AND URINARY DISORDERS                                         AEDECOD                      INCONTINENCE                                                        hierarchical n         n            0       0        <fn>    <NULL>  <NULL> stat_3    
2399 TRT01A Xanomeline High Dose AESOC  RENAL AND URINARY DISORDERS                                         AEDECOD                      INCONTINENCE                                                        hierarchical N         N           72       72       <fn>    <NULL>  <NULL> stat_3    
2400 TRT01A Xanomeline High Dose AESOC  RENAL AND URINARY DISORDERS                                         AEDECOD                      INCONTINENCE                                                        hierarchical p         %            0       0        <fn>    <NULL>  <NULL> stat_3    
2401 TRT01A Xanomeline Low Dose  AESOC  RENAL AND URINARY DISORDERS                                         AEDECOD                      INCONTINENCE                                                        hierarchical n         n            1       1        <fn>    <NULL>  <NULL> stat_4    
2402 TRT01A Xanomeline Low Dose  AESOC  RENAL AND URINARY DISORDERS                                         AEDECOD                      INCONTINENCE                                                        hierarchical N         N           96       96       <fn>    <NULL>  <NULL> stat_4    
2403 TRT01A Xanomeline Low Dose  AESOC  RENAL AND URINARY DISORDERS                                         AEDECOD                      INCONTINENCE                                                        hierarchical p         %            0.0104  1.0      <fn>    <NULL>  <NULL> stat_4    
2404 TRT01A Placebo              AESOC  RENAL AND URINARY DISORDERS                                         AEDECOD                      MICTURITION URGENCY                                                 hierarchical n         n            1       1        <fn>    <NULL>  <NULL> stat_1    
2405 TRT01A Placebo              AESOC  RENAL AND URINARY DISORDERS                                         AEDECOD                      MICTURITION URGENCY                                                 hierarchical N         N           86       86       <fn>    <NULL>  <NULL> stat_1    
2406 TRT01A Placebo              AESOC  RENAL AND URINARY DISORDERS                                         AEDECOD                      MICTURITION URGENCY                                                 hierarchical p         %            0.0116  1.2      <fn>    <NULL>  <NULL> stat_1    
2407 TRT01A Total                AESOC  RENAL AND URINARY DISORDERS                                         AEDECOD                      MICTURITION URGENCY                                                 hierarchical n         n            3       3        <fn>    <NULL>  <NULL> stat_2    
2408 TRT01A Total                AESOC  RENAL AND URINARY DISORDERS                                         AEDECOD                      MICTURITION URGENCY                                                 hierarchical N         N          306       306      <fn>    <NULL>  <NULL> stat_2    
2409 TRT01A Total                AESOC  RENAL AND URINARY DISORDERS                                         AEDECOD                      MICTURITION URGENCY                                                 hierarchical p         %            0.00980 1.0      <fn>    <NULL>  <NULL> stat_2    
2410 TRT01A Xanomeline High Dose AESOC  RENAL AND URINARY DISORDERS                                         AEDECOD                      MICTURITION URGENCY                                                 hierarchical n         n            1       1        <fn>    <NULL>  <NULL> stat_3    
2411 TRT01A Xanomeline High Dose AESOC  RENAL AND URINARY DISORDERS                                         AEDECOD                      MICTURITION URGENCY                                                 hierarchical N         N           72       72       <fn>    <NULL>  <NULL> stat_3    
2412 TRT01A Xanomeline High Dose AESOC  RENAL AND URINARY DISORDERS                                         AEDECOD                      MICTURITION URGENCY                                                 hierarchical p         %            0.0139  1.4      <fn>    <NULL>  <NULL> stat_3    
2413 TRT01A Xanomeline Low Dose  AESOC  RENAL AND URINARY DISORDERS                                         AEDECOD                      MICTURITION URGENCY                                                 hierarchical n         n            1       1        <fn>    <NULL>  <NULL> stat_4    
2414 TRT01A Xanomeline Low Dose  AESOC  RENAL AND URINARY DISORDERS                                         AEDECOD                      MICTURITION URGENCY                                                 hierarchical N         N           96       96       <fn>    <NULL>  <NULL> stat_4    
2415 TRT01A Xanomeline Low Dose  AESOC  RENAL AND URINARY DISORDERS                                         AEDECOD                      MICTURITION URGENCY                                                 hierarchical p         %            0.0104  1.0      <fn>    <NULL>  <NULL> stat_4    
2416 TRT01A Placebo              AESOC  RENAL AND URINARY DISORDERS                                         AEDECOD                      NEPHROLITHIASIS                                                     hierarchical n         n            1       1        <fn>    <NULL>  <NULL> stat_1    
2417 TRT01A Placebo              AESOC  RENAL AND URINARY DISORDERS                                         AEDECOD                      NEPHROLITHIASIS                                                     hierarchical N         N           86       86       <fn>    <NULL>  <NULL> stat_1    
2418 TRT01A Placebo              AESOC  RENAL AND URINARY DISORDERS                                         AEDECOD                      NEPHROLITHIASIS                                                     hierarchical p         %            0.0116  1.2      <fn>    <NULL>  <NULL> stat_1    
2419 TRT01A Total                AESOC  RENAL AND URINARY DISORDERS                                         AEDECOD                      NEPHROLITHIASIS                                                     hierarchical n         n            2       2        <fn>    <NULL>  <NULL> stat_2    
2420 TRT01A Total                AESOC  RENAL AND URINARY DISORDERS                                         AEDECOD                      NEPHROLITHIASIS                                                     hierarchical N         N          306       306      <fn>    <NULL>  <NULL> stat_2    
2421 TRT01A Total                AESOC  RENAL AND URINARY DISORDERS                                         AEDECOD                      NEPHROLITHIASIS                                                     hierarchical p         %            0.00654 0.7      <fn>    <NULL>  <NULL> stat_2    
2422 TRT01A Xanomeline High Dose AESOC  RENAL AND URINARY DISORDERS                                         AEDECOD                      NEPHROLITHIASIS                                                     hierarchical n         n            1       1        <fn>    <NULL>  <NULL> stat_3    
2423 TRT01A Xanomeline High Dose AESOC  RENAL AND URINARY DISORDERS                                         AEDECOD                      NEPHROLITHIASIS                                                     hierarchical N         N           72       72       <fn>    <NULL>  <NULL> stat_3    
2424 TRT01A Xanomeline High Dose AESOC  RENAL AND URINARY DISORDERS                                         AEDECOD                      NEPHROLITHIASIS                                                     hierarchical p         %            0.0139  1.4      <fn>    <NULL>  <NULL> stat_3    
2425 TRT01A Xanomeline Low Dose  AESOC  RENAL AND URINARY DISORDERS                                         AEDECOD                      NEPHROLITHIASIS                                                     hierarchical n         n            0       0        <fn>    <NULL>  <NULL> stat_4    
2426 TRT01A Xanomeline Low Dose  AESOC  RENAL AND URINARY DISORDERS                                         AEDECOD                      NEPHROLITHIASIS                                                     hierarchical N         N           96       96       <fn>    <NULL>  <NULL> stat_4    
2427 TRT01A Xanomeline Low Dose  AESOC  RENAL AND URINARY DISORDERS                                         AEDECOD                      NEPHROLITHIASIS                                                     hierarchical p         %            0       0        <fn>    <NULL>  <NULL> stat_4    
2428 TRT01A Placebo              AESOC  RENAL AND URINARY DISORDERS                                         AEDECOD                      POLLAKIURIA                                                         hierarchical n         n            1       1        <fn>    <NULL>  <NULL> stat_1    
2429 TRT01A Placebo              AESOC  RENAL AND URINARY DISORDERS                                         AEDECOD                      POLLAKIURIA                                                         hierarchical N         N           86       86       <fn>    <NULL>  <NULL> stat_1    
2430 TRT01A Placebo              AESOC  RENAL AND URINARY DISORDERS                                         AEDECOD                      POLLAKIURIA                                                         hierarchical p         %            0.0116  1.2      <fn>    <NULL>  <NULL> stat_1    
2431 TRT01A Total                AESOC  RENAL AND URINARY DISORDERS                                         AEDECOD                      POLLAKIURIA                                                         hierarchical n         n            1       1        <fn>    <NULL>  <NULL> stat_2    
2432 TRT01A Total                AESOC  RENAL AND URINARY DISORDERS                                         AEDECOD                      POLLAKIURIA                                                         hierarchical N         N          306       306      <fn>    <NULL>  <NULL> stat_2    
2433 TRT01A Total                AESOC  RENAL AND URINARY DISORDERS                                         AEDECOD                      POLLAKIURIA                                                         hierarchical p         %            0.00327 0.3      <fn>    <NULL>  <NULL> stat_2    
2434 TRT01A Xanomeline High Dose AESOC  RENAL AND URINARY DISORDERS                                         AEDECOD                      POLLAKIURIA                                                         hierarchical n         n            0       0        <fn>    <NULL>  <NULL> stat_3    
2435 TRT01A Xanomeline High Dose AESOC  RENAL AND URINARY DISORDERS                                         AEDECOD                      POLLAKIURIA                                                         hierarchical N         N           72       72       <fn>    <NULL>  <NULL> stat_3    
2436 TRT01A Xanomeline High Dose AESOC  RENAL AND URINARY DISORDERS                                         AEDECOD                      POLLAKIURIA                                                         hierarchical p         %            0       0        <fn>    <NULL>  <NULL> stat_3    
2437 TRT01A Xanomeline Low Dose  AESOC  RENAL AND URINARY DISORDERS                                         AEDECOD                      POLLAKIURIA                                                         hierarchical n         n            0       0        <fn>    <NULL>  <NULL> stat_4    
2438 TRT01A Xanomeline Low Dose  AESOC  RENAL AND URINARY DISORDERS                                         AEDECOD                      POLLAKIURIA                                                         hierarchical N         N           96       96       <fn>    <NULL>  <NULL> stat_4    
2439 TRT01A Xanomeline Low Dose  AESOC  RENAL AND URINARY DISORDERS                                         AEDECOD                      POLLAKIURIA                                                         hierarchical p         %            0       0        <fn>    <NULL>  <NULL> stat_4    
2440 TRT01A Placebo              <NA>   <NULL>                                                              AESOC                        REPRODUCTIVE SYSTEM AND BREAST DISORDERS                            hierarchical n         n            2       2        <fn>    <NULL>  <NULL> stat_1    
2441 TRT01A Placebo              <NA>   <NULL>                                                              AESOC                        REPRODUCTIVE SYSTEM AND BREAST DISORDERS                            hierarchical N         N           86       86       <fn>    <NULL>  <NULL> stat_1    
2442 TRT01A Placebo              <NA>   <NULL>                                                              AESOC                        REPRODUCTIVE SYSTEM AND BREAST DISORDERS                            hierarchical p         %            0.0233  2.3      <fn>    <NULL>  <NULL> stat_1    
2443 TRT01A Total                <NA>   <NULL>                                                              AESOC                        REPRODUCTIVE SYSTEM AND BREAST DISORDERS                            hierarchical n         n            3       3        <fn>    <NULL>  <NULL> stat_2    
2444 TRT01A Total                <NA>   <NULL>                                                              AESOC                        REPRODUCTIVE SYSTEM AND BREAST DISORDERS                            hierarchical N         N          306       306      <fn>    <NULL>  <NULL> stat_2    
2445 TRT01A Total                <NA>   <NULL>                                                              AESOC                        REPRODUCTIVE SYSTEM AND BREAST DISORDERS                            hierarchical p         %            0.00980 1.0      <fn>    <NULL>  <NULL> stat_2    
2446 TRT01A Xanomeline High Dose <NA>   <NULL>                                                              AESOC                        REPRODUCTIVE SYSTEM AND BREAST DISORDERS                            hierarchical n         n            1       1        <fn>    <NULL>  <NULL> stat_3    
2447 TRT01A Xanomeline High Dose <NA>   <NULL>                                                              AESOC                        REPRODUCTIVE SYSTEM AND BREAST DISORDERS                            hierarchical N         N           72       72       <fn>    <NULL>  <NULL> stat_3    
2448 TRT01A Xanomeline High Dose <NA>   <NULL>                                                              AESOC                        REPRODUCTIVE SYSTEM AND BREAST DISORDERS                            hierarchical p         %            0.0139  1.4      <fn>    <NULL>  <NULL> stat_3    
2449 TRT01A Xanomeline Low Dose  <NA>   <NULL>                                                              AESOC                        REPRODUCTIVE SYSTEM AND BREAST DISORDERS                            hierarchical n         n            0       0        <fn>    <NULL>  <NULL> stat_4    
2450 TRT01A Xanomeline Low Dose  <NA>   <NULL>                                                              AESOC                        REPRODUCTIVE SYSTEM AND BREAST DISORDERS                            hierarchical N         N           96       96       <fn>    <NULL>  <NULL> stat_4    
2451 TRT01A Xanomeline Low Dose  <NA>   <NULL>                                                              AESOC                        REPRODUCTIVE SYSTEM AND BREAST DISORDERS                            hierarchical p         %            0       0        <fn>    <NULL>  <NULL> stat_4    
2452 TRT01A Placebo              AESOC  REPRODUCTIVE SYSTEM AND BREAST DISORDERS                            AEDECOD                      BENIGN PROSTATIC HYPERPLASIA                                        hierarchical n         n            1       1        <fn>    <NULL>  <NULL> stat_1    
2453 TRT01A Placebo              AESOC  REPRODUCTIVE SYSTEM AND BREAST DISORDERS                            AEDECOD                      BENIGN PROSTATIC HYPERPLASIA                                        hierarchical N         N           86       86       <fn>    <NULL>  <NULL> stat_1    
2454 TRT01A Placebo              AESOC  REPRODUCTIVE SYSTEM AND BREAST DISORDERS                            AEDECOD                      BENIGN PROSTATIC HYPERPLASIA                                        hierarchical p         %            0.0116  1.2      <fn>    <NULL>  <NULL> stat_1    
2455 TRT01A Total                AESOC  REPRODUCTIVE SYSTEM AND BREAST DISORDERS                            AEDECOD                      BENIGN PROSTATIC HYPERPLASIA                                        hierarchical n         n            2       2        <fn>    <NULL>  <NULL> stat_2    
2456 TRT01A Total                AESOC  REPRODUCTIVE SYSTEM AND BREAST DISORDERS                            AEDECOD                      BENIGN PROSTATIC HYPERPLASIA                                        hierarchical N         N          306       306      <fn>    <NULL>  <NULL> stat_2    
2457 TRT01A Total                AESOC  REPRODUCTIVE SYSTEM AND BREAST DISORDERS                            AEDECOD                      BENIGN PROSTATIC HYPERPLASIA                                        hierarchical p         %            0.00654 0.7      <fn>    <NULL>  <NULL> stat_2    
2458 TRT01A Xanomeline High Dose AESOC  REPRODUCTIVE SYSTEM AND BREAST DISORDERS                            AEDECOD                      BENIGN PROSTATIC HYPERPLASIA                                        hierarchical n         n            1       1        <fn>    <NULL>  <NULL> stat_3    
2459 TRT01A Xanomeline High Dose AESOC  REPRODUCTIVE SYSTEM AND BREAST DISORDERS                            AEDECOD                      BENIGN PROSTATIC HYPERPLASIA                                        hierarchical N         N           72       72       <fn>    <NULL>  <NULL> stat_3    
2460 TRT01A Xanomeline High Dose AESOC  REPRODUCTIVE SYSTEM AND BREAST DISORDERS                            AEDECOD                      BENIGN PROSTATIC HYPERPLASIA                                        hierarchical p         %            0.0139  1.4      <fn>    <NULL>  <NULL> stat_3    
2461 TRT01A Xanomeline Low Dose  AESOC  REPRODUCTIVE SYSTEM AND BREAST DISORDERS                            AEDECOD                      BENIGN PROSTATIC HYPERPLASIA                                        hierarchical n         n            0       0        <fn>    <NULL>  <NULL> stat_4    
2462 TRT01A Xanomeline Low Dose  AESOC  REPRODUCTIVE SYSTEM AND BREAST DISORDERS                            AEDECOD                      BENIGN PROSTATIC HYPERPLASIA                                        hierarchical N         N           96       96       <fn>    <NULL>  <NULL> stat_4    
2463 TRT01A Xanomeline Low Dose  AESOC  REPRODUCTIVE SYSTEM AND BREAST DISORDERS                            AEDECOD                      BENIGN PROSTATIC HYPERPLASIA                                        hierarchical p         %            0       0        <fn>    <NULL>  <NULL> stat_4    
2464 TRT01A Placebo              AESOC  REPRODUCTIVE SYSTEM AND BREAST DISORDERS                            AEDECOD                      PELVIC PAIN                                                         hierarchical n         n            1       1        <fn>    <NULL>  <NULL> stat_1    
2465 TRT01A Placebo              AESOC  REPRODUCTIVE SYSTEM AND BREAST DISORDERS                            AEDECOD                      PELVIC PAIN                                                         hierarchical N         N           86       86       <fn>    <NULL>  <NULL> stat_1    
2466 TRT01A Placebo              AESOC  REPRODUCTIVE SYSTEM AND BREAST DISORDERS                            AEDECOD                      PELVIC PAIN                                                         hierarchical p         %            0.0116  1.2      <fn>    <NULL>  <NULL> stat_1    
2467 TRT01A Total                AESOC  REPRODUCTIVE SYSTEM AND BREAST DISORDERS                            AEDECOD                      PELVIC PAIN                                                         hierarchical n         n            1       1        <fn>    <NULL>  <NULL> stat_2    
2468 TRT01A Total                AESOC  REPRODUCTIVE SYSTEM AND BREAST DISORDERS                            AEDECOD                      PELVIC PAIN                                                         hierarchical N         N          306       306      <fn>    <NULL>  <NULL> stat_2    
2469 TRT01A Total                AESOC  REPRODUCTIVE SYSTEM AND BREAST DISORDERS                            AEDECOD                      PELVIC PAIN                                                         hierarchical p         %            0.00327 0.3      <fn>    <NULL>  <NULL> stat_2    
2470 TRT01A Xanomeline High Dose AESOC  REPRODUCTIVE SYSTEM AND BREAST DISORDERS                            AEDECOD                      PELVIC PAIN                                                         hierarchical n         n            0       0        <fn>    <NULL>  <NULL> stat_3    
2471 TRT01A Xanomeline High Dose AESOC  REPRODUCTIVE SYSTEM AND BREAST DISORDERS                            AEDECOD                      PELVIC PAIN                                                         hierarchical N         N           72       72       <fn>    <NULL>  <NULL> stat_3    
2472 TRT01A Xanomeline High Dose AESOC  REPRODUCTIVE SYSTEM AND BREAST DISORDERS                            AEDECOD                      PELVIC PAIN                                                         hierarchical p         %            0       0        <fn>    <NULL>  <NULL> stat_3    
2473 TRT01A Xanomeline Low Dose  AESOC  REPRODUCTIVE SYSTEM AND BREAST DISORDERS                            AEDECOD                      PELVIC PAIN                                                         hierarchical n         n            0       0        <fn>    <NULL>  <NULL> stat_4    
2474 TRT01A Xanomeline Low Dose  AESOC  REPRODUCTIVE SYSTEM AND BREAST DISORDERS                            AEDECOD                      PELVIC PAIN                                                         hierarchical N         N           96       96       <fn>    <NULL>  <NULL> stat_4    
2475 TRT01A Xanomeline Low Dose  AESOC  REPRODUCTIVE SYSTEM AND BREAST DISORDERS                            AEDECOD                      PELVIC PAIN                                                         hierarchical p         %            0       0        <fn>    <NULL>  <NULL> stat_4    
2476 TRT01A Placebo              <NA>   <NULL>                                                              AESOC                        RESPIRATORY, THORACIC AND MEDIASTINAL DISORDERS                     hierarchical n         n            8       8        <fn>    <NULL>  <NULL> stat_1    
2477 TRT01A Placebo              <NA>   <NULL>                                                              AESOC                        RESPIRATORY, THORACIC AND MEDIASTINAL DISORDERS                     hierarchical N         N           86       86       <fn>    <NULL>  <NULL> stat_1    
2478 TRT01A Placebo              <NA>   <NULL>                                                              AESOC                        RESPIRATORY, THORACIC AND MEDIASTINAL DISORDERS                     hierarchical p         %            0.0930  9.3      <fn>    <NULL>  <NULL> stat_1    
2479 TRT01A Total                <NA>   <NULL>                                                              AESOC                        RESPIRATORY, THORACIC AND MEDIASTINAL DISORDERS                     hierarchical n         n           27       27       <fn>    <NULL>  <NULL> stat_2    
2480 TRT01A Total                <NA>   <NULL>                                                              AESOC                        RESPIRATORY, THORACIC AND MEDIASTINAL DISORDERS                     hierarchical N         N          306       306      <fn>    <NULL>  <NULL> stat_2    
2481 TRT01A Total                <NA>   <NULL>                                                              AESOC                        RESPIRATORY, THORACIC AND MEDIASTINAL DISORDERS                     hierarchical p         %            0.0882  8.8      <fn>    <NULL>  <NULL> stat_2    
2482 TRT01A Xanomeline High Dose <NA>   <NULL>                                                              AESOC                        RESPIRATORY, THORACIC AND MEDIASTINAL DISORDERS                     hierarchical n         n           10       10       <fn>    <NULL>  <NULL> stat_3    
2483 TRT01A Xanomeline High Dose <NA>   <NULL>                                                              AESOC                        RESPIRATORY, THORACIC AND MEDIASTINAL DISORDERS                     hierarchical N         N           72       72       <fn>    <NULL>  <NULL> stat_3    
2484 TRT01A Xanomeline High Dose <NA>   <NULL>                                                              AESOC                        RESPIRATORY, THORACIC AND MEDIASTINAL DISORDERS                     hierarchical p         %            0.139   14       <fn>    <NULL>  <NULL> stat_3    
2485 TRT01A Xanomeline Low Dose  <NA>   <NULL>                                                              AESOC                        RESPIRATORY, THORACIC AND MEDIASTINAL DISORDERS                     hierarchical n         n            9       9        <fn>    <NULL>  <NULL> stat_4    
2486 TRT01A Xanomeline Low Dose  <NA>   <NULL>                                                              AESOC                        RESPIRATORY, THORACIC AND MEDIASTINAL DISORDERS                     hierarchical N         N           96       96       <fn>    <NULL>  <NULL> stat_4    
2487 TRT01A Xanomeline Low Dose  <NA>   <NULL>                                                              AESOC                        RESPIRATORY, THORACIC AND MEDIASTINAL DISORDERS                     hierarchical p         %            0.0938  9.4      <fn>    <NULL>  <NULL> stat_4    
2488 TRT01A Placebo              AESOC  RESPIRATORY, THORACIC AND MEDIASTINAL DISORDERS                     AEDECOD                      ALLERGIC GRANULOMATOUS ANGIITIS                                     hierarchical n         n            0       0        <fn>    <NULL>  <NULL> stat_1    
2489 TRT01A Placebo              AESOC  RESPIRATORY, THORACIC AND MEDIASTINAL DISORDERS                     AEDECOD                      ALLERGIC GRANULOMATOUS ANGIITIS                                     hierarchical N         N           86       86       <fn>    <NULL>  <NULL> stat_1    
2490 TRT01A Placebo              AESOC  RESPIRATORY, THORACIC AND MEDIASTINAL DISORDERS                     AEDECOD                      ALLERGIC GRANULOMATOUS ANGIITIS                                     hierarchical p         %            0       0        <fn>    <NULL>  <NULL> stat_1    
2491 TRT01A Total                AESOC  RESPIRATORY, THORACIC AND MEDIASTINAL DISORDERS                     AEDECOD                      ALLERGIC GRANULOMATOUS ANGIITIS                                     hierarchical n         n            1       1        <fn>    <NULL>  <NULL> stat_2    
2492 TRT01A Total                AESOC  RESPIRATORY, THORACIC AND MEDIASTINAL DISORDERS                     AEDECOD                      ALLERGIC GRANULOMATOUS ANGIITIS                                     hierarchical N         N          306       306      <fn>    <NULL>  <NULL> stat_2    
2493 TRT01A Total                AESOC  RESPIRATORY, THORACIC AND MEDIASTINAL DISORDERS                     AEDECOD                      ALLERGIC GRANULOMATOUS ANGIITIS                                     hierarchical p         %            0.00327 0.3      <fn>    <NULL>  <NULL> stat_2    
2494 TRT01A Xanomeline High Dose AESOC  RESPIRATORY, THORACIC AND MEDIASTINAL DISORDERS                     AEDECOD                      ALLERGIC GRANULOMATOUS ANGIITIS                                     hierarchical n         n            1       1        <fn>    <NULL>  <NULL> stat_3    
2495 TRT01A Xanomeline High Dose AESOC  RESPIRATORY, THORACIC AND MEDIASTINAL DISORDERS                     AEDECOD                      ALLERGIC GRANULOMATOUS ANGIITIS                                     hierarchical N         N           72       72       <fn>    <NULL>  <NULL> stat_3    
2496 TRT01A Xanomeline High Dose AESOC  RESPIRATORY, THORACIC AND MEDIASTINAL DISORDERS                     AEDECOD                      ALLERGIC GRANULOMATOUS ANGIITIS                                     hierarchical p         %            0.0139  1.4      <fn>    <NULL>  <NULL> stat_3    
2497 TRT01A Xanomeline Low Dose  AESOC  RESPIRATORY, THORACIC AND MEDIASTINAL DISORDERS                     AEDECOD                      ALLERGIC GRANULOMATOUS ANGIITIS                                     hierarchical n         n            0       0        <fn>    <NULL>  <NULL> stat_4    
2498 TRT01A Xanomeline Low Dose  AESOC  RESPIRATORY, THORACIC AND MEDIASTINAL DISORDERS                     AEDECOD                      ALLERGIC GRANULOMATOUS ANGIITIS                                     hierarchical N         N           96       96       <fn>    <NULL>  <NULL> stat_4    
2499 TRT01A Xanomeline Low Dose  AESOC  RESPIRATORY, THORACIC AND MEDIASTINAL DISORDERS                     AEDECOD                      ALLERGIC GRANULOMATOUS ANGIITIS                                     hierarchical p         %            0       0        <fn>    <NULL>  <NULL> stat_4    
2500 TRT01A Placebo              AESOC  RESPIRATORY, THORACIC AND MEDIASTINAL DISORDERS                     AEDECOD                      COUGH                                                               hierarchical n         n            1       1        <fn>    <NULL>  <NULL> stat_1    
2501 TRT01A Placebo              AESOC  RESPIRATORY, THORACIC AND MEDIASTINAL DISORDERS                     AEDECOD                      COUGH                                                               hierarchical N         N           86       86       <fn>    <NULL>  <NULL> stat_1    
2502 TRT01A Placebo              AESOC  RESPIRATORY, THORACIC AND MEDIASTINAL DISORDERS                     AEDECOD                      COUGH                                                               hierarchical p         %            0.0116  1.2      <fn>    <NULL>  <NULL> stat_1    
2503 TRT01A Total                AESOC  RESPIRATORY, THORACIC AND MEDIASTINAL DISORDERS                     AEDECOD                      COUGH                                                               hierarchical n         n           11       11       <fn>    <NULL>  <NULL> stat_2    
2504 TRT01A Total                AESOC  RESPIRATORY, THORACIC AND MEDIASTINAL DISORDERS                     AEDECOD                      COUGH                                                               hierarchical N         N          306       306      <fn>    <NULL>  <NULL> stat_2    
2505 TRT01A Total                AESOC  RESPIRATORY, THORACIC AND MEDIASTINAL DISORDERS                     AEDECOD                      COUGH                                                               hierarchical p         %            0.0359  3.6      <fn>    <NULL>  <NULL> stat_2    
2506 TRT01A Xanomeline High Dose AESOC  RESPIRATORY, THORACIC AND MEDIASTINAL DISORDERS                     AEDECOD                      COUGH                                                               hierarchical n         n            5       5        <fn>    <NULL>  <NULL> stat_3    
2507 TRT01A Xanomeline High Dose AESOC  RESPIRATORY, THORACIC AND MEDIASTINAL DISORDERS                     AEDECOD                      COUGH                                                               hierarchical N         N           72       72       <fn>    <NULL>  <NULL> stat_3    
2508 TRT01A Xanomeline High Dose AESOC  RESPIRATORY, THORACIC AND MEDIASTINAL DISORDERS                     AEDECOD                      COUGH                                                               hierarchical p         %            0.0694  6.9      <fn>    <NULL>  <NULL> stat_3    
2509 TRT01A Xanomeline Low Dose  AESOC  RESPIRATORY, THORACIC AND MEDIASTINAL DISORDERS                     AEDECOD                      COUGH                                                               hierarchical n         n            5       5        <fn>    <NULL>  <NULL> stat_4    
2510 TRT01A Xanomeline Low Dose  AESOC  RESPIRATORY, THORACIC AND MEDIASTINAL DISORDERS                     AEDECOD                      COUGH                                                               hierarchical N         N           96       96       <fn>    <NULL>  <NULL> stat_4    
2511 TRT01A Xanomeline Low Dose  AESOC  RESPIRATORY, THORACIC AND MEDIASTINAL DISORDERS                     AEDECOD                      COUGH                                                               hierarchical p         %            0.0521  5.2      <fn>    <NULL>  <NULL> stat_4    
2512 TRT01A Placebo              AESOC  RESPIRATORY, THORACIC AND MEDIASTINAL DISORDERS                     AEDECOD                      DYSPHONIA                                                           hierarchical n         n            0       0        <fn>    <NULL>  <NULL> stat_1    
2513 TRT01A Placebo              AESOC  RESPIRATORY, THORACIC AND MEDIASTINAL DISORDERS                     AEDECOD                      DYSPHONIA                                                           hierarchical N         N           86       86       <fn>    <NULL>  <NULL> stat_1    
2514 TRT01A Placebo              AESOC  RESPIRATORY, THORACIC AND MEDIASTINAL DISORDERS                     AEDECOD                      DYSPHONIA                                                           hierarchical p         %            0       0        <fn>    <NULL>  <NULL> stat_1    
2515 TRT01A Total                AESOC  RESPIRATORY, THORACIC AND MEDIASTINAL DISORDERS                     AEDECOD                      DYSPHONIA                                                           hierarchical n         n            1       1        <fn>    <NULL>  <NULL> stat_2    
2516 TRT01A Total                AESOC  RESPIRATORY, THORACIC AND MEDIASTINAL DISORDERS                     AEDECOD                      DYSPHONIA                                                           hierarchical N         N          306       306      <fn>    <NULL>  <NULL> stat_2    
2517 TRT01A Total                AESOC  RESPIRATORY, THORACIC AND MEDIASTINAL DISORDERS                     AEDECOD                      DYSPHONIA                                                           hierarchical p         %            0.00327 0.3      <fn>    <NULL>  <NULL> stat_2    
2518 TRT01A Xanomeline High Dose AESOC  RESPIRATORY, THORACIC AND MEDIASTINAL DISORDERS                     AEDECOD                      DYSPHONIA                                                           hierarchical n         n            0       0        <fn>    <NULL>  <NULL> stat_3    
2519 TRT01A Xanomeline High Dose AESOC  RESPIRATORY, THORACIC AND MEDIASTINAL DISORDERS                     AEDECOD                      DYSPHONIA                                                           hierarchical N         N           72       72       <fn>    <NULL>  <NULL> stat_3    
2520 TRT01A Xanomeline High Dose AESOC  RESPIRATORY, THORACIC AND MEDIASTINAL DISORDERS                     AEDECOD                      DYSPHONIA                                                           hierarchical p         %            0       0        <fn>    <NULL>  <NULL> stat_3    
2521 TRT01A Xanomeline Low Dose  AESOC  RESPIRATORY, THORACIC AND MEDIASTINAL DISORDERS                     AEDECOD                      DYSPHONIA                                                           hierarchical n         n            1       1        <fn>    <NULL>  <NULL> stat_4    
2522 TRT01A Xanomeline Low Dose  AESOC  RESPIRATORY, THORACIC AND MEDIASTINAL DISORDERS                     AEDECOD                      DYSPHONIA                                                           hierarchical N         N           96       96       <fn>    <NULL>  <NULL> stat_4    
2523 TRT01A Xanomeline Low Dose  AESOC  RESPIRATORY, THORACIC AND MEDIASTINAL DISORDERS                     AEDECOD                      DYSPHONIA                                                           hierarchical p         %            0.0104  1.0      <fn>    <NULL>  <NULL> stat_4    
2524 TRT01A Placebo              AESOC  RESPIRATORY, THORACIC AND MEDIASTINAL DISORDERS                     AEDECOD                      DYSPNOEA                                                            hierarchical n         n            1       1        <fn>    <NULL>  <NULL> stat_1    
2525 TRT01A Placebo              AESOC  RESPIRATORY, THORACIC AND MEDIASTINAL DISORDERS                     AEDECOD                      DYSPNOEA                                                            hierarchical N         N           86       86       <fn>    <NULL>  <NULL> stat_1    
2526 TRT01A Placebo              AESOC  RESPIRATORY, THORACIC AND MEDIASTINAL DISORDERS                     AEDECOD                      DYSPNOEA                                                            hierarchical p         %            0.0116  1.2      <fn>    <NULL>  <NULL> stat_1    
2527 TRT01A Total                AESOC  RESPIRATORY, THORACIC AND MEDIASTINAL DISORDERS                     AEDECOD                      DYSPNOEA                                                            hierarchical n         n            3       3        <fn>    <NULL>  <NULL> stat_2    
2528 TRT01A Total                AESOC  RESPIRATORY, THORACIC AND MEDIASTINAL DISORDERS                     AEDECOD                      DYSPNOEA                                                            hierarchical N         N          306       306      <fn>    <NULL>  <NULL> stat_2    
2529 TRT01A Total                AESOC  RESPIRATORY, THORACIC AND MEDIASTINAL DISORDERS                     AEDECOD                      DYSPNOEA                                                            hierarchical p         %            0.00980 1.0      <fn>    <NULL>  <NULL> stat_2    
2530 TRT01A Xanomeline High Dose AESOC  RESPIRATORY, THORACIC AND MEDIASTINAL DISORDERS                     AEDECOD                      DYSPNOEA                                                            hierarchical n         n            1       1        <fn>    <NULL>  <NULL> stat_3    
2531 TRT01A Xanomeline High Dose AESOC  RESPIRATORY, THORACIC AND MEDIASTINAL DISORDERS                     AEDECOD                      DYSPNOEA                                                            hierarchical N         N           72       72       <fn>    <NULL>  <NULL> stat_3    
2532 TRT01A Xanomeline High Dose AESOC  RESPIRATORY, THORACIC AND MEDIASTINAL DISORDERS                     AEDECOD                      DYSPNOEA                                                            hierarchical p         %            0.0139  1.4      <fn>    <NULL>  <NULL> stat_3    
2533 TRT01A Xanomeline Low Dose  AESOC  RESPIRATORY, THORACIC AND MEDIASTINAL DISORDERS                     AEDECOD                      DYSPNOEA                                                            hierarchical n         n            1       1        <fn>    <NULL>  <NULL> stat_4    
2534 TRT01A Xanomeline Low Dose  AESOC  RESPIRATORY, THORACIC AND MEDIASTINAL DISORDERS                     AEDECOD                      DYSPNOEA                                                            hierarchical N         N           96       96       <fn>    <NULL>  <NULL> stat_4    
2535 TRT01A Xanomeline Low Dose  AESOC  RESPIRATORY, THORACIC AND MEDIASTINAL DISORDERS                     AEDECOD                      DYSPNOEA                                                            hierarchical p         %            0.0104  1.0      <fn>    <NULL>  <NULL> stat_4    
2536 TRT01A Placebo              AESOC  RESPIRATORY, THORACIC AND MEDIASTINAL DISORDERS                     AEDECOD                      EMPHYSEMA                                                           hierarchical n         n            1       1        <fn>    <NULL>  <NULL> stat_1    
2537 TRT01A Placebo              AESOC  RESPIRATORY, THORACIC AND MEDIASTINAL DISORDERS                     AEDECOD                      EMPHYSEMA                                                           hierarchical N         N           86       86       <fn>    <NULL>  <NULL> stat_1    
2538 TRT01A Placebo              AESOC  RESPIRATORY, THORACIC AND MEDIASTINAL DISORDERS                     AEDECOD                      EMPHYSEMA                                                           hierarchical p         %            0.0116  1.2      <fn>    <NULL>  <NULL> stat_1    
2539 TRT01A Total                AESOC  RESPIRATORY, THORACIC AND MEDIASTINAL DISORDERS                     AEDECOD                      EMPHYSEMA                                                           hierarchical n         n            1       1        <fn>    <NULL>  <NULL> stat_2    
2540 TRT01A Total                AESOC  RESPIRATORY, THORACIC AND MEDIASTINAL DISORDERS                     AEDECOD                      EMPHYSEMA                                                           hierarchical N         N          306       306      <fn>    <NULL>  <NULL> stat_2    
2541 TRT01A Total                AESOC  RESPIRATORY, THORACIC AND MEDIASTINAL DISORDERS                     AEDECOD                      EMPHYSEMA                                                           hierarchical p         %            0.00327 0.3      <fn>    <NULL>  <NULL> stat_2    
2542 TRT01A Xanomeline High Dose AESOC  RESPIRATORY, THORACIC AND MEDIASTINAL DISORDERS                     AEDECOD                      EMPHYSEMA                                                           hierarchical n         n            0       0        <fn>    <NULL>  <NULL> stat_3    
2543 TRT01A Xanomeline High Dose AESOC  RESPIRATORY, THORACIC AND MEDIASTINAL DISORDERS                     AEDECOD                      EMPHYSEMA                                                           hierarchical N         N           72       72       <fn>    <NULL>  <NULL> stat_3    
2544 TRT01A Xanomeline High Dose AESOC  RESPIRATORY, THORACIC AND MEDIASTINAL DISORDERS                     AEDECOD                      EMPHYSEMA                                                           hierarchical p         %            0       0        <fn>    <NULL>  <NULL> stat_3    
2545 TRT01A Xanomeline Low Dose  AESOC  RESPIRATORY, THORACIC AND MEDIASTINAL DISORDERS                     AEDECOD                      EMPHYSEMA                                                           hierarchical n         n            0       0        <fn>    <NULL>  <NULL> stat_4    
2546 TRT01A Xanomeline Low Dose  AESOC  RESPIRATORY, THORACIC AND MEDIASTINAL DISORDERS                     AEDECOD                      EMPHYSEMA                                                           hierarchical N         N           96       96       <fn>    <NULL>  <NULL> stat_4    
2547 TRT01A Xanomeline Low Dose  AESOC  RESPIRATORY, THORACIC AND MEDIASTINAL DISORDERS                     AEDECOD                      EMPHYSEMA                                                           hierarchical p         %            0       0        <fn>    <NULL>  <NULL> stat_4    
2548 TRT01A Placebo              AESOC  RESPIRATORY, THORACIC AND MEDIASTINAL DISORDERS                     AEDECOD                      EPISTAXIS                                                           hierarchical n         n            0       0        <fn>    <NULL>  <NULL> stat_1    
2549 TRT01A Placebo              AESOC  RESPIRATORY, THORACIC AND MEDIASTINAL DISORDERS                     AEDECOD                      EPISTAXIS                                                           hierarchical N         N           86       86       <fn>    <NULL>  <NULL> stat_1    
2550 TRT01A Placebo              AESOC  RESPIRATORY, THORACIC AND MEDIASTINAL DISORDERS                     AEDECOD                      EPISTAXIS                                                           hierarchical p         %            0       0        <fn>    <NULL>  <NULL> stat_1    
2551 TRT01A Total                AESOC  RESPIRATORY, THORACIC AND MEDIASTINAL DISORDERS                     AEDECOD                      EPISTAXIS                                                           hierarchical n         n            3       3        <fn>    <NULL>  <NULL> stat_2    
2552 TRT01A Total                AESOC  RESPIRATORY, THORACIC AND MEDIASTINAL DISORDERS                     AEDECOD                      EPISTAXIS                                                           hierarchical N         N          306       306      <fn>    <NULL>  <NULL> stat_2    
2553 TRT01A Total                AESOC  RESPIRATORY, THORACIC AND MEDIASTINAL DISORDERS                     AEDECOD                      EPISTAXIS                                                           hierarchical p         %            0.00980 1.0      <fn>    <NULL>  <NULL> stat_2    
2554 TRT01A Xanomeline High Dose AESOC  RESPIRATORY, THORACIC AND MEDIASTINAL DISORDERS                     AEDECOD                      EPISTAXIS                                                           hierarchical n         n            2       2        <fn>    <NULL>  <NULL> stat_3    
2555 TRT01A Xanomeline High Dose AESOC  RESPIRATORY, THORACIC AND MEDIASTINAL DISORDERS                     AEDECOD                      EPISTAXIS                                                           hierarchical N         N           72       72       <fn>    <NULL>  <NULL> stat_3    
2556 TRT01A Xanomeline High Dose AESOC  RESPIRATORY, THORACIC AND MEDIASTINAL DISORDERS                     AEDECOD                      EPISTAXIS                                                           hierarchical p         %            0.0278  2.8      <fn>    <NULL>  <NULL> stat_3    
2557 TRT01A Xanomeline Low Dose  AESOC  RESPIRATORY, THORACIC AND MEDIASTINAL DISORDERS                     AEDECOD                      EPISTAXIS                                                           hierarchical n         n            1       1        <fn>    <NULL>  <NULL> stat_4    
2558 TRT01A Xanomeline Low Dose  AESOC  RESPIRATORY, THORACIC AND MEDIASTINAL DISORDERS                     AEDECOD                      EPISTAXIS                                                           hierarchical N         N           96       96       <fn>    <NULL>  <NULL> stat_4    
2559 TRT01A Xanomeline Low Dose  AESOC  RESPIRATORY, THORACIC AND MEDIASTINAL DISORDERS                     AEDECOD                      EPISTAXIS                                                           hierarchical p         %            0.0104  1.0      <fn>    <NULL>  <NULL> stat_4    
2560 TRT01A Placebo              AESOC  RESPIRATORY, THORACIC AND MEDIASTINAL DISORDERS                     AEDECOD                      HAEMOPTYSIS                                                         hierarchical n         n            1       1        <fn>    <NULL>  <NULL> stat_1    
2561 TRT01A Placebo              AESOC  RESPIRATORY, THORACIC AND MEDIASTINAL DISORDERS                     AEDECOD                      HAEMOPTYSIS                                                         hierarchical N         N           86       86       <fn>    <NULL>  <NULL> stat_1    
2562 TRT01A Placebo              AESOC  RESPIRATORY, THORACIC AND MEDIASTINAL DISORDERS                     AEDECOD                      HAEMOPTYSIS                                                         hierarchical p         %            0.0116  1.2      <fn>    <NULL>  <NULL> stat_1    
2563 TRT01A Total                AESOC  RESPIRATORY, THORACIC AND MEDIASTINAL DISORDERS                     AEDECOD                      HAEMOPTYSIS                                                         hierarchical n         n            1       1        <fn>    <NULL>  <NULL> stat_2    
2564 TRT01A Total                AESOC  RESPIRATORY, THORACIC AND MEDIASTINAL DISORDERS                     AEDECOD                      HAEMOPTYSIS                                                         hierarchical N         N          306       306      <fn>    <NULL>  <NULL> stat_2    
2565 TRT01A Total                AESOC  RESPIRATORY, THORACIC AND MEDIASTINAL DISORDERS                     AEDECOD                      HAEMOPTYSIS                                                         hierarchical p         %            0.00327 0.3      <fn>    <NULL>  <NULL> stat_2    
2566 TRT01A Xanomeline High Dose AESOC  RESPIRATORY, THORACIC AND MEDIASTINAL DISORDERS                     AEDECOD                      HAEMOPTYSIS                                                         hierarchical n         n            0       0        <fn>    <NULL>  <NULL> stat_3    
2567 TRT01A Xanomeline High Dose AESOC  RESPIRATORY, THORACIC AND MEDIASTINAL DISORDERS                     AEDECOD                      HAEMOPTYSIS                                                         hierarchical N         N           72       72       <fn>    <NULL>  <NULL> stat_3    
2568 TRT01A Xanomeline High Dose AESOC  RESPIRATORY, THORACIC AND MEDIASTINAL DISORDERS                     AEDECOD                      HAEMOPTYSIS                                                         hierarchical p         %            0       0        <fn>    <NULL>  <NULL> stat_3    
2569 TRT01A Xanomeline Low Dose  AESOC  RESPIRATORY, THORACIC AND MEDIASTINAL DISORDERS                     AEDECOD                      HAEMOPTYSIS                                                         hierarchical n         n            0       0        <fn>    <NULL>  <NULL> stat_4    
2570 TRT01A Xanomeline Low Dose  AESOC  RESPIRATORY, THORACIC AND MEDIASTINAL DISORDERS                     AEDECOD                      HAEMOPTYSIS                                                         hierarchical N         N           96       96       <fn>    <NULL>  <NULL> stat_4    
2571 TRT01A Xanomeline Low Dose  AESOC  RESPIRATORY, THORACIC AND MEDIASTINAL DISORDERS                     AEDECOD                      HAEMOPTYSIS                                                         hierarchical p         %            0       0        <fn>    <NULL>  <NULL> stat_4    
2572 TRT01A Placebo              AESOC  RESPIRATORY, THORACIC AND MEDIASTINAL DISORDERS                     AEDECOD                      NASAL CONGESTION                                                    hierarchical n         n            3       3        <fn>    <NULL>  <NULL> stat_1    
2573 TRT01A Placebo              AESOC  RESPIRATORY, THORACIC AND MEDIASTINAL DISORDERS                     AEDECOD                      NASAL CONGESTION                                                    hierarchical N         N           86       86       <fn>    <NULL>  <NULL> stat_1    
2574 TRT01A Placebo              AESOC  RESPIRATORY, THORACIC AND MEDIASTINAL DISORDERS                     AEDECOD                      NASAL CONGESTION                                                    hierarchical p         %            0.0349  3.5      <fn>    <NULL>  <NULL> stat_1    
2575 TRT01A Total                AESOC  RESPIRATORY, THORACIC AND MEDIASTINAL DISORDERS                     AEDECOD                      NASAL CONGESTION                                                    hierarchical n         n            7       7        <fn>    <NULL>  <NULL> stat_2    
2576 TRT01A Total                AESOC  RESPIRATORY, THORACIC AND MEDIASTINAL DISORDERS                     AEDECOD                      NASAL CONGESTION                                                    hierarchical N         N          306       306      <fn>    <NULL>  <NULL> stat_2    
2577 TRT01A Total                AESOC  RESPIRATORY, THORACIC AND MEDIASTINAL DISORDERS                     AEDECOD                      NASAL CONGESTION                                                    hierarchical p         %            0.0229  2.3      <fn>    <NULL>  <NULL> stat_2    
2578 TRT01A Xanomeline High Dose AESOC  RESPIRATORY, THORACIC AND MEDIASTINAL DISORDERS                     AEDECOD                      NASAL CONGESTION                                                    hierarchical n         n            3       3        <fn>    <NULL>  <NULL> stat_3    
2579 TRT01A Xanomeline High Dose AESOC  RESPIRATORY, THORACIC AND MEDIASTINAL DISORDERS                     AEDECOD                      NASAL CONGESTION                                                    hierarchical N         N           72       72       <fn>    <NULL>  <NULL> stat_3    
2580 TRT01A Xanomeline High Dose AESOC  RESPIRATORY, THORACIC AND MEDIASTINAL DISORDERS                     AEDECOD                      NASAL CONGESTION                                                    hierarchical p         %            0.0417  4.2      <fn>    <NULL>  <NULL> stat_3    
2581 TRT01A Xanomeline Low Dose  AESOC  RESPIRATORY, THORACIC AND MEDIASTINAL DISORDERS                     AEDECOD                      NASAL CONGESTION                                                    hierarchical n         n            1       1        <fn>    <NULL>  <NULL> stat_4    
2582 TRT01A Xanomeline Low Dose  AESOC  RESPIRATORY, THORACIC AND MEDIASTINAL DISORDERS                     AEDECOD                      NASAL CONGESTION                                                    hierarchical N         N           96       96       <fn>    <NULL>  <NULL> stat_4    
2583 TRT01A Xanomeline Low Dose  AESOC  RESPIRATORY, THORACIC AND MEDIASTINAL DISORDERS                     AEDECOD                      NASAL CONGESTION                                                    hierarchical p         %            0.0104  1.0      <fn>    <NULL>  <NULL> stat_4    
2584 TRT01A Placebo              AESOC  RESPIRATORY, THORACIC AND MEDIASTINAL DISORDERS                     AEDECOD                      PHARYNGEAL ERYTHEMA                                                 hierarchical n         n            0       0        <fn>    <NULL>  <NULL> stat_1    
2585 TRT01A Placebo              AESOC  RESPIRATORY, THORACIC AND MEDIASTINAL DISORDERS                     AEDECOD                      PHARYNGEAL ERYTHEMA                                                 hierarchical N         N           86       86       <fn>    <NULL>  <NULL> stat_1    
2586 TRT01A Placebo              AESOC  RESPIRATORY, THORACIC AND MEDIASTINAL DISORDERS                     AEDECOD                      PHARYNGEAL ERYTHEMA                                                 hierarchical p         %            0       0        <fn>    <NULL>  <NULL> stat_1    
2587 TRT01A Total                AESOC  RESPIRATORY, THORACIC AND MEDIASTINAL DISORDERS                     AEDECOD                      PHARYNGEAL ERYTHEMA                                                 hierarchical n         n            1       1        <fn>    <NULL>  <NULL> stat_2    
2588 TRT01A Total                AESOC  RESPIRATORY, THORACIC AND MEDIASTINAL DISORDERS                     AEDECOD                      PHARYNGEAL ERYTHEMA                                                 hierarchical N         N          306       306      <fn>    <NULL>  <NULL> stat_2    
2589 TRT01A Total                AESOC  RESPIRATORY, THORACIC AND MEDIASTINAL DISORDERS                     AEDECOD                      PHARYNGEAL ERYTHEMA                                                 hierarchical p         %            0.00327 0.3      <fn>    <NULL>  <NULL> stat_2    
2590 TRT01A Xanomeline High Dose AESOC  RESPIRATORY, THORACIC AND MEDIASTINAL DISORDERS                     AEDECOD                      PHARYNGEAL ERYTHEMA                                                 hierarchical n         n            1       1        <fn>    <NULL>  <NULL> stat_3    
2591 TRT01A Xanomeline High Dose AESOC  RESPIRATORY, THORACIC AND MEDIASTINAL DISORDERS                     AEDECOD                      PHARYNGEAL ERYTHEMA                                                 hierarchical N         N           72       72       <fn>    <NULL>  <NULL> stat_3    
2592 TRT01A Xanomeline High Dose AESOC  RESPIRATORY, THORACIC AND MEDIASTINAL DISORDERS                     AEDECOD                      PHARYNGEAL ERYTHEMA                                                 hierarchical p         %            0.0139  1.4      <fn>    <NULL>  <NULL> stat_3    
2593 TRT01A Xanomeline Low Dose  AESOC  RESPIRATORY, THORACIC AND MEDIASTINAL DISORDERS                     AEDECOD                      PHARYNGEAL ERYTHEMA                                                 hierarchical n         n            0       0        <fn>    <NULL>  <NULL> stat_4    
2594 TRT01A Xanomeline Low Dose  AESOC  RESPIRATORY, THORACIC AND MEDIASTINAL DISORDERS                     AEDECOD                      PHARYNGEAL ERYTHEMA                                                 hierarchical N         N           96       96       <fn>    <NULL>  <NULL> stat_4    
2595 TRT01A Xanomeline Low Dose  AESOC  RESPIRATORY, THORACIC AND MEDIASTINAL DISORDERS                     AEDECOD                      PHARYNGEAL ERYTHEMA                                                 hierarchical p         %            0       0        <fn>    <NULL>  <NULL> stat_4    
2596 TRT01A Placebo              AESOC  RESPIRATORY, THORACIC AND MEDIASTINAL DISORDERS                     AEDECOD                      PHARYNGOLARYNGEAL PAIN                                              hierarchical n         n            0       0        <fn>    <NULL>  <NULL> stat_1    
2597 TRT01A Placebo              AESOC  RESPIRATORY, THORACIC AND MEDIASTINAL DISORDERS                     AEDECOD                      PHARYNGOLARYNGEAL PAIN                                              hierarchical N         N           86       86       <fn>    <NULL>  <NULL> stat_1    
2598 TRT01A Placebo              AESOC  RESPIRATORY, THORACIC AND MEDIASTINAL DISORDERS                     AEDECOD                      PHARYNGOLARYNGEAL PAIN                                              hierarchical p         %            0       0        <fn>    <NULL>  <NULL> stat_1    
2599 TRT01A Total                AESOC  RESPIRATORY, THORACIC AND MEDIASTINAL DISORDERS                     AEDECOD                      PHARYNGOLARYNGEAL PAIN                                              hierarchical n         n            2       2        <fn>    <NULL>  <NULL> stat_2    
2600 TRT01A Total                AESOC  RESPIRATORY, THORACIC AND MEDIASTINAL DISORDERS                     AEDECOD                      PHARYNGOLARYNGEAL PAIN                                              hierarchical N         N          306       306      <fn>    <NULL>  <NULL> stat_2    
2601 TRT01A Total                AESOC  RESPIRATORY, THORACIC AND MEDIASTINAL DISORDERS                     AEDECOD                      PHARYNGOLARYNGEAL PAIN                                              hierarchical p         %            0.00654 0.7      <fn>    <NULL>  <NULL> stat_2    
2602 TRT01A Xanomeline High Dose AESOC  RESPIRATORY, THORACIC AND MEDIASTINAL DISORDERS                     AEDECOD                      PHARYNGOLARYNGEAL PAIN                                              hierarchical n         n            1       1        <fn>    <NULL>  <NULL> stat_3    
2603 TRT01A Xanomeline High Dose AESOC  RESPIRATORY, THORACIC AND MEDIASTINAL DISORDERS                     AEDECOD                      PHARYNGOLARYNGEAL PAIN                                              hierarchical N         N           72       72       <fn>    <NULL>  <NULL> stat_3    
2604 TRT01A Xanomeline High Dose AESOC  RESPIRATORY, THORACIC AND MEDIASTINAL DISORDERS                     AEDECOD                      PHARYNGOLARYNGEAL PAIN                                              hierarchical p         %            0.0139  1.4      <fn>    <NULL>  <NULL> stat_3    
2605 TRT01A Xanomeline Low Dose  AESOC  RESPIRATORY, THORACIC AND MEDIASTINAL DISORDERS                     AEDECOD                      PHARYNGOLARYNGEAL PAIN                                              hierarchical n         n            1       1        <fn>    <NULL>  <NULL> stat_4    
2606 TRT01A Xanomeline Low Dose  AESOC  RESPIRATORY, THORACIC AND MEDIASTINAL DISORDERS                     AEDECOD                      PHARYNGOLARYNGEAL PAIN                                              hierarchical N         N           96       96       <fn>    <NULL>  <NULL> stat_4    
2607 TRT01A Xanomeline Low Dose  AESOC  RESPIRATORY, THORACIC AND MEDIASTINAL DISORDERS                     AEDECOD                      PHARYNGOLARYNGEAL PAIN                                              hierarchical p         %            0.0104  1.0      <fn>    <NULL>  <NULL> stat_4    
2608 TRT01A Placebo              AESOC  RESPIRATORY, THORACIC AND MEDIASTINAL DISORDERS                     AEDECOD                      POSTNASAL DRIP                                                      hierarchical n         n            1       1        <fn>    <NULL>  <NULL> stat_1    
2609 TRT01A Placebo              AESOC  RESPIRATORY, THORACIC AND MEDIASTINAL DISORDERS                     AEDECOD                      POSTNASAL DRIP                                                      hierarchical N         N           86       86       <fn>    <NULL>  <NULL> stat_1    
2610 TRT01A Placebo              AESOC  RESPIRATORY, THORACIC AND MEDIASTINAL DISORDERS                     AEDECOD                      POSTNASAL DRIP                                                      hierarchical p         %            0.0116  1.2      <fn>    <NULL>  <NULL> stat_1    
2611 TRT01A Total                AESOC  RESPIRATORY, THORACIC AND MEDIASTINAL DISORDERS                     AEDECOD                      POSTNASAL DRIP                                                      hierarchical n         n            1       1        <fn>    <NULL>  <NULL> stat_2    
2612 TRT01A Total                AESOC  RESPIRATORY, THORACIC AND MEDIASTINAL DISORDERS                     AEDECOD                      POSTNASAL DRIP                                                      hierarchical N         N          306       306      <fn>    <NULL>  <NULL> stat_2    
2613 TRT01A Total                AESOC  RESPIRATORY, THORACIC AND MEDIASTINAL DISORDERS                     AEDECOD                      POSTNASAL DRIP                                                      hierarchical p         %            0.00327 0.3      <fn>    <NULL>  <NULL> stat_2    
2614 TRT01A Xanomeline High Dose AESOC  RESPIRATORY, THORACIC AND MEDIASTINAL DISORDERS                     AEDECOD                      POSTNASAL DRIP                                                      hierarchical n         n            0       0        <fn>    <NULL>  <NULL> stat_3    
2615 TRT01A Xanomeline High Dose AESOC  RESPIRATORY, THORACIC AND MEDIASTINAL DISORDERS                     AEDECOD                      POSTNASAL DRIP                                                      hierarchical N         N           72       72       <fn>    <NULL>  <NULL> stat_3    
2616 TRT01A Xanomeline High Dose AESOC  RESPIRATORY, THORACIC AND MEDIASTINAL DISORDERS                     AEDECOD                      POSTNASAL DRIP                                                      hierarchical p         %            0       0        <fn>    <NULL>  <NULL> stat_3    
2617 TRT01A Xanomeline Low Dose  AESOC  RESPIRATORY, THORACIC AND MEDIASTINAL DISORDERS                     AEDECOD                      POSTNASAL DRIP                                                      hierarchical n         n            0       0        <fn>    <NULL>  <NULL> stat_4    
2618 TRT01A Xanomeline Low Dose  AESOC  RESPIRATORY, THORACIC AND MEDIASTINAL DISORDERS                     AEDECOD                      POSTNASAL DRIP                                                      hierarchical N         N           96       96       <fn>    <NULL>  <NULL> stat_4    
2619 TRT01A Xanomeline Low Dose  AESOC  RESPIRATORY, THORACIC AND MEDIASTINAL DISORDERS                     AEDECOD                      POSTNASAL DRIP                                                      hierarchical p         %            0       0        <fn>    <NULL>  <NULL> stat_4    
2620 TRT01A Placebo              AESOC  RESPIRATORY, THORACIC AND MEDIASTINAL DISORDERS                     AEDECOD                      PRODUCTIVE COUGH                                                    hierarchical n         n            0       0        <fn>    <NULL>  <NULL> stat_1    
2621 TRT01A Placebo              AESOC  RESPIRATORY, THORACIC AND MEDIASTINAL DISORDERS                     AEDECOD                      PRODUCTIVE COUGH                                                    hierarchical N         N           86       86       <fn>    <NULL>  <NULL> stat_1    
2622 TRT01A Placebo              AESOC  RESPIRATORY, THORACIC AND MEDIASTINAL DISORDERS                     AEDECOD                      PRODUCTIVE COUGH                                                    hierarchical p         %            0       0        <fn>    <NULL>  <NULL> stat_1    
2623 TRT01A Total                AESOC  RESPIRATORY, THORACIC AND MEDIASTINAL DISORDERS                     AEDECOD                      PRODUCTIVE COUGH                                                    hierarchical n         n            1       1        <fn>    <NULL>  <NULL> stat_2    
2624 TRT01A Total                AESOC  RESPIRATORY, THORACIC AND MEDIASTINAL DISORDERS                     AEDECOD                      PRODUCTIVE COUGH                                                    hierarchical N         N          306       306      <fn>    <NULL>  <NULL> stat_2    
2625 TRT01A Total                AESOC  RESPIRATORY, THORACIC AND MEDIASTINAL DISORDERS                     AEDECOD                      PRODUCTIVE COUGH                                                    hierarchical p         %            0.00327 0.3      <fn>    <NULL>  <NULL> stat_2    
2626 TRT01A Xanomeline High Dose AESOC  RESPIRATORY, THORACIC AND MEDIASTINAL DISORDERS                     AEDECOD                      PRODUCTIVE COUGH                                                    hierarchical n         n            1       1        <fn>    <NULL>  <NULL> stat_3    
2627 TRT01A Xanomeline High Dose AESOC  RESPIRATORY, THORACIC AND MEDIASTINAL DISORDERS                     AEDECOD                      PRODUCTIVE COUGH                                                    hierarchical N         N           72       72       <fn>    <NULL>  <NULL> stat_3    
2628 TRT01A Xanomeline High Dose AESOC  RESPIRATORY, THORACIC AND MEDIASTINAL DISORDERS                     AEDECOD                      PRODUCTIVE COUGH                                                    hierarchical p         %            0.0139  1.4      <fn>    <NULL>  <NULL> stat_3    
2629 TRT01A Xanomeline Low Dose  AESOC  RESPIRATORY, THORACIC AND MEDIASTINAL DISORDERS                     AEDECOD                      PRODUCTIVE COUGH                                                    hierarchical n         n            0       0        <fn>    <NULL>  <NULL> stat_4    
2630 TRT01A Xanomeline Low Dose  AESOC  RESPIRATORY, THORACIC AND MEDIASTINAL DISORDERS                     AEDECOD                      PRODUCTIVE COUGH                                                    hierarchical N         N           96       96       <fn>    <NULL>  <NULL> stat_4    
2631 TRT01A Xanomeline Low Dose  AESOC  RESPIRATORY, THORACIC AND MEDIASTINAL DISORDERS                     AEDECOD                      PRODUCTIVE COUGH                                                    hierarchical p         %            0       0        <fn>    <NULL>  <NULL> stat_4    
2632 TRT01A Placebo              AESOC  RESPIRATORY, THORACIC AND MEDIASTINAL DISORDERS                     AEDECOD                      RALES                                                               hierarchical n         n            1       1        <fn>    <NULL>  <NULL> stat_1    
2633 TRT01A Placebo              AESOC  RESPIRATORY, THORACIC AND MEDIASTINAL DISORDERS                     AEDECOD                      RALES                                                               hierarchical N         N           86       86       <fn>    <NULL>  <NULL> stat_1    
2634 TRT01A Placebo              AESOC  RESPIRATORY, THORACIC AND MEDIASTINAL DISORDERS                     AEDECOD                      RALES                                                               hierarchical p         %            0.0116  1.2      <fn>    <NULL>  <NULL> stat_1    
2635 TRT01A Total                AESOC  RESPIRATORY, THORACIC AND MEDIASTINAL DISORDERS                     AEDECOD                      RALES                                                               hierarchical n         n            1       1        <fn>    <NULL>  <NULL> stat_2    
2636 TRT01A Total                AESOC  RESPIRATORY, THORACIC AND MEDIASTINAL DISORDERS                     AEDECOD                      RALES                                                               hierarchical N         N          306       306      <fn>    <NULL>  <NULL> stat_2    
2637 TRT01A Total                AESOC  RESPIRATORY, THORACIC AND MEDIASTINAL DISORDERS                     AEDECOD                      RALES                                                               hierarchical p         %            0.00327 0.3      <fn>    <NULL>  <NULL> stat_2    
2638 TRT01A Xanomeline High Dose AESOC  RESPIRATORY, THORACIC AND MEDIASTINAL DISORDERS                     AEDECOD                      RALES                                                               hierarchical n         n            0       0        <fn>    <NULL>  <NULL> stat_3    
2639 TRT01A Xanomeline High Dose AESOC  RESPIRATORY, THORACIC AND MEDIASTINAL DISORDERS                     AEDECOD                      RALES                                                               hierarchical N         N           72       72       <fn>    <NULL>  <NULL> stat_3    
2640 TRT01A Xanomeline High Dose AESOC  RESPIRATORY, THORACIC AND MEDIASTINAL DISORDERS                     AEDECOD                      RALES                                                               hierarchical p         %            0       0        <fn>    <NULL>  <NULL> stat_3    
2641 TRT01A Xanomeline Low Dose  AESOC  RESPIRATORY, THORACIC AND MEDIASTINAL DISORDERS                     AEDECOD                      RALES                                                               hierarchical n         n            0       0        <fn>    <NULL>  <NULL> stat_4    
2642 TRT01A Xanomeline Low Dose  AESOC  RESPIRATORY, THORACIC AND MEDIASTINAL DISORDERS                     AEDECOD                      RALES                                                               hierarchical N         N           96       96       <fn>    <NULL>  <NULL> stat_4    
2643 TRT01A Xanomeline Low Dose  AESOC  RESPIRATORY, THORACIC AND MEDIASTINAL DISORDERS                     AEDECOD                      RALES                                                               hierarchical p         %            0       0        <fn>    <NULL>  <NULL> stat_4    
2644 TRT01A Placebo              AESOC  RESPIRATORY, THORACIC AND MEDIASTINAL DISORDERS                     AEDECOD                      RESPIRATORY TRACT CONGESTION                                        hierarchical n         n            0       0        <fn>    <NULL>  <NULL> stat_1    
2645 TRT01A Placebo              AESOC  RESPIRATORY, THORACIC AND MEDIASTINAL DISORDERS                     AEDECOD                      RESPIRATORY TRACT CONGESTION                                        hierarchical N         N           86       86       <fn>    <NULL>  <NULL> stat_1    
2646 TRT01A Placebo              AESOC  RESPIRATORY, THORACIC AND MEDIASTINAL DISORDERS                     AEDECOD                      RESPIRATORY TRACT CONGESTION                                        hierarchical p         %            0       0        <fn>    <NULL>  <NULL> stat_1    
2647 TRT01A Total                AESOC  RESPIRATORY, THORACIC AND MEDIASTINAL DISORDERS                     AEDECOD                      RESPIRATORY TRACT CONGESTION                                        hierarchical n         n            1       1        <fn>    <NULL>  <NULL> stat_2    
2648 TRT01A Total                AESOC  RESPIRATORY, THORACIC AND MEDIASTINAL DISORDERS                     AEDECOD                      RESPIRATORY TRACT CONGESTION                                        hierarchical N         N          306       306      <fn>    <NULL>  <NULL> stat_2    
2649 TRT01A Total                AESOC  RESPIRATORY, THORACIC AND MEDIASTINAL DISORDERS                     AEDECOD                      RESPIRATORY TRACT CONGESTION                                        hierarchical p         %            0.00327 0.3      <fn>    <NULL>  <NULL> stat_2    
2650 TRT01A Xanomeline High Dose AESOC  RESPIRATORY, THORACIC AND MEDIASTINAL DISORDERS                     AEDECOD                      RESPIRATORY TRACT CONGESTION                                        hierarchical n         n            1       1        <fn>    <NULL>  <NULL> stat_3    
2651 TRT01A Xanomeline High Dose AESOC  RESPIRATORY, THORACIC AND MEDIASTINAL DISORDERS                     AEDECOD                      RESPIRATORY TRACT CONGESTION                                        hierarchical N         N           72       72       <fn>    <NULL>  <NULL> stat_3    
2652 TRT01A Xanomeline High Dose AESOC  RESPIRATORY, THORACIC AND MEDIASTINAL DISORDERS                     AEDECOD                      RESPIRATORY TRACT CONGESTION                                        hierarchical p         %            0.0139  1.4      <fn>    <NULL>  <NULL> stat_3    
2653 TRT01A Xanomeline Low Dose  AESOC  RESPIRATORY, THORACIC AND MEDIASTINAL DISORDERS                     AEDECOD                      RESPIRATORY TRACT CONGESTION                                        hierarchical n         n            0       0        <fn>    <NULL>  <NULL> stat_4    
2654 TRT01A Xanomeline Low Dose  AESOC  RESPIRATORY, THORACIC AND MEDIASTINAL DISORDERS                     AEDECOD                      RESPIRATORY TRACT CONGESTION                                        hierarchical N         N           96       96       <fn>    <NULL>  <NULL> stat_4    
2655 TRT01A Xanomeline Low Dose  AESOC  RESPIRATORY, THORACIC AND MEDIASTINAL DISORDERS                     AEDECOD                      RESPIRATORY TRACT CONGESTION                                        hierarchical p         %            0       0        <fn>    <NULL>  <NULL> stat_4    
2656 TRT01A Placebo              AESOC  RESPIRATORY, THORACIC AND MEDIASTINAL DISORDERS                     AEDECOD                      RHINORRHOEA                                                         hierarchical n         n            0       0        <fn>    <NULL>  <NULL> stat_1    
2657 TRT01A Placebo              AESOC  RESPIRATORY, THORACIC AND MEDIASTINAL DISORDERS                     AEDECOD                      RHINORRHOEA                                                         hierarchical N         N           86       86       <fn>    <NULL>  <NULL> stat_1    
2658 TRT01A Placebo              AESOC  RESPIRATORY, THORACIC AND MEDIASTINAL DISORDERS                     AEDECOD                      RHINORRHOEA                                                         hierarchical p         %            0       0        <fn>    <NULL>  <NULL> stat_1    
2659 TRT01A Total                AESOC  RESPIRATORY, THORACIC AND MEDIASTINAL DISORDERS                     AEDECOD                      RHINORRHOEA                                                         hierarchical n         n            2       2        <fn>    <NULL>  <NULL> stat_2    
2660 TRT01A Total                AESOC  RESPIRATORY, THORACIC AND MEDIASTINAL DISORDERS                     AEDECOD                      RHINORRHOEA                                                         hierarchical N         N          306       306      <fn>    <NULL>  <NULL> stat_2    
2661 TRT01A Total                AESOC  RESPIRATORY, THORACIC AND MEDIASTINAL DISORDERS                     AEDECOD                      RHINORRHOEA                                                         hierarchical p         %            0.00654 0.7      <fn>    <NULL>  <NULL> stat_2    
2662 TRT01A Xanomeline High Dose AESOC  RESPIRATORY, THORACIC AND MEDIASTINAL DISORDERS                     AEDECOD                      RHINORRHOEA                                                         hierarchical n         n            1       1        <fn>    <NULL>  <NULL> stat_3    
2663 TRT01A Xanomeline High Dose AESOC  RESPIRATORY, THORACIC AND MEDIASTINAL DISORDERS                     AEDECOD                      RHINORRHOEA                                                         hierarchical N         N           72       72       <fn>    <NULL>  <NULL> stat_3    
2664 TRT01A Xanomeline High Dose AESOC  RESPIRATORY, THORACIC AND MEDIASTINAL DISORDERS                     AEDECOD                      RHINORRHOEA                                                         hierarchical p         %            0.0139  1.4      <fn>    <NULL>  <NULL> stat_3    
2665 TRT01A Xanomeline Low Dose  AESOC  RESPIRATORY, THORACIC AND MEDIASTINAL DISORDERS                     AEDECOD                      RHINORRHOEA                                                         hierarchical n         n            1       1        <fn>    <NULL>  <NULL> stat_4    
2666 TRT01A Xanomeline Low Dose  AESOC  RESPIRATORY, THORACIC AND MEDIASTINAL DISORDERS                     AEDECOD                      RHINORRHOEA                                                         hierarchical N         N           96       96       <fn>    <NULL>  <NULL> stat_4    
2667 TRT01A Xanomeline Low Dose  AESOC  RESPIRATORY, THORACIC AND MEDIASTINAL DISORDERS                     AEDECOD                      RHINORRHOEA                                                         hierarchical p         %            0.0104  1.0      <fn>    <NULL>  <NULL> stat_4    
2668 TRT01A Placebo              <NA>   <NULL>                                                              AESOC                        SKIN AND SUBCUTANEOUS TISSUE DISORDERS                              hierarchical n         n           20       20       <fn>    <NULL>  <NULL> stat_1    
2669 TRT01A Placebo              <NA>   <NULL>                                                              AESOC                        SKIN AND SUBCUTANEOUS TISSUE DISORDERS                              hierarchical N         N           86       86       <fn>    <NULL>  <NULL> stat_1    
2670 TRT01A Placebo              <NA>   <NULL>                                                              AESOC                        SKIN AND SUBCUTANEOUS TISSUE DISORDERS                              hierarchical p         %            0.233   23       <fn>    <NULL>  <NULL> stat_1    
2671 TRT01A Total                <NA>   <NULL>                                                              AESOC                        SKIN AND SUBCUTANEOUS TISSUE DISORDERS                              hierarchical n         n           98       98       <fn>    <NULL>  <NULL> stat_2    
2672 TRT01A Total                <NA>   <NULL>                                                              AESOC                        SKIN AND SUBCUTANEOUS TISSUE DISORDERS                              hierarchical N         N          306       306      <fn>    <NULL>  <NULL> stat_2    
2673 TRT01A Total                <NA>   <NULL>                                                              AESOC                        SKIN AND SUBCUTANEOUS TISSUE DISORDERS                              hierarchical p         %            0.320   32       <fn>    <NULL>  <NULL> stat_2    
2674 TRT01A Xanomeline High Dose <NA>   <NULL>                                                              AESOC                        SKIN AND SUBCUTANEOUS TISSUE DISORDERS                              hierarchical n         n           39       39       <fn>    <NULL>  <NULL> stat_3    
2675 TRT01A Xanomeline High Dose <NA>   <NULL>                                                              AESOC                        SKIN AND SUBCUTANEOUS TISSUE DISORDERS                              hierarchical N         N           72       72       <fn>    <NULL>  <NULL> stat_3    
2676 TRT01A Xanomeline High Dose <NA>   <NULL>                                                              AESOC                        SKIN AND SUBCUTANEOUS TISSUE DISORDERS                              hierarchical p         %            0.542   54       <fn>    <NULL>  <NULL> stat_3    
2677 TRT01A Xanomeline Low Dose  <NA>   <NULL>                                                              AESOC                        SKIN AND SUBCUTANEOUS TISSUE DISORDERS                              hierarchical n         n           39       39       <fn>    <NULL>  <NULL> stat_4    
2678 TRT01A Xanomeline Low Dose  <NA>   <NULL>                                                              AESOC                        SKIN AND SUBCUTANEOUS TISSUE DISORDERS                              hierarchical N         N           96       96       <fn>    <NULL>  <NULL> stat_4    
2679 TRT01A Xanomeline Low Dose  <NA>   <NULL>                                                              AESOC                        SKIN AND SUBCUTANEOUS TISSUE DISORDERS                              hierarchical p         %            0.406   41       <fn>    <NULL>  <NULL> stat_4    
2680 TRT01A Placebo              AESOC  SKIN AND SUBCUTANEOUS TISSUE DISORDERS                              AEDECOD                      ACTINIC KERATOSIS                                                   hierarchical n         n            0       0        <fn>    <NULL>  <NULL> stat_1    
2681 TRT01A Placebo              AESOC  SKIN AND SUBCUTANEOUS TISSUE DISORDERS                              AEDECOD                      ACTINIC KERATOSIS                                                   hierarchical N         N           86       86       <fn>    <NULL>  <NULL> stat_1    
2682 TRT01A Placebo              AESOC  SKIN AND SUBCUTANEOUS TISSUE DISORDERS                              AEDECOD                      ACTINIC KERATOSIS                                                   hierarchical p         %            0       0        <fn>    <NULL>  <NULL> stat_1    
2683 TRT01A Total                AESOC  SKIN AND SUBCUTANEOUS TISSUE DISORDERS                              AEDECOD                      ACTINIC KERATOSIS                                                   hierarchical n         n            1       1        <fn>    <NULL>  <NULL> stat_2    
2684 TRT01A Total                AESOC  SKIN AND SUBCUTANEOUS TISSUE DISORDERS                              AEDECOD                      ACTINIC KERATOSIS                                                   hierarchical N         N          306       306      <fn>    <NULL>  <NULL> stat_2    
2685 TRT01A Total                AESOC  SKIN AND SUBCUTANEOUS TISSUE DISORDERS                              AEDECOD                      ACTINIC KERATOSIS                                                   hierarchical p         %            0.00327 0.3      <fn>    <NULL>  <NULL> stat_2    
2686 TRT01A Xanomeline High Dose AESOC  SKIN AND SUBCUTANEOUS TISSUE DISORDERS                              AEDECOD                      ACTINIC KERATOSIS                                                   hierarchical n         n            1       1        <fn>    <NULL>  <NULL> stat_3    
2687 TRT01A Xanomeline High Dose AESOC  SKIN AND SUBCUTANEOUS TISSUE DISORDERS                              AEDECOD                      ACTINIC KERATOSIS                                                   hierarchical N         N           72       72       <fn>    <NULL>  <NULL> stat_3    
2688 TRT01A Xanomeline High Dose AESOC  SKIN AND SUBCUTANEOUS TISSUE DISORDERS                              AEDECOD                      ACTINIC KERATOSIS                                                   hierarchical p         %            0.0139  1.4      <fn>    <NULL>  <NULL> stat_3    
2689 TRT01A Xanomeline Low Dose  AESOC  SKIN AND SUBCUTANEOUS TISSUE DISORDERS                              AEDECOD                      ACTINIC KERATOSIS                                                   hierarchical n         n            0       0        <fn>    <NULL>  <NULL> stat_4    
2690 TRT01A Xanomeline Low Dose  AESOC  SKIN AND SUBCUTANEOUS TISSUE DISORDERS                              AEDECOD                      ACTINIC KERATOSIS                                                   hierarchical N         N           96       96       <fn>    <NULL>  <NULL> stat_4    
2691 TRT01A Xanomeline Low Dose  AESOC  SKIN AND SUBCUTANEOUS TISSUE DISORDERS                              AEDECOD                      ACTINIC KERATOSIS                                                   hierarchical p         %            0       0        <fn>    <NULL>  <NULL> stat_4    
2692 TRT01A Placebo              AESOC  SKIN AND SUBCUTANEOUS TISSUE DISORDERS                              AEDECOD                      ALOPECIA                                                            hierarchical n         n            1       1        <fn>    <NULL>  <NULL> stat_1    
2693 TRT01A Placebo              AESOC  SKIN AND SUBCUTANEOUS TISSUE DISORDERS                              AEDECOD                      ALOPECIA                                                            hierarchical N         N           86       86       <fn>    <NULL>  <NULL> stat_1    
2694 TRT01A Placebo              AESOC  SKIN AND SUBCUTANEOUS TISSUE DISORDERS                              AEDECOD                      ALOPECIA                                                            hierarchical p         %            0.0116  1.2      <fn>    <NULL>  <NULL> stat_1    
2695 TRT01A Total                AESOC  SKIN AND SUBCUTANEOUS TISSUE DISORDERS                              AEDECOD                      ALOPECIA                                                            hierarchical n         n            1       1        <fn>    <NULL>  <NULL> stat_2    
2696 TRT01A Total                AESOC  SKIN AND SUBCUTANEOUS TISSUE DISORDERS                              AEDECOD                      ALOPECIA                                                            hierarchical N         N          306       306      <fn>    <NULL>  <NULL> stat_2    
2697 TRT01A Total                AESOC  SKIN AND SUBCUTANEOUS TISSUE DISORDERS                              AEDECOD                      ALOPECIA                                                            hierarchical p         %            0.00327 0.3      <fn>    <NULL>  <NULL> stat_2    
2698 TRT01A Xanomeline High Dose AESOC  SKIN AND SUBCUTANEOUS TISSUE DISORDERS                              AEDECOD                      ALOPECIA                                                            hierarchical n         n            0       0        <fn>    <NULL>  <NULL> stat_3    
2699 TRT01A Xanomeline High Dose AESOC  SKIN AND SUBCUTANEOUS TISSUE DISORDERS                              AEDECOD                      ALOPECIA                                                            hierarchical N         N           72       72       <fn>    <NULL>  <NULL> stat_3    
2700 TRT01A Xanomeline High Dose AESOC  SKIN AND SUBCUTANEOUS TISSUE DISORDERS                              AEDECOD                      ALOPECIA                                                            hierarchical p         %            0       0        <fn>    <NULL>  <NULL> stat_3    
2701 TRT01A Xanomeline Low Dose  AESOC  SKIN AND SUBCUTANEOUS TISSUE DISORDERS                              AEDECOD                      ALOPECIA                                                            hierarchical n         n            0       0        <fn>    <NULL>  <NULL> stat_4    
2702 TRT01A Xanomeline Low Dose  AESOC  SKIN AND SUBCUTANEOUS TISSUE DISORDERS                              AEDECOD                      ALOPECIA                                                            hierarchical N         N           96       96       <fn>    <NULL>  <NULL> stat_4    
2703 TRT01A Xanomeline Low Dose  AESOC  SKIN AND SUBCUTANEOUS TISSUE DISORDERS                              AEDECOD                      ALOPECIA                                                            hierarchical p         %            0       0        <fn>    <NULL>  <NULL> stat_4    
2704 TRT01A Placebo              AESOC  SKIN AND SUBCUTANEOUS TISSUE DISORDERS                              AEDECOD                      BLISTER                                                             hierarchical n         n            0       0        <fn>    <NULL>  <NULL> stat_1    
2705 TRT01A Placebo              AESOC  SKIN AND SUBCUTANEOUS TISSUE DISORDERS                              AEDECOD                      BLISTER                                                             hierarchical N         N           86       86       <fn>    <NULL>  <NULL> stat_1    
2706 TRT01A Placebo              AESOC  SKIN AND SUBCUTANEOUS TISSUE DISORDERS                              AEDECOD                      BLISTER                                                             hierarchical p         %            0       0        <fn>    <NULL>  <NULL> stat_1    
2707 TRT01A Total                AESOC  SKIN AND SUBCUTANEOUS TISSUE DISORDERS                              AEDECOD                      BLISTER                                                             hierarchical n         n            6       6        <fn>    <NULL>  <NULL> stat_2    
2708 TRT01A Total                AESOC  SKIN AND SUBCUTANEOUS TISSUE DISORDERS                              AEDECOD                      BLISTER                                                             hierarchical N         N          306       306      <fn>    <NULL>  <NULL> stat_2    
2709 TRT01A Total                AESOC  SKIN AND SUBCUTANEOUS TISSUE DISORDERS                              AEDECOD                      BLISTER                                                             hierarchical p         %            0.0196  2.0      <fn>    <NULL>  <NULL> stat_2    
2710 TRT01A Xanomeline High Dose AESOC  SKIN AND SUBCUTANEOUS TISSUE DISORDERS                              AEDECOD                      BLISTER                                                             hierarchical n         n            1       1        <fn>    <NULL>  <NULL> stat_3    
2711 TRT01A Xanomeline High Dose AESOC  SKIN AND SUBCUTANEOUS TISSUE DISORDERS                              AEDECOD                      BLISTER                                                             hierarchical N         N           72       72       <fn>    <NULL>  <NULL> stat_3    
2712 TRT01A Xanomeline High Dose AESOC  SKIN AND SUBCUTANEOUS TISSUE DISORDERS                              AEDECOD                      BLISTER                                                             hierarchical p         %            0.0139  1.4      <fn>    <NULL>  <NULL> stat_3    
2713 TRT01A Xanomeline Low Dose  AESOC  SKIN AND SUBCUTANEOUS TISSUE DISORDERS                              AEDECOD                      BLISTER                                                             hierarchical n         n            5       5        <fn>    <NULL>  <NULL> stat_4    
2714 TRT01A Xanomeline Low Dose  AESOC  SKIN AND SUBCUTANEOUS TISSUE DISORDERS                              AEDECOD                      BLISTER                                                             hierarchical N         N           96       96       <fn>    <NULL>  <NULL> stat_4    
2715 TRT01A Xanomeline Low Dose  AESOC  SKIN AND SUBCUTANEOUS TISSUE DISORDERS                              AEDECOD                      BLISTER                                                             hierarchical p         %            0.0521  5.2      <fn>    <NULL>  <NULL> stat_4    
2716 TRT01A Placebo              AESOC  SKIN AND SUBCUTANEOUS TISSUE DISORDERS                              AEDECOD                      COLD SWEAT                                                          hierarchical n         n            1       1        <fn>    <NULL>  <NULL> stat_1    
2717 TRT01A Placebo              AESOC  SKIN AND SUBCUTANEOUS TISSUE DISORDERS                              AEDECOD                      COLD SWEAT                                                          hierarchical N         N           86       86       <fn>    <NULL>  <NULL> stat_1    
2718 TRT01A Placebo              AESOC  SKIN AND SUBCUTANEOUS TISSUE DISORDERS                              AEDECOD                      COLD SWEAT                                                          hierarchical p         %            0.0116  1.2      <fn>    <NULL>  <NULL> stat_1    
2719 TRT01A Total                AESOC  SKIN AND SUBCUTANEOUS TISSUE DISORDERS                              AEDECOD                      COLD SWEAT                                                          hierarchical n         n            1       1        <fn>    <NULL>  <NULL> stat_2    
2720 TRT01A Total                AESOC  SKIN AND SUBCUTANEOUS TISSUE DISORDERS                              AEDECOD                      COLD SWEAT                                                          hierarchical N         N          306       306      <fn>    <NULL>  <NULL> stat_2    
2721 TRT01A Total                AESOC  SKIN AND SUBCUTANEOUS TISSUE DISORDERS                              AEDECOD                      COLD SWEAT                                                          hierarchical p         %            0.00327 0.3      <fn>    <NULL>  <NULL> stat_2    
2722 TRT01A Xanomeline High Dose AESOC  SKIN AND SUBCUTANEOUS TISSUE DISORDERS                              AEDECOD                      COLD SWEAT                                                          hierarchical n         n            0       0        <fn>    <NULL>  <NULL> stat_3    
2723 TRT01A Xanomeline High Dose AESOC  SKIN AND SUBCUTANEOUS TISSUE DISORDERS                              AEDECOD                      COLD SWEAT                                                          hierarchical N         N           72       72       <fn>    <NULL>  <NULL> stat_3    
2724 TRT01A Xanomeline High Dose AESOC  SKIN AND SUBCUTANEOUS TISSUE DISORDERS                              AEDECOD                      COLD SWEAT                                                          hierarchical p         %            0       0        <fn>    <NULL>  <NULL> stat_3    
2725 TRT01A Xanomeline Low Dose  AESOC  SKIN AND SUBCUTANEOUS TISSUE DISORDERS                              AEDECOD                      COLD SWEAT                                                          hierarchical n         n            0       0        <fn>    <NULL>  <NULL> stat_4    
2726 TRT01A Xanomeline Low Dose  AESOC  SKIN AND SUBCUTANEOUS TISSUE DISORDERS                              AEDECOD                      COLD SWEAT                                                          hierarchical N         N           96       96       <fn>    <NULL>  <NULL> stat_4    
2727 TRT01A Xanomeline Low Dose  AESOC  SKIN AND SUBCUTANEOUS TISSUE DISORDERS                              AEDECOD                      COLD SWEAT                                                          hierarchical p         %            0       0        <fn>    <NULL>  <NULL> stat_4    
2728 TRT01A Placebo              AESOC  SKIN AND SUBCUTANEOUS TISSUE DISORDERS                              AEDECOD                      DERMATITIS CONTACT                                                  hierarchical n         n            0       0        <fn>    <NULL>  <NULL> stat_1    
2729 TRT01A Placebo              AESOC  SKIN AND SUBCUTANEOUS TISSUE DISORDERS                              AEDECOD                      DERMATITIS CONTACT                                                  hierarchical N         N           86       86       <fn>    <NULL>  <NULL> stat_1    
2730 TRT01A Placebo              AESOC  SKIN AND SUBCUTANEOUS TISSUE DISORDERS                              AEDECOD                      DERMATITIS CONTACT                                                  hierarchical p         %            0       0        <fn>    <NULL>  <NULL> stat_1    
2731 TRT01A Total                AESOC  SKIN AND SUBCUTANEOUS TISSUE DISORDERS                              AEDECOD                      DERMATITIS CONTACT                                                  hierarchical n         n            1       1        <fn>    <NULL>  <NULL> stat_2    
2732 TRT01A Total                AESOC  SKIN AND SUBCUTANEOUS TISSUE DISORDERS                              AEDECOD                      DERMATITIS CONTACT                                                  hierarchical N         N          306       306      <fn>    <NULL>  <NULL> stat_2    
2733 TRT01A Total                AESOC  SKIN AND SUBCUTANEOUS TISSUE DISORDERS                              AEDECOD                      DERMATITIS CONTACT                                                  hierarchical p         %            0.00327 0.3      <fn>    <NULL>  <NULL> stat_2    
2734 TRT01A Xanomeline High Dose AESOC  SKIN AND SUBCUTANEOUS TISSUE DISORDERS                              AEDECOD                      DERMATITIS CONTACT                                                  hierarchical n         n            0       0        <fn>    <NULL>  <NULL> stat_3    
2735 TRT01A Xanomeline High Dose AESOC  SKIN AND SUBCUTANEOUS TISSUE DISORDERS                              AEDECOD                      DERMATITIS CONTACT                                                  hierarchical N         N           72       72       <fn>    <NULL>  <NULL> stat_3    
2736 TRT01A Xanomeline High Dose AESOC  SKIN AND SUBCUTANEOUS TISSUE DISORDERS                              AEDECOD                      DERMATITIS CONTACT                                                  hierarchical p         %            0       0        <fn>    <NULL>  <NULL> stat_3    
2737 TRT01A Xanomeline Low Dose  AESOC  SKIN AND SUBCUTANEOUS TISSUE DISORDERS                              AEDECOD                      DERMATITIS CONTACT                                                  hierarchical n         n            1       1        <fn>    <NULL>  <NULL> stat_4    
2738 TRT01A Xanomeline Low Dose  AESOC  SKIN AND SUBCUTANEOUS TISSUE DISORDERS                              AEDECOD                      DERMATITIS CONTACT                                                  hierarchical N         N           96       96       <fn>    <NULL>  <NULL> stat_4    
2739 TRT01A Xanomeline Low Dose  AESOC  SKIN AND SUBCUTANEOUS TISSUE DISORDERS                              AEDECOD                      DERMATITIS CONTACT                                                  hierarchical p         %            0.0104  1.0      <fn>    <NULL>  <NULL> stat_4    
2740 TRT01A Placebo              AESOC  SKIN AND SUBCUTANEOUS TISSUE DISORDERS                              AEDECOD                      DRUG ERUPTION                                                       hierarchical n         n            1       1        <fn>    <NULL>  <NULL> stat_1    
2741 TRT01A Placebo              AESOC  SKIN AND SUBCUTANEOUS TISSUE DISORDERS                              AEDECOD                      DRUG ERUPTION                                                       hierarchical N         N           86       86       <fn>    <NULL>  <NULL> stat_1    
2742 TRT01A Placebo              AESOC  SKIN AND SUBCUTANEOUS TISSUE DISORDERS                              AEDECOD                      DRUG ERUPTION                                                       hierarchical p         %            0.0116  1.2      <fn>    <NULL>  <NULL> stat_1    
2743 TRT01A Total                AESOC  SKIN AND SUBCUTANEOUS TISSUE DISORDERS                              AEDECOD                      DRUG ERUPTION                                                       hierarchical n         n            1       1        <fn>    <NULL>  <NULL> stat_2    
2744 TRT01A Total                AESOC  SKIN AND SUBCUTANEOUS TISSUE DISORDERS                              AEDECOD                      DRUG ERUPTION                                                       hierarchical N         N          306       306      <fn>    <NULL>  <NULL> stat_2    
2745 TRT01A Total                AESOC  SKIN AND SUBCUTANEOUS TISSUE DISORDERS                              AEDECOD                      DRUG ERUPTION                                                       hierarchical p         %            0.00327 0.3      <fn>    <NULL>  <NULL> stat_2    
2746 TRT01A Xanomeline High Dose AESOC  SKIN AND SUBCUTANEOUS TISSUE DISORDERS                              AEDECOD                      DRUG ERUPTION                                                       hierarchical n         n            0       0        <fn>    <NULL>  <NULL> stat_3    
2747 TRT01A Xanomeline High Dose AESOC  SKIN AND SUBCUTANEOUS TISSUE DISORDERS                              AEDECOD                      DRUG ERUPTION                                                       hierarchical N         N           72       72       <fn>    <NULL>  <NULL> stat_3    
2748 TRT01A Xanomeline High Dose AESOC  SKIN AND SUBCUTANEOUS TISSUE DISORDERS                              AEDECOD                      DRUG ERUPTION                                                       hierarchical p         %            0       0        <fn>    <NULL>  <NULL> stat_3    
2749 TRT01A Xanomeline Low Dose  AESOC  SKIN AND SUBCUTANEOUS TISSUE DISORDERS                              AEDECOD                      DRUG ERUPTION                                                       hierarchical n         n            0       0        <fn>    <NULL>  <NULL> stat_4    
2750 TRT01A Xanomeline Low Dose  AESOC  SKIN AND SUBCUTANEOUS TISSUE DISORDERS                              AEDECOD                      DRUG ERUPTION                                                       hierarchical N         N           96       96       <fn>    <NULL>  <NULL> stat_4    
2751 TRT01A Xanomeline Low Dose  AESOC  SKIN AND SUBCUTANEOUS TISSUE DISORDERS                              AEDECOD                      DRUG ERUPTION                                                       hierarchical p         %            0       0        <fn>    <NULL>  <NULL> stat_4    
2752 TRT01A Placebo              AESOC  SKIN AND SUBCUTANEOUS TISSUE DISORDERS                              AEDECOD                      ERYTHEMA                                                            hierarchical n         n            8       8        <fn>    <NULL>  <NULL> stat_1    
2753 TRT01A Placebo              AESOC  SKIN AND SUBCUTANEOUS TISSUE DISORDERS                              AEDECOD                      ERYTHEMA                                                            hierarchical N         N           86       86       <fn>    <NULL>  <NULL> stat_1    
2754 TRT01A Placebo              AESOC  SKIN AND SUBCUTANEOUS TISSUE DISORDERS                              AEDECOD                      ERYTHEMA                                                            hierarchical p         %            0.0930  9.3      <fn>    <NULL>  <NULL> stat_1    
2755 TRT01A Total                AESOC  SKIN AND SUBCUTANEOUS TISSUE DISORDERS                              AEDECOD                      ERYTHEMA                                                            hierarchical n         n           36       36       <fn>    <NULL>  <NULL> stat_2    
2756 TRT01A Total                AESOC  SKIN AND SUBCUTANEOUS TISSUE DISORDERS                              AEDECOD                      ERYTHEMA                                                            hierarchical N         N          306       306      <fn>    <NULL>  <NULL> stat_2    
2757 TRT01A Total                AESOC  SKIN AND SUBCUTANEOUS TISSUE DISORDERS                              AEDECOD                      ERYTHEMA                                                            hierarchical p         %            0.118   12       <fn>    <NULL>  <NULL> stat_2    
2758 TRT01A Xanomeline High Dose AESOC  SKIN AND SUBCUTANEOUS TISSUE DISORDERS                              AEDECOD                      ERYTHEMA                                                            hierarchical n         n           14       14       <fn>    <NULL>  <NULL> stat_3    
2759 TRT01A Xanomeline High Dose AESOC  SKIN AND SUBCUTANEOUS TISSUE DISORDERS                              AEDECOD                      ERYTHEMA                                                            hierarchical N         N           72       72       <fn>    <NULL>  <NULL> stat_3    
2760 TRT01A Xanomeline High Dose AESOC  SKIN AND SUBCUTANEOUS TISSUE DISORDERS                              AEDECOD                      ERYTHEMA                                                            hierarchical p         %            0.194   19       <fn>    <NULL>  <NULL> stat_3    
2761 TRT01A Xanomeline Low Dose  AESOC  SKIN AND SUBCUTANEOUS TISSUE DISORDERS                              AEDECOD                      ERYTHEMA                                                            hierarchical n         n           14       14       <fn>    <NULL>  <NULL> stat_4    
2762 TRT01A Xanomeline Low Dose  AESOC  SKIN AND SUBCUTANEOUS TISSUE DISORDERS                              AEDECOD                      ERYTHEMA                                                            hierarchical N         N           96       96       <fn>    <NULL>  <NULL> stat_4    
2763 TRT01A Xanomeline Low Dose  AESOC  SKIN AND SUBCUTANEOUS TISSUE DISORDERS                              AEDECOD                      ERYTHEMA                                                            hierarchical p         %            0.146   15       <fn>    <NULL>  <NULL> stat_4    
2764 TRT01A Placebo              AESOC  SKIN AND SUBCUTANEOUS TISSUE DISORDERS                              AEDECOD                      HYPERHIDROSIS                                                       hierarchical n         n            2       2        <fn>    <NULL>  <NULL> stat_1    
2765 TRT01A Placebo              AESOC  SKIN AND SUBCUTANEOUS TISSUE DISORDERS                              AEDECOD                      HYPERHIDROSIS                                                       hierarchical N         N           86       86       <fn>    <NULL>  <NULL> stat_1    
2766 TRT01A Placebo              AESOC  SKIN AND SUBCUTANEOUS TISSUE DISORDERS                              AEDECOD                      HYPERHIDROSIS                                                       hierarchical p         %            0.0233  2.3      <fn>    <NULL>  <NULL> stat_1    
2767 TRT01A Total                AESOC  SKIN AND SUBCUTANEOUS TISSUE DISORDERS                              AEDECOD                      HYPERHIDROSIS                                                       hierarchical n         n           14       14       <fn>    <NULL>  <NULL> stat_2    
2768 TRT01A Total                AESOC  SKIN AND SUBCUTANEOUS TISSUE DISORDERS                              AEDECOD                      HYPERHIDROSIS                                                       hierarchical N         N          306       306      <fn>    <NULL>  <NULL> stat_2    
2769 TRT01A Total                AESOC  SKIN AND SUBCUTANEOUS TISSUE DISORDERS                              AEDECOD                      HYPERHIDROSIS                                                       hierarchical p         %            0.0458  4.6      <fn>    <NULL>  <NULL> stat_2    
2770 TRT01A Xanomeline High Dose AESOC  SKIN AND SUBCUTANEOUS TISSUE DISORDERS                              AEDECOD                      HYPERHIDROSIS                                                       hierarchical n         n            8       8        <fn>    <NULL>  <NULL> stat_3    
2771 TRT01A Xanomeline High Dose AESOC  SKIN AND SUBCUTANEOUS TISSUE DISORDERS                              AEDECOD                      HYPERHIDROSIS                                                       hierarchical N         N           72       72       <fn>    <NULL>  <NULL> stat_3    
2772 TRT01A Xanomeline High Dose AESOC  SKIN AND SUBCUTANEOUS TISSUE DISORDERS                              AEDECOD                      HYPERHIDROSIS                                                       hierarchical p         %            0.111   11       <fn>    <NULL>  <NULL> stat_3    
2773 TRT01A Xanomeline Low Dose  AESOC  SKIN AND SUBCUTANEOUS TISSUE DISORDERS                              AEDECOD                      HYPERHIDROSIS                                                       hierarchical n         n            4       4        <fn>    <NULL>  <NULL> stat_4    
2774 TRT01A Xanomeline Low Dose  AESOC  SKIN AND SUBCUTANEOUS TISSUE DISORDERS                              AEDECOD                      HYPERHIDROSIS                                                       hierarchical N         N           96       96       <fn>    <NULL>  <NULL> stat_4    
2775 TRT01A Xanomeline Low Dose  AESOC  SKIN AND SUBCUTANEOUS TISSUE DISORDERS                              AEDECOD                      HYPERHIDROSIS                                                       hierarchical p         %            0.0417  4.2      <fn>    <NULL>  <NULL> stat_4    
2776 TRT01A Placebo              AESOC  SKIN AND SUBCUTANEOUS TISSUE DISORDERS                              AEDECOD                      PRURITUS                                                            hierarchical n         n            8       8        <fn>    <NULL>  <NULL> stat_1    
2777 TRT01A Placebo              AESOC  SKIN AND SUBCUTANEOUS TISSUE DISORDERS                              AEDECOD                      PRURITUS                                                            hierarchical N         N           86       86       <fn>    <NULL>  <NULL> stat_1    
2778 TRT01A Placebo              AESOC  SKIN AND SUBCUTANEOUS TISSUE DISORDERS                              AEDECOD                      PRURITUS                                                            hierarchical p         %            0.0930  9.3      <fn>    <NULL>  <NULL> stat_1    
2779 TRT01A Total                AESOC  SKIN AND SUBCUTANEOUS TISSUE DISORDERS                              AEDECOD                      PRURITUS                                                            hierarchical n         n           54       54       <fn>    <NULL>  <NULL> stat_2    
2780 TRT01A Total                AESOC  SKIN AND SUBCUTANEOUS TISSUE DISORDERS                              AEDECOD                      PRURITUS                                                            hierarchical N         N          306       306      <fn>    <NULL>  <NULL> stat_2    
2781 TRT01A Total                AESOC  SKIN AND SUBCUTANEOUS TISSUE DISORDERS                              AEDECOD                      PRURITUS                                                            hierarchical p         %            0.176   18       <fn>    <NULL>  <NULL> stat_2    
2782 TRT01A Xanomeline High Dose AESOC  SKIN AND SUBCUTANEOUS TISSUE DISORDERS                              AEDECOD                      PRURITUS                                                            hierarchical n         n           25       25       <fn>    <NULL>  <NULL> stat_3    
2783 TRT01A Xanomeline High Dose AESOC  SKIN AND SUBCUTANEOUS TISSUE DISORDERS                              AEDECOD                      PRURITUS                                                            hierarchical N         N           72       72       <fn>    <NULL>  <NULL> stat_3    
2784 TRT01A Xanomeline High Dose AESOC  SKIN AND SUBCUTANEOUS TISSUE DISORDERS                              AEDECOD                      PRURITUS                                                            hierarchical p         %            0.347   35       <fn>    <NULL>  <NULL> stat_3    
2785 TRT01A Xanomeline Low Dose  AESOC  SKIN AND SUBCUTANEOUS TISSUE DISORDERS                              AEDECOD                      PRURITUS                                                            hierarchical n         n           21       21       <fn>    <NULL>  <NULL> stat_4    
2786 TRT01A Xanomeline Low Dose  AESOC  SKIN AND SUBCUTANEOUS TISSUE DISORDERS                              AEDECOD                      PRURITUS                                                            hierarchical N         N           96       96       <fn>    <NULL>  <NULL> stat_4    
2787 TRT01A Xanomeline Low Dose  AESOC  SKIN AND SUBCUTANEOUS TISSUE DISORDERS                              AEDECOD                      PRURITUS                                                            hierarchical p         %            0.219   22       <fn>    <NULL>  <NULL> stat_4    
2788 TRT01A Placebo              AESOC  SKIN AND SUBCUTANEOUS TISSUE DISORDERS                              AEDECOD                      PRURITUS GENERALISED                                                hierarchical n         n            0       0        <fn>    <NULL>  <NULL> stat_1    
2789 TRT01A Placebo              AESOC  SKIN AND SUBCUTANEOUS TISSUE DISORDERS                              AEDECOD                      PRURITUS GENERALISED                                                hierarchical N         N           86       86       <fn>    <NULL>  <NULL> stat_1    
2790 TRT01A Placebo              AESOC  SKIN AND SUBCUTANEOUS TISSUE DISORDERS                              AEDECOD                      PRURITUS GENERALISED                                                hierarchical p         %            0       0        <fn>    <NULL>  <NULL> stat_1    
2791 TRT01A Total                AESOC  SKIN AND SUBCUTANEOUS TISSUE DISORDERS                              AEDECOD                      PRURITUS GENERALISED                                                hierarchical n         n            2       2        <fn>    <NULL>  <NULL> stat_2    
2792 TRT01A Total                AESOC  SKIN AND SUBCUTANEOUS TISSUE DISORDERS                              AEDECOD                      PRURITUS GENERALISED                                                hierarchical N         N          306       306      <fn>    <NULL>  <NULL> stat_2    
2793 TRT01A Total                AESOC  SKIN AND SUBCUTANEOUS TISSUE DISORDERS                              AEDECOD                      PRURITUS GENERALISED                                                hierarchical p         %            0.00654 0.7      <fn>    <NULL>  <NULL> stat_2    
2794 TRT01A Xanomeline High Dose AESOC  SKIN AND SUBCUTANEOUS TISSUE DISORDERS                              AEDECOD                      PRURITUS GENERALISED                                                hierarchical n         n            1       1        <fn>    <NULL>  <NULL> stat_3    
2795 TRT01A Xanomeline High Dose AESOC  SKIN AND SUBCUTANEOUS TISSUE DISORDERS                              AEDECOD                      PRURITUS GENERALISED                                                hierarchical N         N           72       72       <fn>    <NULL>  <NULL> stat_3    
2796 TRT01A Xanomeline High Dose AESOC  SKIN AND SUBCUTANEOUS TISSUE DISORDERS                              AEDECOD                      PRURITUS GENERALISED                                                hierarchical p         %            0.0139  1.4      <fn>    <NULL>  <NULL> stat_3    
2797 TRT01A Xanomeline Low Dose  AESOC  SKIN AND SUBCUTANEOUS TISSUE DISORDERS                              AEDECOD                      PRURITUS GENERALISED                                                hierarchical n         n            1       1        <fn>    <NULL>  <NULL> stat_4    
2798 TRT01A Xanomeline Low Dose  AESOC  SKIN AND SUBCUTANEOUS TISSUE DISORDERS                              AEDECOD                      PRURITUS GENERALISED                                                hierarchical N         N           96       96       <fn>    <NULL>  <NULL> stat_4    
2799 TRT01A Xanomeline Low Dose  AESOC  SKIN AND SUBCUTANEOUS TISSUE DISORDERS                              AEDECOD                      PRURITUS GENERALISED                                                hierarchical p         %            0.0104  1.0      <fn>    <NULL>  <NULL> stat_4    
2800 TRT01A Placebo              AESOC  SKIN AND SUBCUTANEOUS TISSUE DISORDERS                              AEDECOD                      RASH                                                                hierarchical n         n            5       5        <fn>    <NULL>  <NULL> stat_1    
2801 TRT01A Placebo              AESOC  SKIN AND SUBCUTANEOUS TISSUE DISORDERS                              AEDECOD                      RASH                                                                hierarchical N         N           86       86       <fn>    <NULL>  <NULL> stat_1    
2802 TRT01A Placebo              AESOC  SKIN AND SUBCUTANEOUS TISSUE DISORDERS                              AEDECOD                      RASH                                                                hierarchical p         %            0.0581  5.8      <fn>    <NULL>  <NULL> stat_1    
2803 TRT01A Total                AESOC  SKIN AND SUBCUTANEOUS TISSUE DISORDERS                              AEDECOD                      RASH                                                                hierarchical n         n           26       26       <fn>    <NULL>  <NULL> stat_2    
2804 TRT01A Total                AESOC  SKIN AND SUBCUTANEOUS TISSUE DISORDERS                              AEDECOD                      RASH                                                                hierarchical N         N          306       306      <fn>    <NULL>  <NULL> stat_2    
2805 TRT01A Total                AESOC  SKIN AND SUBCUTANEOUS TISSUE DISORDERS                              AEDECOD                      RASH                                                                hierarchical p         %            0.0850  8.5      <fn>    <NULL>  <NULL> stat_2    
2806 TRT01A Xanomeline High Dose AESOC  SKIN AND SUBCUTANEOUS TISSUE DISORDERS                              AEDECOD                      RASH                                                                hierarchical n         n            8       8        <fn>    <NULL>  <NULL> stat_3    
2807 TRT01A Xanomeline High Dose AESOC  SKIN AND SUBCUTANEOUS TISSUE DISORDERS                              AEDECOD                      RASH                                                                hierarchical N         N           72       72       <fn>    <NULL>  <NULL> stat_3    
2808 TRT01A Xanomeline High Dose AESOC  SKIN AND SUBCUTANEOUS TISSUE DISORDERS                              AEDECOD                      RASH                                                                hierarchical p         %            0.111   11       <fn>    <NULL>  <NULL> stat_3    
2809 TRT01A Xanomeline Low Dose  AESOC  SKIN AND SUBCUTANEOUS TISSUE DISORDERS                              AEDECOD                      RASH                                                                hierarchical n         n           13       13       <fn>    <NULL>  <NULL> stat_4    
2810 TRT01A Xanomeline Low Dose  AESOC  SKIN AND SUBCUTANEOUS TISSUE DISORDERS                              AEDECOD                      RASH                                                                hierarchical N         N           96       96       <fn>    <NULL>  <NULL> stat_4    
2811 TRT01A Xanomeline Low Dose  AESOC  SKIN AND SUBCUTANEOUS TISSUE DISORDERS                              AEDECOD                      RASH                                                                hierarchical p         %            0.135   14       <fn>    <NULL>  <NULL> stat_4    
2812 TRT01A Placebo              AESOC  SKIN AND SUBCUTANEOUS TISSUE DISORDERS                              AEDECOD                      RASH ERYTHEMATOUS                                                   hierarchical n         n            0       0        <fn>    <NULL>  <NULL> stat_1    
2813 TRT01A Placebo              AESOC  SKIN AND SUBCUTANEOUS TISSUE DISORDERS                              AEDECOD                      RASH ERYTHEMATOUS                                                   hierarchical N         N           86       86       <fn>    <NULL>  <NULL> stat_1    
2814 TRT01A Placebo              AESOC  SKIN AND SUBCUTANEOUS TISSUE DISORDERS                              AEDECOD                      RASH ERYTHEMATOUS                                                   hierarchical p         %            0       0        <fn>    <NULL>  <NULL> stat_1    
2815 TRT01A Total                AESOC  SKIN AND SUBCUTANEOUS TISSUE DISORDERS                              AEDECOD                      RASH ERYTHEMATOUS                                                   hierarchical n         n            1       1        <fn>    <NULL>  <NULL> stat_2    
2816 TRT01A Total                AESOC  SKIN AND SUBCUTANEOUS TISSUE DISORDERS                              AEDECOD                      RASH ERYTHEMATOUS                                                   hierarchical N         N          306       306      <fn>    <NULL>  <NULL> stat_2    
2817 TRT01A Total                AESOC  SKIN AND SUBCUTANEOUS TISSUE DISORDERS                              AEDECOD                      RASH ERYTHEMATOUS                                                   hierarchical p         %            0.00327 0.3      <fn>    <NULL>  <NULL> stat_2    
2818 TRT01A Xanomeline High Dose AESOC  SKIN AND SUBCUTANEOUS TISSUE DISORDERS                              AEDECOD                      RASH ERYTHEMATOUS                                                   hierarchical n         n            0       0        <fn>    <NULL>  <NULL> stat_3    
2819 TRT01A Xanomeline High Dose AESOC  SKIN AND SUBCUTANEOUS TISSUE DISORDERS                              AEDECOD                      RASH ERYTHEMATOUS                                                   hierarchical N         N           72       72       <fn>    <NULL>  <NULL> stat_3    
2820 TRT01A Xanomeline High Dose AESOC  SKIN AND SUBCUTANEOUS TISSUE DISORDERS                              AEDECOD                      RASH ERYTHEMATOUS                                                   hierarchical p         %            0       0        <fn>    <NULL>  <NULL> stat_3    
2821 TRT01A Xanomeline Low Dose  AESOC  SKIN AND SUBCUTANEOUS TISSUE DISORDERS                              AEDECOD                      RASH ERYTHEMATOUS                                                   hierarchical n         n            1       1        <fn>    <NULL>  <NULL> stat_4    
2822 TRT01A Xanomeline Low Dose  AESOC  SKIN AND SUBCUTANEOUS TISSUE DISORDERS                              AEDECOD                      RASH ERYTHEMATOUS                                                   hierarchical N         N           96       96       <fn>    <NULL>  <NULL> stat_4    
2823 TRT01A Xanomeline Low Dose  AESOC  SKIN AND SUBCUTANEOUS TISSUE DISORDERS                              AEDECOD                      RASH ERYTHEMATOUS                                                   hierarchical p         %            0.0104  1.0      <fn>    <NULL>  <NULL> stat_4    
2824 TRT01A Placebo              AESOC  SKIN AND SUBCUTANEOUS TISSUE DISORDERS                              AEDECOD                      RASH MACULO-PAPULAR                                                 hierarchical n         n            0       0        <fn>    <NULL>  <NULL> stat_1    
2825 TRT01A Placebo              AESOC  SKIN AND SUBCUTANEOUS TISSUE DISORDERS                              AEDECOD                      RASH MACULO-PAPULAR                                                 hierarchical N         N           86       86       <fn>    <NULL>  <NULL> stat_1    
2826 TRT01A Placebo              AESOC  SKIN AND SUBCUTANEOUS TISSUE DISORDERS                              AEDECOD                      RASH MACULO-PAPULAR                                                 hierarchical p         %            0       0        <fn>    <NULL>  <NULL> stat_1    
2827 TRT01A Total                AESOC  SKIN AND SUBCUTANEOUS TISSUE DISORDERS                              AEDECOD                      RASH MACULO-PAPULAR                                                 hierarchical n         n            1       1        <fn>    <NULL>  <NULL> stat_2    
2828 TRT01A Total                AESOC  SKIN AND SUBCUTANEOUS TISSUE DISORDERS                              AEDECOD                      RASH MACULO-PAPULAR                                                 hierarchical N         N          306       306      <fn>    <NULL>  <NULL> stat_2    
2829 TRT01A Total                AESOC  SKIN AND SUBCUTANEOUS TISSUE DISORDERS                              AEDECOD                      RASH MACULO-PAPULAR                                                 hierarchical p         %            0.00327 0.3      <fn>    <NULL>  <NULL> stat_2    
2830 TRT01A Xanomeline High Dose AESOC  SKIN AND SUBCUTANEOUS TISSUE DISORDERS                              AEDECOD                      RASH MACULO-PAPULAR                                                 hierarchical n         n            1       1        <fn>    <NULL>  <NULL> stat_3    
2831 TRT01A Xanomeline High Dose AESOC  SKIN AND SUBCUTANEOUS TISSUE DISORDERS                              AEDECOD                      RASH MACULO-PAPULAR                                                 hierarchical N         N           72       72       <fn>    <NULL>  <NULL> stat_3    
2832 TRT01A Xanomeline High Dose AESOC  SKIN AND SUBCUTANEOUS TISSUE DISORDERS                              AEDECOD                      RASH MACULO-PAPULAR                                                 hierarchical p         %            0.0139  1.4      <fn>    <NULL>  <NULL> stat_3    
2833 TRT01A Xanomeline Low Dose  AESOC  SKIN AND SUBCUTANEOUS TISSUE DISORDERS                              AEDECOD                      RASH MACULO-PAPULAR                                                 hierarchical n         n            0       0        <fn>    <NULL>  <NULL> stat_4    
2834 TRT01A Xanomeline Low Dose  AESOC  SKIN AND SUBCUTANEOUS TISSUE DISORDERS                              AEDECOD                      RASH MACULO-PAPULAR                                                 hierarchical N         N           96       96       <fn>    <NULL>  <NULL> stat_4    
2835 TRT01A Xanomeline Low Dose  AESOC  SKIN AND SUBCUTANEOUS TISSUE DISORDERS                              AEDECOD                      RASH MACULO-PAPULAR                                                 hierarchical p         %            0       0        <fn>    <NULL>  <NULL> stat_4    
2836 TRT01A Placebo              AESOC  SKIN AND SUBCUTANEOUS TISSUE DISORDERS                              AEDECOD                      RASH PRURITIC                                                       hierarchical n         n            0       0        <fn>    <NULL>  <NULL> stat_1    
2837 TRT01A Placebo              AESOC  SKIN AND SUBCUTANEOUS TISSUE DISORDERS                              AEDECOD                      RASH PRURITIC                                                       hierarchical N         N           86       86       <fn>    <NULL>  <NULL> stat_1    
2838 TRT01A Placebo              AESOC  SKIN AND SUBCUTANEOUS TISSUE DISORDERS                              AEDECOD                      RASH PRURITIC                                                       hierarchical p         %            0       0        <fn>    <NULL>  <NULL> stat_1    
2839 TRT01A Total                AESOC  SKIN AND SUBCUTANEOUS TISSUE DISORDERS                              AEDECOD                      RASH PRURITIC                                                       hierarchical n         n            3       3        <fn>    <NULL>  <NULL> stat_2    
2840 TRT01A Total                AESOC  SKIN AND SUBCUTANEOUS TISSUE DISORDERS                              AEDECOD                      RASH PRURITIC                                                       hierarchical N         N          306       306      <fn>    <NULL>  <NULL> stat_2    
2841 TRT01A Total                AESOC  SKIN AND SUBCUTANEOUS TISSUE DISORDERS                              AEDECOD                      RASH PRURITIC                                                       hierarchical p         %            0.00980 1.0      <fn>    <NULL>  <NULL> stat_2    
2842 TRT01A Xanomeline High Dose AESOC  SKIN AND SUBCUTANEOUS TISSUE DISORDERS                              AEDECOD                      RASH PRURITIC                                                       hierarchical n         n            2       2        <fn>    <NULL>  <NULL> stat_3    
2843 TRT01A Xanomeline High Dose AESOC  SKIN AND SUBCUTANEOUS TISSUE DISORDERS                              AEDECOD                      RASH PRURITIC                                                       hierarchical N         N           72       72       <fn>    <NULL>  <NULL> stat_3    
2844 TRT01A Xanomeline High Dose AESOC  SKIN AND SUBCUTANEOUS TISSUE DISORDERS                              AEDECOD                      RASH PRURITIC                                                       hierarchical p         %            0.0278  2.8      <fn>    <NULL>  <NULL> stat_3    
2845 TRT01A Xanomeline Low Dose  AESOC  SKIN AND SUBCUTANEOUS TISSUE DISORDERS                              AEDECOD                      RASH PRURITIC                                                       hierarchical n         n            1       1        <fn>    <NULL>  <NULL> stat_4    
2846 TRT01A Xanomeline Low Dose  AESOC  SKIN AND SUBCUTANEOUS TISSUE DISORDERS                              AEDECOD                      RASH PRURITIC                                                       hierarchical N         N           96       96       <fn>    <NULL>  <NULL> stat_4    
2847 TRT01A Xanomeline Low Dose  AESOC  SKIN AND SUBCUTANEOUS TISSUE DISORDERS                              AEDECOD                      RASH PRURITIC                                                       hierarchical p         %            0.0104  1.0      <fn>    <NULL>  <NULL> stat_4    
2848 TRT01A Placebo              AESOC  SKIN AND SUBCUTANEOUS TISSUE DISORDERS                              AEDECOD                      SKIN EXFOLIATION                                                    hierarchical n         n            0       0        <fn>    <NULL>  <NULL> stat_1    
2849 TRT01A Placebo              AESOC  SKIN AND SUBCUTANEOUS TISSUE DISORDERS                              AEDECOD                      SKIN EXFOLIATION                                                    hierarchical N         N           86       86       <fn>    <NULL>  <NULL> stat_1    
2850 TRT01A Placebo              AESOC  SKIN AND SUBCUTANEOUS TISSUE DISORDERS                              AEDECOD                      SKIN EXFOLIATION                                                    hierarchical p         %            0       0        <fn>    <NULL>  <NULL> stat_1    
2851 TRT01A Total                AESOC  SKIN AND SUBCUTANEOUS TISSUE DISORDERS                              AEDECOD                      SKIN EXFOLIATION                                                    hierarchical n         n            1       1        <fn>    <NULL>  <NULL> stat_2    
2852 TRT01A Total                AESOC  SKIN AND SUBCUTANEOUS TISSUE DISORDERS                              AEDECOD                      SKIN EXFOLIATION                                                    hierarchical N         N          306       306      <fn>    <NULL>  <NULL> stat_2    
2853 TRT01A Total                AESOC  SKIN AND SUBCUTANEOUS TISSUE DISORDERS                              AEDECOD                      SKIN EXFOLIATION                                                    hierarchical p         %            0.00327 0.3      <fn>    <NULL>  <NULL> stat_2    
2854 TRT01A Xanomeline High Dose AESOC  SKIN AND SUBCUTANEOUS TISSUE DISORDERS                              AEDECOD                      SKIN EXFOLIATION                                                    hierarchical n         n            0       0        <fn>    <NULL>  <NULL> stat_3    
2855 TRT01A Xanomeline High Dose AESOC  SKIN AND SUBCUTANEOUS TISSUE DISORDERS                              AEDECOD                      SKIN EXFOLIATION                                                    hierarchical N         N           72       72       <fn>    <NULL>  <NULL> stat_3    
2856 TRT01A Xanomeline High Dose AESOC  SKIN AND SUBCUTANEOUS TISSUE DISORDERS                              AEDECOD                      SKIN EXFOLIATION                                                    hierarchical p         %            0       0        <fn>    <NULL>  <NULL> stat_3    
2857 TRT01A Xanomeline Low Dose  AESOC  SKIN AND SUBCUTANEOUS TISSUE DISORDERS                              AEDECOD                      SKIN EXFOLIATION                                                    hierarchical n         n            1       1        <fn>    <NULL>  <NULL> stat_4    
2858 TRT01A Xanomeline Low Dose  AESOC  SKIN AND SUBCUTANEOUS TISSUE DISORDERS                              AEDECOD                      SKIN EXFOLIATION                                                    hierarchical N         N           96       96       <fn>    <NULL>  <NULL> stat_4    
2859 TRT01A Xanomeline Low Dose  AESOC  SKIN AND SUBCUTANEOUS TISSUE DISORDERS                              AEDECOD                      SKIN EXFOLIATION                                                    hierarchical p         %            0.0104  1.0      <fn>    <NULL>  <NULL> stat_4    
2860 TRT01A Placebo              AESOC  SKIN AND SUBCUTANEOUS TISSUE DISORDERS                              AEDECOD                      SKIN IRRITATION                                                     hierarchical n         n            3       3        <fn>    <NULL>  <NULL> stat_1    
2861 TRT01A Placebo              AESOC  SKIN AND SUBCUTANEOUS TISSUE DISORDERS                              AEDECOD                      SKIN IRRITATION                                                     hierarchical N         N           86       86       <fn>    <NULL>  <NULL> stat_1    
2862 TRT01A Placebo              AESOC  SKIN AND SUBCUTANEOUS TISSUE DISORDERS                              AEDECOD                      SKIN IRRITATION                                                     hierarchical p         %            0.0349  3.5      <fn>    <NULL>  <NULL> stat_1    
2863 TRT01A Total                AESOC  SKIN AND SUBCUTANEOUS TISSUE DISORDERS                              AEDECOD                      SKIN IRRITATION                                                     hierarchical n         n           14       14       <fn>    <NULL>  <NULL> stat_2    
2864 TRT01A Total                AESOC  SKIN AND SUBCUTANEOUS TISSUE DISORDERS                              AEDECOD                      SKIN IRRITATION                                                     hierarchical N         N          306       306      <fn>    <NULL>  <NULL> stat_2    
2865 TRT01A Total                AESOC  SKIN AND SUBCUTANEOUS TISSUE DISORDERS                              AEDECOD                      SKIN IRRITATION                                                     hierarchical p         %            0.0458  4.6      <fn>    <NULL>  <NULL> stat_2    
2866 TRT01A Xanomeline High Dose AESOC  SKIN AND SUBCUTANEOUS TISSUE DISORDERS                              AEDECOD                      SKIN IRRITATION                                                     hierarchical n         n            5       5        <fn>    <NULL>  <NULL> stat_3    
2867 TRT01A Xanomeline High Dose AESOC  SKIN AND SUBCUTANEOUS TISSUE DISORDERS                              AEDECOD                      SKIN IRRITATION                                                     hierarchical N         N           72       72       <fn>    <NULL>  <NULL> stat_3    
2868 TRT01A Xanomeline High Dose AESOC  SKIN AND SUBCUTANEOUS TISSUE DISORDERS                              AEDECOD                      SKIN IRRITATION                                                     hierarchical p         %            0.0694  6.9      <fn>    <NULL>  <NULL> stat_3    
2869 TRT01A Xanomeline Low Dose  AESOC  SKIN AND SUBCUTANEOUS TISSUE DISORDERS                              AEDECOD                      SKIN IRRITATION                                                     hierarchical n         n            6       6        <fn>    <NULL>  <NULL> stat_4    
2870 TRT01A Xanomeline Low Dose  AESOC  SKIN AND SUBCUTANEOUS TISSUE DISORDERS                              AEDECOD                      SKIN IRRITATION                                                     hierarchical N         N           96       96       <fn>    <NULL>  <NULL> stat_4    
2871 TRT01A Xanomeline Low Dose  AESOC  SKIN AND SUBCUTANEOUS TISSUE DISORDERS                              AEDECOD                      SKIN IRRITATION                                                     hierarchical p         %            0.0625  6.3      <fn>    <NULL>  <NULL> stat_4    
2872 TRT01A Placebo              AESOC  SKIN AND SUBCUTANEOUS TISSUE DISORDERS                              AEDECOD                      SKIN ODOUR ABNORMAL                                                 hierarchical n         n            0       0        <fn>    <NULL>  <NULL> stat_1    
2873 TRT01A Placebo              AESOC  SKIN AND SUBCUTANEOUS TISSUE DISORDERS                              AEDECOD                      SKIN ODOUR ABNORMAL                                                 hierarchical N         N           86       86       <fn>    <NULL>  <NULL> stat_1    
2874 TRT01A Placebo              AESOC  SKIN AND SUBCUTANEOUS TISSUE DISORDERS                              AEDECOD                      SKIN ODOUR ABNORMAL                                                 hierarchical p         %            0       0        <fn>    <NULL>  <NULL> stat_1    
2875 TRT01A Total                AESOC  SKIN AND SUBCUTANEOUS TISSUE DISORDERS                              AEDECOD                      SKIN ODOUR ABNORMAL                                                 hierarchical n         n            1       1        <fn>    <NULL>  <NULL> stat_2    
2876 TRT01A Total                AESOC  SKIN AND SUBCUTANEOUS TISSUE DISORDERS                              AEDECOD                      SKIN ODOUR ABNORMAL                                                 hierarchical N         N          306       306      <fn>    <NULL>  <NULL> stat_2    
2877 TRT01A Total                AESOC  SKIN AND SUBCUTANEOUS TISSUE DISORDERS                              AEDECOD                      SKIN ODOUR ABNORMAL                                                 hierarchical p         %            0.00327 0.3      <fn>    <NULL>  <NULL> stat_2    
2878 TRT01A Xanomeline High Dose AESOC  SKIN AND SUBCUTANEOUS TISSUE DISORDERS                              AEDECOD                      SKIN ODOUR ABNORMAL                                                 hierarchical n         n            1       1        <fn>    <NULL>  <NULL> stat_3    
2879 TRT01A Xanomeline High Dose AESOC  SKIN AND SUBCUTANEOUS TISSUE DISORDERS                              AEDECOD                      SKIN ODOUR ABNORMAL                                                 hierarchical N         N           72       72       <fn>    <NULL>  <NULL> stat_3    
2880 TRT01A Xanomeline High Dose AESOC  SKIN AND SUBCUTANEOUS TISSUE DISORDERS                              AEDECOD                      SKIN ODOUR ABNORMAL                                                 hierarchical p         %            0.0139  1.4      <fn>    <NULL>  <NULL> stat_3    
2881 TRT01A Xanomeline Low Dose  AESOC  SKIN AND SUBCUTANEOUS TISSUE DISORDERS                              AEDECOD                      SKIN ODOUR ABNORMAL                                                 hierarchical n         n            0       0        <fn>    <NULL>  <NULL> stat_4    
2882 TRT01A Xanomeline Low Dose  AESOC  SKIN AND SUBCUTANEOUS TISSUE DISORDERS                              AEDECOD                      SKIN ODOUR ABNORMAL                                                 hierarchical N         N           96       96       <fn>    <NULL>  <NULL> stat_4    
2883 TRT01A Xanomeline Low Dose  AESOC  SKIN AND SUBCUTANEOUS TISSUE DISORDERS                              AEDECOD                      SKIN ODOUR ABNORMAL                                                 hierarchical p         %            0       0        <fn>    <NULL>  <NULL> stat_4    
2884 TRT01A Placebo              AESOC  SKIN AND SUBCUTANEOUS TISSUE DISORDERS                              AEDECOD                      SKIN ULCER                                                          hierarchical n         n            1       1        <fn>    <NULL>  <NULL> stat_1    
2885 TRT01A Placebo              AESOC  SKIN AND SUBCUTANEOUS TISSUE DISORDERS                              AEDECOD                      SKIN ULCER                                                          hierarchical N         N           86       86       <fn>    <NULL>  <NULL> stat_1    
2886 TRT01A Placebo              AESOC  SKIN AND SUBCUTANEOUS TISSUE DISORDERS                              AEDECOD                      SKIN ULCER                                                          hierarchical p         %            0.0116  1.2      <fn>    <NULL>  <NULL> stat_1    
2887 TRT01A Total                AESOC  SKIN AND SUBCUTANEOUS TISSUE DISORDERS                              AEDECOD                      SKIN ULCER                                                          hierarchical n         n            1       1        <fn>    <NULL>  <NULL> stat_2    
2888 TRT01A Total                AESOC  SKIN AND SUBCUTANEOUS TISSUE DISORDERS                              AEDECOD                      SKIN ULCER                                                          hierarchical N         N          306       306      <fn>    <NULL>  <NULL> stat_2    
2889 TRT01A Total                AESOC  SKIN AND SUBCUTANEOUS TISSUE DISORDERS                              AEDECOD                      SKIN ULCER                                                          hierarchical p         %            0.00327 0.3      <fn>    <NULL>  <NULL> stat_2    
2890 TRT01A Xanomeline High Dose AESOC  SKIN AND SUBCUTANEOUS TISSUE DISORDERS                              AEDECOD                      SKIN ULCER                                                          hierarchical n         n            0       0        <fn>    <NULL>  <NULL> stat_3    
2891 TRT01A Xanomeline High Dose AESOC  SKIN AND SUBCUTANEOUS TISSUE DISORDERS                              AEDECOD                      SKIN ULCER                                                          hierarchical N         N           72       72       <fn>    <NULL>  <NULL> stat_3    
2892 TRT01A Xanomeline High Dose AESOC  SKIN AND SUBCUTANEOUS TISSUE DISORDERS                              AEDECOD                      SKIN ULCER                                                          hierarchical p         %            0       0        <fn>    <NULL>  <NULL> stat_3    
2893 TRT01A Xanomeline Low Dose  AESOC  SKIN AND SUBCUTANEOUS TISSUE DISORDERS                              AEDECOD                      SKIN ULCER                                                          hierarchical n         n            0       0        <fn>    <NULL>  <NULL> stat_4    
2894 TRT01A Xanomeline Low Dose  AESOC  SKIN AND SUBCUTANEOUS TISSUE DISORDERS                              AEDECOD                      SKIN ULCER                                                          hierarchical N         N           96       96       <fn>    <NULL>  <NULL> stat_4    
2895 TRT01A Xanomeline Low Dose  AESOC  SKIN AND SUBCUTANEOUS TISSUE DISORDERS                              AEDECOD                      SKIN ULCER                                                          hierarchical p         %            0       0        <fn>    <NULL>  <NULL> stat_4    
2896 TRT01A Placebo              AESOC  SKIN AND SUBCUTANEOUS TISSUE DISORDERS                              AEDECOD                      URTICARIA                                                           hierarchical n         n            0       0        <fn>    <NULL>  <NULL> stat_1    
2897 TRT01A Placebo              AESOC  SKIN AND SUBCUTANEOUS TISSUE DISORDERS                              AEDECOD                      URTICARIA                                                           hierarchical N         N           86       86       <fn>    <NULL>  <NULL> stat_1    
2898 TRT01A Placebo              AESOC  SKIN AND SUBCUTANEOUS TISSUE DISORDERS                              AEDECOD                      URTICARIA                                                           hierarchical p         %            0       0        <fn>    <NULL>  <NULL> stat_1    
2899 TRT01A Total                AESOC  SKIN AND SUBCUTANEOUS TISSUE DISORDERS                              AEDECOD                      URTICARIA                                                           hierarchical n         n            2       2        <fn>    <NULL>  <NULL> stat_2    
2900 TRT01A Total                AESOC  SKIN AND SUBCUTANEOUS TISSUE DISORDERS                              AEDECOD                      URTICARIA                                                           hierarchical N         N          306       306      <fn>    <NULL>  <NULL> stat_2    
2901 TRT01A Total                AESOC  SKIN AND SUBCUTANEOUS TISSUE DISORDERS                              AEDECOD                      URTICARIA                                                           hierarchical p         %            0.00654 0.7      <fn>    <NULL>  <NULL> stat_2    
2902 TRT01A Xanomeline High Dose AESOC  SKIN AND SUBCUTANEOUS TISSUE DISORDERS                              AEDECOD                      URTICARIA                                                           hierarchical n         n            1       1        <fn>    <NULL>  <NULL> stat_3    
2903 TRT01A Xanomeline High Dose AESOC  SKIN AND SUBCUTANEOUS TISSUE DISORDERS                              AEDECOD                      URTICARIA                                                           hierarchical N         N           72       72       <fn>    <NULL>  <NULL> stat_3    
2904 TRT01A Xanomeline High Dose AESOC  SKIN AND SUBCUTANEOUS TISSUE DISORDERS                              AEDECOD                      URTICARIA                                                           hierarchical p         %            0.0139  1.4      <fn>    <NULL>  <NULL> stat_3    
2905 TRT01A Xanomeline Low Dose  AESOC  SKIN AND SUBCUTANEOUS TISSUE DISORDERS                              AEDECOD                      URTICARIA                                                           hierarchical n         n            1       1        <fn>    <NULL>  <NULL> stat_4    
2906 TRT01A Xanomeline Low Dose  AESOC  SKIN AND SUBCUTANEOUS TISSUE DISORDERS                              AEDECOD                      URTICARIA                                                           hierarchical N         N           96       96       <fn>    <NULL>  <NULL> stat_4    
2907 TRT01A Xanomeline Low Dose  AESOC  SKIN AND SUBCUTANEOUS TISSUE DISORDERS                              AEDECOD                      URTICARIA                                                           hierarchical p         %            0.0104  1.0      <fn>    <NULL>  <NULL> stat_4    
2908 TRT01A Placebo              <NA>   <NULL>                                                              AESOC                        SOCIAL CIRCUMSTANCES                                                hierarchical n         n            0       0        <fn>    <NULL>  <NULL> stat_1    
2909 TRT01A Placebo              <NA>   <NULL>                                                              AESOC                        SOCIAL CIRCUMSTANCES                                                hierarchical N         N           86       86       <fn>    <NULL>  <NULL> stat_1    
2910 TRT01A Placebo              <NA>   <NULL>                                                              AESOC                        SOCIAL CIRCUMSTANCES                                                hierarchical p         %            0       0        <fn>    <NULL>  <NULL> stat_1    
2911 TRT01A Total                <NA>   <NULL>                                                              AESOC                        SOCIAL CIRCUMSTANCES                                                hierarchical n         n            1       1        <fn>    <NULL>  <NULL> stat_2    
2912 TRT01A Total                <NA>   <NULL>                                                              AESOC                        SOCIAL CIRCUMSTANCES                                                hierarchical N         N          306       306      <fn>    <NULL>  <NULL> stat_2    
2913 TRT01A Total                <NA>   <NULL>                                                              AESOC                        SOCIAL CIRCUMSTANCES                                                hierarchical p         %            0.00327 0.3      <fn>    <NULL>  <NULL> stat_2    
2914 TRT01A Xanomeline High Dose <NA>   <NULL>                                                              AESOC                        SOCIAL CIRCUMSTANCES                                                hierarchical n         n            1       1        <fn>    <NULL>  <NULL> stat_3    
2915 TRT01A Xanomeline High Dose <NA>   <NULL>                                                              AESOC                        SOCIAL CIRCUMSTANCES                                                hierarchical N         N           72       72       <fn>    <NULL>  <NULL> stat_3    
2916 TRT01A Xanomeline High Dose <NA>   <NULL>                                                              AESOC                        SOCIAL CIRCUMSTANCES                                                hierarchical p         %            0.0139  1.4      <fn>    <NULL>  <NULL> stat_3    
2917 TRT01A Xanomeline Low Dose  <NA>   <NULL>                                                              AESOC                        SOCIAL CIRCUMSTANCES                                                hierarchical n         n            0       0        <fn>    <NULL>  <NULL> stat_4    
2918 TRT01A Xanomeline Low Dose  <NA>   <NULL>                                                              AESOC                        SOCIAL CIRCUMSTANCES                                                hierarchical N         N           96       96       <fn>    <NULL>  <NULL> stat_4    
2919 TRT01A Xanomeline Low Dose  <NA>   <NULL>                                                              AESOC                        SOCIAL CIRCUMSTANCES                                                hierarchical p         %            0       0        <fn>    <NULL>  <NULL> stat_4    
2920 TRT01A Placebo              AESOC  SOCIAL CIRCUMSTANCES                                                AEDECOD                      ALCOHOL USE                                                         hierarchical n         n            0       0        <fn>    <NULL>  <NULL> stat_1    
2921 TRT01A Placebo              AESOC  SOCIAL CIRCUMSTANCES                                                AEDECOD                      ALCOHOL USE                                                         hierarchical N         N           86       86       <fn>    <NULL>  <NULL> stat_1    
2922 TRT01A Placebo              AESOC  SOCIAL CIRCUMSTANCES                                                AEDECOD                      ALCOHOL USE                                                         hierarchical p         %            0       0        <fn>    <NULL>  <NULL> stat_1    
2923 TRT01A Total                AESOC  SOCIAL CIRCUMSTANCES                                                AEDECOD                      ALCOHOL USE                                                         hierarchical n         n            1       1        <fn>    <NULL>  <NULL> stat_2    
2924 TRT01A Total                AESOC  SOCIAL CIRCUMSTANCES                                                AEDECOD                      ALCOHOL USE                                                         hierarchical N         N          306       306      <fn>    <NULL>  <NULL> stat_2    
2925 TRT01A Total                AESOC  SOCIAL CIRCUMSTANCES                                                AEDECOD                      ALCOHOL USE                                                         hierarchical p         %            0.00327 0.3      <fn>    <NULL>  <NULL> stat_2    
2926 TRT01A Xanomeline High Dose AESOC  SOCIAL CIRCUMSTANCES                                                AEDECOD                      ALCOHOL USE                                                         hierarchical n         n            1       1        <fn>    <NULL>  <NULL> stat_3    
2927 TRT01A Xanomeline High Dose AESOC  SOCIAL CIRCUMSTANCES                                                AEDECOD                      ALCOHOL USE                                                         hierarchical N         N           72       72       <fn>    <NULL>  <NULL> stat_3    
2928 TRT01A Xanomeline High Dose AESOC  SOCIAL CIRCUMSTANCES                                                AEDECOD                      ALCOHOL USE                                                         hierarchical p         %            0.0139  1.4      <fn>    <NULL>  <NULL> stat_3    
2929 TRT01A Xanomeline Low Dose  AESOC  SOCIAL CIRCUMSTANCES                                                AEDECOD                      ALCOHOL USE                                                         hierarchical n         n            0       0        <fn>    <NULL>  <NULL> stat_4    
2930 TRT01A Xanomeline Low Dose  AESOC  SOCIAL CIRCUMSTANCES                                                AEDECOD                      ALCOHOL USE                                                         hierarchical N         N           96       96       <fn>    <NULL>  <NULL> stat_4    
2931 TRT01A Xanomeline Low Dose  AESOC  SOCIAL CIRCUMSTANCES                                                AEDECOD                      ALCOHOL USE                                                         hierarchical p         %            0       0        <fn>    <NULL>  <NULL> stat_4    
2932 TRT01A Placebo              <NA>   <NULL>                                                              AESOC                        SURGICAL AND MEDICAL PROCEDURES                                     hierarchical n         n            2       2        <fn>    <NULL>  <NULL> stat_1    
2933 TRT01A Placebo              <NA>   <NULL>                                                              AESOC                        SURGICAL AND MEDICAL PROCEDURES                                     hierarchical N         N           86       86       <fn>    <NULL>  <NULL> stat_1    
2934 TRT01A Placebo              <NA>   <NULL>                                                              AESOC                        SURGICAL AND MEDICAL PROCEDURES                                     hierarchical p         %            0.0233  2.3      <fn>    <NULL>  <NULL> stat_1    
2935 TRT01A Total                <NA>   <NULL>                                                              AESOC                        SURGICAL AND MEDICAL PROCEDURES                                     hierarchical n         n            5       5        <fn>    <NULL>  <NULL> stat_2    
2936 TRT01A Total                <NA>   <NULL>                                                              AESOC                        SURGICAL AND MEDICAL PROCEDURES                                     hierarchical N         N          306       306      <fn>    <NULL>  <NULL> stat_2    
2937 TRT01A Total                <NA>   <NULL>                                                              AESOC                        SURGICAL AND MEDICAL PROCEDURES                                     hierarchical p         %            0.0163  1.6      <fn>    <NULL>  <NULL> stat_2    
2938 TRT01A Xanomeline High Dose <NA>   <NULL>                                                              AESOC                        SURGICAL AND MEDICAL PROCEDURES                                     hierarchical n         n            2       2        <fn>    <NULL>  <NULL> stat_3    
2939 TRT01A Xanomeline High Dose <NA>   <NULL>                                                              AESOC                        SURGICAL AND MEDICAL PROCEDURES                                     hierarchical N         N           72       72       <fn>    <NULL>  <NULL> stat_3    
2940 TRT01A Xanomeline High Dose <NA>   <NULL>                                                              AESOC                        SURGICAL AND MEDICAL PROCEDURES                                     hierarchical p         %            0.0278  2.8      <fn>    <NULL>  <NULL> stat_3    
2941 TRT01A Xanomeline Low Dose  <NA>   <NULL>                                                              AESOC                        SURGICAL AND MEDICAL PROCEDURES                                     hierarchical n         n            1       1        <fn>    <NULL>  <NULL> stat_4    
2942 TRT01A Xanomeline Low Dose  <NA>   <NULL>                                                              AESOC                        SURGICAL AND MEDICAL PROCEDURES                                     hierarchical N         N           96       96       <fn>    <NULL>  <NULL> stat_4    
2943 TRT01A Xanomeline Low Dose  <NA>   <NULL>                                                              AESOC                        SURGICAL AND MEDICAL PROCEDURES                                     hierarchical p         %            0.0104  1.0      <fn>    <NULL>  <NULL> stat_4    
2944 TRT01A Placebo              AESOC  SURGICAL AND MEDICAL PROCEDURES                                     AEDECOD                      ACROCHORDON EXCISION                                                hierarchical n         n            0       0        <fn>    <NULL>  <NULL> stat_1    
2945 TRT01A Placebo              AESOC  SURGICAL AND MEDICAL PROCEDURES                                     AEDECOD                      ACROCHORDON EXCISION                                                hierarchical N         N           86       86       <fn>    <NULL>  <NULL> stat_1    
2946 TRT01A Placebo              AESOC  SURGICAL AND MEDICAL PROCEDURES                                     AEDECOD                      ACROCHORDON EXCISION                                                hierarchical p         %            0       0        <fn>    <NULL>  <NULL> stat_1    
2947 TRT01A Total                AESOC  SURGICAL AND MEDICAL PROCEDURES                                     AEDECOD                      ACROCHORDON EXCISION                                                hierarchical n         n            1       1        <fn>    <NULL>  <NULL> stat_2    
2948 TRT01A Total                AESOC  SURGICAL AND MEDICAL PROCEDURES                                     AEDECOD                      ACROCHORDON EXCISION                                                hierarchical N         N          306       306      <fn>    <NULL>  <NULL> stat_2    
2949 TRT01A Total                AESOC  SURGICAL AND MEDICAL PROCEDURES                                     AEDECOD                      ACROCHORDON EXCISION                                                hierarchical p         %            0.00327 0.3      <fn>    <NULL>  <NULL> stat_2    
2950 TRT01A Xanomeline High Dose AESOC  SURGICAL AND MEDICAL PROCEDURES                                     AEDECOD                      ACROCHORDON EXCISION                                                hierarchical n         n            1       1        <fn>    <NULL>  <NULL> stat_3    
2951 TRT01A Xanomeline High Dose AESOC  SURGICAL AND MEDICAL PROCEDURES                                     AEDECOD                      ACROCHORDON EXCISION                                                hierarchical N         N           72       72       <fn>    <NULL>  <NULL> stat_3    
2952 TRT01A Xanomeline High Dose AESOC  SURGICAL AND MEDICAL PROCEDURES                                     AEDECOD                      ACROCHORDON EXCISION                                                hierarchical p         %            0.0139  1.4      <fn>    <NULL>  <NULL> stat_3    
2953 TRT01A Xanomeline Low Dose  AESOC  SURGICAL AND MEDICAL PROCEDURES                                     AEDECOD                      ACROCHORDON EXCISION                                                hierarchical n         n            0       0        <fn>    <NULL>  <NULL> stat_4    
2954 TRT01A Xanomeline Low Dose  AESOC  SURGICAL AND MEDICAL PROCEDURES                                     AEDECOD                      ACROCHORDON EXCISION                                                hierarchical N         N           96       96       <fn>    <NULL>  <NULL> stat_4    
2955 TRT01A Xanomeline Low Dose  AESOC  SURGICAL AND MEDICAL PROCEDURES                                     AEDECOD                      ACROCHORDON EXCISION                                                hierarchical p         %            0       0        <fn>    <NULL>  <NULL> stat_4    
2956 TRT01A Placebo              AESOC  SURGICAL AND MEDICAL PROCEDURES                                     AEDECOD                      CATARACT OPERATION                                                  hierarchical n         n            1       1        <fn>    <NULL>  <NULL> stat_1    
2957 TRT01A Placebo              AESOC  SURGICAL AND MEDICAL PROCEDURES                                     AEDECOD                      CATARACT OPERATION                                                  hierarchical N         N           86       86       <fn>    <NULL>  <NULL> stat_1    
2958 TRT01A Placebo              AESOC  SURGICAL AND MEDICAL PROCEDURES                                     AEDECOD                      CATARACT OPERATION                                                  hierarchical p         %            0.0116  1.2      <fn>    <NULL>  <NULL> stat_1    
2959 TRT01A Total                AESOC  SURGICAL AND MEDICAL PROCEDURES                                     AEDECOD                      CATARACT OPERATION                                                  hierarchical n         n            2       2        <fn>    <NULL>  <NULL> stat_2    
2960 TRT01A Total                AESOC  SURGICAL AND MEDICAL PROCEDURES                                     AEDECOD                      CATARACT OPERATION                                                  hierarchical N         N          306       306      <fn>    <NULL>  <NULL> stat_2    
2961 TRT01A Total                AESOC  SURGICAL AND MEDICAL PROCEDURES                                     AEDECOD                      CATARACT OPERATION                                                  hierarchical p         %            0.00654 0.7      <fn>    <NULL>  <NULL> stat_2    
2962 TRT01A Xanomeline High Dose AESOC  SURGICAL AND MEDICAL PROCEDURES                                     AEDECOD                      CATARACT OPERATION                                                  hierarchical n         n            0       0        <fn>    <NULL>  <NULL> stat_3    
2963 TRT01A Xanomeline High Dose AESOC  SURGICAL AND MEDICAL PROCEDURES                                     AEDECOD                      CATARACT OPERATION                                                  hierarchical N         N           72       72       <fn>    <NULL>  <NULL> stat_3    
2964 TRT01A Xanomeline High Dose AESOC  SURGICAL AND MEDICAL PROCEDURES                                     AEDECOD                      CATARACT OPERATION                                                  hierarchical p         %            0       0        <fn>    <NULL>  <NULL> stat_3    
2965 TRT01A Xanomeline Low Dose  AESOC  SURGICAL AND MEDICAL PROCEDURES                                     AEDECOD                      CATARACT OPERATION                                                  hierarchical n         n            1       1        <fn>    <NULL>  <NULL> stat_4    
2966 TRT01A Xanomeline Low Dose  AESOC  SURGICAL AND MEDICAL PROCEDURES                                     AEDECOD                      CATARACT OPERATION                                                  hierarchical N         N           96       96       <fn>    <NULL>  <NULL> stat_4    
2967 TRT01A Xanomeline Low Dose  AESOC  SURGICAL AND MEDICAL PROCEDURES                                     AEDECOD                      CATARACT OPERATION                                                  hierarchical p         %            0.0104  1.0      <fn>    <NULL>  <NULL> stat_4    
2968 TRT01A Placebo              AESOC  SURGICAL AND MEDICAL PROCEDURES                                     AEDECOD                      EYE LASER SURGERY                                                   hierarchical n         n            1       1        <fn>    <NULL>  <NULL> stat_1    
2969 TRT01A Placebo              AESOC  SURGICAL AND MEDICAL PROCEDURES                                     AEDECOD                      EYE LASER SURGERY                                                   hierarchical N         N           86       86       <fn>    <NULL>  <NULL> stat_1    
2970 TRT01A Placebo              AESOC  SURGICAL AND MEDICAL PROCEDURES                                     AEDECOD                      EYE LASER SURGERY                                                   hierarchical p         %            0.0116  1.2      <fn>    <NULL>  <NULL> stat_1    
2971 TRT01A Total                AESOC  SURGICAL AND MEDICAL PROCEDURES                                     AEDECOD                      EYE LASER SURGERY                                                   hierarchical n         n            1       1        <fn>    <NULL>  <NULL> stat_2    
2972 TRT01A Total                AESOC  SURGICAL AND MEDICAL PROCEDURES                                     AEDECOD                      EYE LASER SURGERY                                                   hierarchical N         N          306       306      <fn>    <NULL>  <NULL> stat_2    
2973 TRT01A Total                AESOC  SURGICAL AND MEDICAL PROCEDURES                                     AEDECOD                      EYE LASER SURGERY                                                   hierarchical p         %            0.00327 0.3      <fn>    <NULL>  <NULL> stat_2    
2974 TRT01A Xanomeline High Dose AESOC  SURGICAL AND MEDICAL PROCEDURES                                     AEDECOD                      EYE LASER SURGERY                                                   hierarchical n         n            0       0        <fn>    <NULL>  <NULL> stat_3    
2975 TRT01A Xanomeline High Dose AESOC  SURGICAL AND MEDICAL PROCEDURES                                     AEDECOD                      EYE LASER SURGERY                                                   hierarchical N         N           72       72       <fn>    <NULL>  <NULL> stat_3    
2976 TRT01A Xanomeline High Dose AESOC  SURGICAL AND MEDICAL PROCEDURES                                     AEDECOD                      EYE LASER SURGERY                                                   hierarchical p         %            0       0        <fn>    <NULL>  <NULL> stat_3    
2977 TRT01A Xanomeline Low Dose  AESOC  SURGICAL AND MEDICAL PROCEDURES                                     AEDECOD                      EYE LASER SURGERY                                                   hierarchical n         n            0       0        <fn>    <NULL>  <NULL> stat_4    
2978 TRT01A Xanomeline Low Dose  AESOC  SURGICAL AND MEDICAL PROCEDURES                                     AEDECOD                      EYE LASER SURGERY                                                   hierarchical N         N           96       96       <fn>    <NULL>  <NULL> stat_4    
2979 TRT01A Xanomeline Low Dose  AESOC  SURGICAL AND MEDICAL PROCEDURES                                     AEDECOD                      EYE LASER SURGERY                                                   hierarchical p         %            0       0        <fn>    <NULL>  <NULL> stat_4    
2980 TRT01A Placebo              AESOC  SURGICAL AND MEDICAL PROCEDURES                                     AEDECOD                      SKIN LESION EXCISION                                                hierarchical n         n            0       0        <fn>    <NULL>  <NULL> stat_1    
2981 TRT01A Placebo              AESOC  SURGICAL AND MEDICAL PROCEDURES                                     AEDECOD                      SKIN LESION EXCISION                                                hierarchical N         N           86       86       <fn>    <NULL>  <NULL> stat_1    
2982 TRT01A Placebo              AESOC  SURGICAL AND MEDICAL PROCEDURES                                     AEDECOD                      SKIN LESION EXCISION                                                hierarchical p         %            0       0        <fn>    <NULL>  <NULL> stat_1    
2983 TRT01A Total                AESOC  SURGICAL AND MEDICAL PROCEDURES                                     AEDECOD                      SKIN LESION EXCISION                                                hierarchical n         n            1       1        <fn>    <NULL>  <NULL> stat_2    
2984 TRT01A Total                AESOC  SURGICAL AND MEDICAL PROCEDURES                                     AEDECOD                      SKIN LESION EXCISION                                                hierarchical N         N          306       306      <fn>    <NULL>  <NULL> stat_2    
2985 TRT01A Total                AESOC  SURGICAL AND MEDICAL PROCEDURES                                     AEDECOD                      SKIN LESION EXCISION                                                hierarchical p         %            0.00327 0.3      <fn>    <NULL>  <NULL> stat_2    
2986 TRT01A Xanomeline High Dose AESOC  SURGICAL AND MEDICAL PROCEDURES                                     AEDECOD                      SKIN LESION EXCISION                                                hierarchical n         n            1       1        <fn>    <NULL>  <NULL> stat_3    
2987 TRT01A Xanomeline High Dose AESOC  SURGICAL AND MEDICAL PROCEDURES                                     AEDECOD                      SKIN LESION EXCISION                                                hierarchical N         N           72       72       <fn>    <NULL>  <NULL> stat_3    
2988 TRT01A Xanomeline High Dose AESOC  SURGICAL AND MEDICAL PROCEDURES                                     AEDECOD                      SKIN LESION EXCISION                                                hierarchical p         %            0.0139  1.4      <fn>    <NULL>  <NULL> stat_3    
2989 TRT01A Xanomeline Low Dose  AESOC  SURGICAL AND MEDICAL PROCEDURES                                     AEDECOD                      SKIN LESION EXCISION                                                hierarchical n         n            0       0        <fn>    <NULL>  <NULL> stat_4    
2990 TRT01A Xanomeline Low Dose  AESOC  SURGICAL AND MEDICAL PROCEDURES                                     AEDECOD                      SKIN LESION EXCISION                                                hierarchical N         N           96       96       <fn>    <NULL>  <NULL> stat_4    
2991 TRT01A Xanomeline Low Dose  AESOC  SURGICAL AND MEDICAL PROCEDURES                                     AEDECOD                      SKIN LESION EXCISION                                                hierarchical p         %            0       0        <fn>    <NULL>  <NULL> stat_4    
2992 TRT01A Placebo              <NA>   <NULL>                                                              AESOC                        VASCULAR DISORDERS                                                  hierarchical n         n            3       3        <fn>    <NULL>  <NULL> stat_1    
2993 TRT01A Placebo              <NA>   <NULL>                                                              AESOC                        VASCULAR DISORDERS                                                  hierarchical N         N           86       86       <fn>    <NULL>  <NULL> stat_1    
2994 TRT01A Placebo              <NA>   <NULL>                                                              AESOC                        VASCULAR DISORDERS                                                  hierarchical p         %            0.0349  3.5      <fn>    <NULL>  <NULL> stat_1    
2995 TRT01A Total                <NA>   <NULL>                                                              AESOC                        VASCULAR DISORDERS                                                  hierarchical n         n            7       7        <fn>    <NULL>  <NULL> stat_2    
2996 TRT01A Total                <NA>   <NULL>                                                              AESOC                        VASCULAR DISORDERS                                                  hierarchical N         N          306       306      <fn>    <NULL>  <NULL> stat_2    
2997 TRT01A Total                <NA>   <NULL>                                                              AESOC                        VASCULAR DISORDERS                                                  hierarchical p         %            0.0229  2.3      <fn>    <NULL>  <NULL> stat_2    
2998 TRT01A Xanomeline High Dose <NA>   <NULL>                                                              AESOC                        VASCULAR DISORDERS                                                  hierarchical n         n            1       1        <fn>    <NULL>  <NULL> stat_3    
2999 TRT01A Xanomeline High Dose <NA>   <NULL>                                                              AESOC                        VASCULAR DISORDERS                                                  hierarchical N         N           72       72       <fn>    <NULL>  <NULL> stat_3    
3000 TRT01A Xanomeline High Dose <NA>   <NULL>                                                              AESOC                        VASCULAR DISORDERS                                                  hierarchical p         %            0.0139  1.4      <fn>    <NULL>  <NULL> stat_3    
3001 TRT01A Xanomeline Low Dose  <NA>   <NULL>                                                              AESOC                        VASCULAR DISORDERS                                                  hierarchical n         n            3       3        <fn>    <NULL>  <NULL> stat_4    
3002 TRT01A Xanomeline Low Dose  <NA>   <NULL>                                                              AESOC                        VASCULAR DISORDERS                                                  hierarchical N         N           96       96       <fn>    <NULL>  <NULL> stat_4    
3003 TRT01A Xanomeline Low Dose  <NA>   <NULL>                                                              AESOC                        VASCULAR DISORDERS                                                  hierarchical p         %            0.0312  3.1      <fn>    <NULL>  <NULL> stat_4    
3004 TRT01A Placebo              AESOC  VASCULAR DISORDERS                                                  AEDECOD                      HOT FLUSH                                                           hierarchical n         n            0       0        <fn>    <NULL>  <NULL> stat_1    
3005 TRT01A Placebo              AESOC  VASCULAR DISORDERS                                                  AEDECOD                      HOT FLUSH                                                           hierarchical N         N           86       86       <fn>    <NULL>  <NULL> stat_1    
3006 TRT01A Placebo              AESOC  VASCULAR DISORDERS                                                  AEDECOD                      HOT FLUSH                                                           hierarchical p         %            0       0        <fn>    <NULL>  <NULL> stat_1    
3007 TRT01A Total                AESOC  VASCULAR DISORDERS                                                  AEDECOD                      HOT FLUSH                                                           hierarchical n         n            1       1        <fn>    <NULL>  <NULL> stat_2    
3008 TRT01A Total                AESOC  VASCULAR DISORDERS                                                  AEDECOD                      HOT FLUSH                                                           hierarchical N         N          306       306      <fn>    <NULL>  <NULL> stat_2    
3009 TRT01A Total                AESOC  VASCULAR DISORDERS                                                  AEDECOD                      HOT FLUSH                                                           hierarchical p         %            0.00327 0.3      <fn>    <NULL>  <NULL> stat_2    
3010 TRT01A Xanomeline High Dose AESOC  VASCULAR DISORDERS                                                  AEDECOD                      HOT FLUSH                                                           hierarchical n         n            0       0        <fn>    <NULL>  <NULL> stat_3    
3011 TRT01A Xanomeline High Dose AESOC  VASCULAR DISORDERS                                                  AEDECOD                      HOT FLUSH                                                           hierarchical N         N           72       72       <fn>    <NULL>  <NULL> stat_3    
3012 TRT01A Xanomeline High Dose AESOC  VASCULAR DISORDERS                                                  AEDECOD                      HOT FLUSH                                                           hierarchical p         %            0       0        <fn>    <NULL>  <NULL> stat_3    
3013 TRT01A Xanomeline Low Dose  AESOC  VASCULAR DISORDERS                                                  AEDECOD                      HOT FLUSH                                                           hierarchical n         n            1       1        <fn>    <NULL>  <NULL> stat_4    
3014 TRT01A Xanomeline Low Dose  AESOC  VASCULAR DISORDERS                                                  AEDECOD                      HOT FLUSH                                                           hierarchical N         N           96       96       <fn>    <NULL>  <NULL> stat_4    
3015 TRT01A Xanomeline Low Dose  AESOC  VASCULAR DISORDERS                                                  AEDECOD                      HOT FLUSH                                                           hierarchical p         %            0.0104  1.0      <fn>    <NULL>  <NULL> stat_4    
3016 TRT01A Placebo              AESOC  VASCULAR DISORDERS                                                  AEDECOD                      HYPERTENSION                                                        hierarchical n         n            1       1        <fn>    <NULL>  <NULL> stat_1    
3017 TRT01A Placebo              AESOC  VASCULAR DISORDERS                                                  AEDECOD                      HYPERTENSION                                                        hierarchical N         N           86       86       <fn>    <NULL>  <NULL> stat_1    
3018 TRT01A Placebo              AESOC  VASCULAR DISORDERS                                                  AEDECOD                      HYPERTENSION                                                        hierarchical p         %            0.0116  1.2      <fn>    <NULL>  <NULL> stat_1    
3019 TRT01A Total                AESOC  VASCULAR DISORDERS                                                  AEDECOD                      HYPERTENSION                                                        hierarchical n         n            2       2        <fn>    <NULL>  <NULL> stat_2    
3020 TRT01A Total                AESOC  VASCULAR DISORDERS                                                  AEDECOD                      HYPERTENSION                                                        hierarchical N         N          306       306      <fn>    <NULL>  <NULL> stat_2    
3021 TRT01A Total                AESOC  VASCULAR DISORDERS                                                  AEDECOD                      HYPERTENSION                                                        hierarchical p         %            0.00654 0.7      <fn>    <NULL>  <NULL> stat_2    
3022 TRT01A Xanomeline High Dose AESOC  VASCULAR DISORDERS                                                  AEDECOD                      HYPERTENSION                                                        hierarchical n         n            0       0        <fn>    <NULL>  <NULL> stat_3    
3023 TRT01A Xanomeline High Dose AESOC  VASCULAR DISORDERS                                                  AEDECOD                      HYPERTENSION                                                        hierarchical N         N           72       72       <fn>    <NULL>  <NULL> stat_3    
3024 TRT01A Xanomeline High Dose AESOC  VASCULAR DISORDERS                                                  AEDECOD                      HYPERTENSION                                                        hierarchical p         %            0       0        <fn>    <NULL>  <NULL> stat_3    
3025 TRT01A Xanomeline Low Dose  AESOC  VASCULAR DISORDERS                                                  AEDECOD                      HYPERTENSION                                                        hierarchical n         n            1       1        <fn>    <NULL>  <NULL> stat_4    
3026 TRT01A Xanomeline Low Dose  AESOC  VASCULAR DISORDERS                                                  AEDECOD                      HYPERTENSION                                                        hierarchical N         N           96       96       <fn>    <NULL>  <NULL> stat_4    
3027 TRT01A Xanomeline Low Dose  AESOC  VASCULAR DISORDERS                                                  AEDECOD                      HYPERTENSION                                                        hierarchical p         %            0.0104  1.0      <fn>    <NULL>  <NULL> stat_4    
3028 TRT01A Placebo              AESOC  VASCULAR DISORDERS                                                  AEDECOD                      HYPOTENSION                                                         hierarchical n         n            2       2        <fn>    <NULL>  <NULL> stat_1    
3029 TRT01A Placebo              AESOC  VASCULAR DISORDERS                                                  AEDECOD                      HYPOTENSION                                                         hierarchical N         N           86       86       <fn>    <NULL>  <NULL> stat_1    
3030 TRT01A Placebo              AESOC  VASCULAR DISORDERS                                                  AEDECOD                      HYPOTENSION                                                         hierarchical p         %            0.0233  2.3      <fn>    <NULL>  <NULL> stat_1    
3031 TRT01A Total                AESOC  VASCULAR DISORDERS                                                  AEDECOD                      HYPOTENSION                                                         hierarchical n         n            3       3        <fn>    <NULL>  <NULL> stat_2    
3032 TRT01A Total                AESOC  VASCULAR DISORDERS                                                  AEDECOD                      HYPOTENSION                                                         hierarchical N         N          306       306      <fn>    <NULL>  <NULL> stat_2    
3033 TRT01A Total                AESOC  VASCULAR DISORDERS                                                  AEDECOD                      HYPOTENSION                                                         hierarchical p         %            0.00980 1.0      <fn>    <NULL>  <NULL> stat_2    
3034 TRT01A Xanomeline High Dose AESOC  VASCULAR DISORDERS                                                  AEDECOD                      HYPOTENSION                                                         hierarchical n         n            0       0        <fn>    <NULL>  <NULL> stat_3    
3035 TRT01A Xanomeline High Dose AESOC  VASCULAR DISORDERS                                                  AEDECOD                      HYPOTENSION                                                         hierarchical N         N           72       72       <fn>    <NULL>  <NULL> stat_3    
3036 TRT01A Xanomeline High Dose AESOC  VASCULAR DISORDERS                                                  AEDECOD                      HYPOTENSION                                                         hierarchical p         %            0       0        <fn>    <NULL>  <NULL> stat_3    
3037 TRT01A Xanomeline Low Dose  AESOC  VASCULAR DISORDERS                                                  AEDECOD                      HYPOTENSION                                                         hierarchical n         n            1       1        <fn>    <NULL>  <NULL> stat_4    
3038 TRT01A Xanomeline Low Dose  AESOC  VASCULAR DISORDERS                                                  AEDECOD                      HYPOTENSION                                                         hierarchical N         N           96       96       <fn>    <NULL>  <NULL> stat_4    
3039 TRT01A Xanomeline Low Dose  AESOC  VASCULAR DISORDERS                                                  AEDECOD                      HYPOTENSION                                                         hierarchical p         %            0.0104  1.0      <fn>    <NULL>  <NULL> stat_4    
3040 TRT01A Placebo              AESOC  VASCULAR DISORDERS                                                  AEDECOD                      ORTHOSTATIC HYPOTENSION                                             hierarchical n         n            1       1        <fn>    <NULL>  <NULL> stat_1    
3041 TRT01A Placebo              AESOC  VASCULAR DISORDERS                                                  AEDECOD                      ORTHOSTATIC HYPOTENSION                                             hierarchical N         N           86       86       <fn>    <NULL>  <NULL> stat_1    
3042 TRT01A Placebo              AESOC  VASCULAR DISORDERS                                                  AEDECOD                      ORTHOSTATIC HYPOTENSION                                             hierarchical p         %            0.0116  1.2      <fn>    <NULL>  <NULL> stat_1    
3043 TRT01A Total                AESOC  VASCULAR DISORDERS                                                  AEDECOD                      ORTHOSTATIC HYPOTENSION                                             hierarchical n         n            1       1        <fn>    <NULL>  <NULL> stat_2    
3044 TRT01A Total                AESOC  VASCULAR DISORDERS                                                  AEDECOD                      ORTHOSTATIC HYPOTENSION                                             hierarchical N         N          306       306      <fn>    <NULL>  <NULL> stat_2    
3045 TRT01A Total                AESOC  VASCULAR DISORDERS                                                  AEDECOD                      ORTHOSTATIC HYPOTENSION                                             hierarchical p         %            0.00327 0.3      <fn>    <NULL>  <NULL> stat_2    
3046 TRT01A Xanomeline High Dose AESOC  VASCULAR DISORDERS                                                  AEDECOD                      ORTHOSTATIC HYPOTENSION                                             hierarchical n         n            0       0        <fn>    <NULL>  <NULL> stat_3    
3047 TRT01A Xanomeline High Dose AESOC  VASCULAR DISORDERS                                                  AEDECOD                      ORTHOSTATIC HYPOTENSION                                             hierarchical N         N           72       72       <fn>    <NULL>  <NULL> stat_3    
3048 TRT01A Xanomeline High Dose AESOC  VASCULAR DISORDERS                                                  AEDECOD                      ORTHOSTATIC HYPOTENSION                                             hierarchical p         %            0       0        <fn>    <NULL>  <NULL> stat_3    
3049 TRT01A Xanomeline Low Dose  AESOC  VASCULAR DISORDERS                                                  AEDECOD                      ORTHOSTATIC HYPOTENSION                                             hierarchical n         n            0       0        <fn>    <NULL>  <NULL> stat_4    
3050 TRT01A Xanomeline Low Dose  AESOC  VASCULAR DISORDERS                                                  AEDECOD                      ORTHOSTATIC HYPOTENSION                                             hierarchical N         N           96       96       <fn>    <NULL>  <NULL> stat_4    
3051 TRT01A Xanomeline Low Dose  AESOC  VASCULAR DISORDERS                                                  AEDECOD                      ORTHOSTATIC HYPOTENSION                                             hierarchical p         %            0       0        <fn>    <NULL>  <NULL> stat_4    
3052 TRT01A Placebo              AESOC  VASCULAR DISORDERS                                                  AEDECOD                      WOUND HAEMORRHAGE                                                   hierarchical n         n            0       0        <fn>    <NULL>  <NULL> stat_1    
3053 TRT01A Placebo              AESOC  VASCULAR DISORDERS                                                  AEDECOD                      WOUND HAEMORRHAGE                                                   hierarchical N         N           86       86       <fn>    <NULL>  <NULL> stat_1    
3054 TRT01A Placebo              AESOC  VASCULAR DISORDERS                                                  AEDECOD                      WOUND HAEMORRHAGE                                                   hierarchical p         %            0       0        <fn>    <NULL>  <NULL> stat_1    
3055 TRT01A Total                AESOC  VASCULAR DISORDERS                                                  AEDECOD                      WOUND HAEMORRHAGE                                                   hierarchical n         n            1       1        <fn>    <NULL>  <NULL> stat_2    
3056 TRT01A Total                AESOC  VASCULAR DISORDERS                                                  AEDECOD                      WOUND HAEMORRHAGE                                                   hierarchical N         N          306       306      <fn>    <NULL>  <NULL> stat_2    
3057 TRT01A Total                AESOC  VASCULAR DISORDERS                                                  AEDECOD                      WOUND HAEMORRHAGE                                                   hierarchical p         %            0.00327 0.3      <fn>    <NULL>  <NULL> stat_2    
3058 TRT01A Xanomeline High Dose AESOC  VASCULAR DISORDERS                                                  AEDECOD                      WOUND HAEMORRHAGE                                                   hierarchical n         n            1       1        <fn>    <NULL>  <NULL> stat_3    
3059 TRT01A Xanomeline High Dose AESOC  VASCULAR DISORDERS                                                  AEDECOD                      WOUND HAEMORRHAGE                                                   hierarchical N         N           72       72       <fn>    <NULL>  <NULL> stat_3    
3060 TRT01A Xanomeline High Dose AESOC  VASCULAR DISORDERS                                                  AEDECOD                      WOUND HAEMORRHAGE                                                   hierarchical p         %            0.0139  1.4      <fn>    <NULL>  <NULL> stat_3    
3061 TRT01A Xanomeline Low Dose  AESOC  VASCULAR DISORDERS                                                  AEDECOD                      WOUND HAEMORRHAGE                                                   hierarchical n         n            0       0        <fn>    <NULL>  <NULL> stat_4    
3062 TRT01A Xanomeline Low Dose  AESOC  VASCULAR DISORDERS                                                  AEDECOD                      WOUND HAEMORRHAGE                                                   hierarchical N         N           96       96       <fn>    <NULL>  <NULL> stat_4    
3063 TRT01A Xanomeline Low Dose  AESOC  VASCULAR DISORDERS                                                  AEDECOD                      WOUND HAEMORRHAGE                                                   hierarchical p         %            0       0        <fn>    <NULL>  <NULL> stat_4    

AE summary Table program completed
